obsnme,obsval,weight,obgnme
mw1_1,0.0005056,100.0,conc
mw1_2,0.0049999,100.0,conc
mw1_3,-0.009957,100.0,conc
mw1_4,0.0069443,100.0,conc
mw1_5,-0.0041542,100.0,conc
mw1_6,-0.01576,100.0,conc
mw1_7,-0.0062549,100.0,conc
mw1_8,0.0065042,100.0,conc
mw1_9,0.0044227,100.0,conc
mw1_10,-0.0093245,100.0,conc
mw1_11,0.0101,100.0,conc
mw1_12,0.0058052,100.0,conc
mw1_13,0.015048,100.0,conc
mw1_14,0.01991,100.0,conc
mw1_15,0.012798,100.0,conc
mw1_16,0.037902,100.0,conc
mw1_17,0.040769,100.0,conc
mw1_18,0.077245,100.0,conc
mw1_19,0.086399,100.0,conc
mw1_20,0.09933,100.0,conc
mw1_21,0.11081,100.0,conc
mw1_22,0.14472,100.0,conc
mw1_23,0.1707,100.0,conc
mw1_24,0.18296,100.0,conc
mw1_25,0.24385,100.0,conc
mw1_26,0.25241,100.0,conc
mw1_27,0.29219,100.0,conc
mw1_28,0.29062,100.0,conc
mw1_29,0.34404,100.0,conc
mw1_30,0.33929,100.0,conc
mw1_31,0.37076,100.0,conc
mw1_32,0.40613,100.0,conc
mw1_33,0.42364,100.0,conc
mw1_34,0.42103,100.0,conc
mw1_35,0.454,100.0,conc
mw1_36,0.49291,100.0,conc
mw1_37,0.52393,100.0,conc
mw1_38,0.5298,100.0,conc
mw1_39,0.53462,100.0,conc
mw1_40,0.56126,100.0,conc
mw1_41,0.55699,100.0,conc
mw1_42,0.58793,100.0,conc
mw1_43,0.58308,100.0,conc
mw1_44,0.60954,100.0,conc
mw1_45,0.62079,100.0,conc
mw1_46,0.64202,100.0,conc
mw1_47,0.64235,100.0,conc
mw1_48,0.66827,100.0,conc
mw1_49,0.66468,100.0,conc
mw1_50,0.68497,100.0,conc
mw1_51,0.694,100.0,conc
mw1_52,0.67685,100.0,conc
mw1_53,0.7044,100.0,conc
mw1_54,0.71279,100.0,conc
mw1_55,0.71271,100.0,conc
mw1_56,0.73006,100.0,conc
mw1_57,0.72117,100.0,conc
mw1_58,0.74846,100.0,conc
mw1_59,0.75486,100.0,conc
mw1_60,0.75935,100.0,conc
mw1_61,0.78744,100.0,conc
mw1_62,0.77229,100.0,conc
mw1_63,0.77533,100.0,conc
mw1_64,0.77305,100.0,conc
mw1_65,0.78887,100.0,conc
mw1_66,0.78164,100.0,conc
mw1_67,0.8092,100.0,conc
mw1_68,0.79506,100.0,conc
mw1_69,0.80805,100.0,conc
mw1_70,0.83117,100.0,conc
mw1_71,0.82758,100.0,conc
mw1_72,0.82291,100.0,conc
mw1_73,0.8387,100.0,conc
mw1_74,0.82864,100.0,conc
mw1_75,0.84132,100.0,conc
mw1_76,0.83762,100.0,conc
mw1_77,0.83233,100.0,conc
mw1_78,0.84952,100.0,conc
mw1_79,0.8583,100.0,conc
mw1_80,0.84912,100.0,conc
mw1_81,0.84513,100.0,conc
mw1_82,0.85424,100.0,conc
mw1_83,0.83904,100.0,conc
mw1_84,0.85999,100.0,conc
mw1_85,0.85839,100.0,conc
mw1_86,0.8923,100.0,conc
mw1_87,0.86929,100.0,conc
mw1_88,0.86229,100.0,conc
mw1_89,0.88914,100.0,conc
mw1_90,0.88133,100.0,conc
mw1_91,0.88615,100.0,conc
mw1_92,0.89008,100.0,conc
mw1_93,0.89274,100.0,conc
mw1_94,0.88931,100.0,conc
mw1_95,0.90495,100.0,conc
mw1_96,0.90292,100.0,conc
mw1_97,0.89496,100.0,conc
mw1_98,0.90039,100.0,conc
mw1_99,0.89477,100.0,conc
mw1_100,0.90909,100.0,conc
mw2_101,0.0073825,100.0,conc
mw2_102,0.0065075,100.0,conc
mw2_103,0.0061474,100.0,conc
mw2_104,-0.0012657,100.0,conc
mw2_105,0.015789,100.0,conc
mw2_106,-0.0020716,100.0,conc
mw2_107,0.0003012,100.0,conc
mw2_108,-0.0033606,100.0,conc
mw2_109,0.0008151,100.0,conc
mw2_110,-0.0024,100.0,conc
mw2_111,0.020332,100.0,conc
mw2_112,0.0042786,100.0,conc
mw2_113,-0.016792,100.0,conc
mw2_114,-0.0042727,100.0,conc
mw2_115,-0.01405,100.0,conc
mw2_116,0.0089843,100.0,conc
mw2_117,0.014041,100.0,conc
mw2_118,-0.0040541,100.0,conc
mw2_119,0.0068214,100.0,conc
mw2_120,-0.0010971,100.0,conc
mw2_121,0.0055157,100.0,conc
mw2_122,0.019327,100.0,conc
mw2_123,-0.0007579,100.0,conc
mw2_124,-0.0086669,100.0,conc
mw2_125,0.011995,100.0,conc
mw2_126,0.011373,100.0,conc
mw2_127,0.014614,100.0,conc
mw2_128,0.020101,100.0,conc
mw2_129,0.0052965,100.0,conc
mw2_130,-0.0049601,100.0,conc
mw2_131,0.02803,100.0,conc
mw2_132,0.016787,100.0,conc
mw2_133,0.012381,100.0,conc
mw2_134,0.016676,100.0,conc
mw2_135,0.043857,100.0,conc
mw2_136,0.03889,100.0,conc
mw2_137,0.044899,100.0,conc
mw2_138,0.055419,100.0,conc
mw2_139,0.045426,100.0,conc
mw2_140,0.046436,100.0,conc
mw2_141,0.054837,100.0,conc
mw2_142,0.058166,100.0,conc
mw2_143,0.072286,100.0,conc
mw2_144,0.07239,100.0,conc
mw2_145,0.087884,100.0,conc
mw2_146,0.088961,100.0,conc
mw2_147,0.09929,100.0,conc
mw2_148,0.11295,100.0,conc
mw2_149,0.12684,100.0,conc
mw2_150,0.13476,100.0,conc
mw2_151,0.12671,100.0,conc
mw2_152,0.13401,100.0,conc
mw2_153,0.1331,100.0,conc
mw2_154,0.15448,100.0,conc
mw2_155,0.16592,100.0,conc
mw2_156,0.15076,100.0,conc
mw2_157,0.17037,100.0,conc
mw2_158,0.16538,100.0,conc
mw2_159,0.17282,100.0,conc
mw2_160,0.18214,100.0,conc
mw2_161,0.18195,100.0,conc
mw2_162,0.20047,100.0,conc
mw2_163,0.18202,100.0,conc
mw2_164,0.19539,100.0,conc
mw2_165,0.2064,100.0,conc
mw2_166,0.20228,100.0,conc
mw2_167,0.22138,100.0,conc
mw2_168,0.20755,100.0,conc
mw2_169,0.22808,100.0,conc
mw2_170,0.21785,100.0,conc
mw2_171,0.23543,100.0,conc
mw2_172,0.24648,100.0,conc
mw2_173,0.26786,100.0,conc
mw2_174,0.26093,100.0,conc
mw2_175,0.27056,100.0,conc
mw2_176,0.25921,100.0,conc
mw2_177,0.28375,100.0,conc
mw2_178,0.26415,100.0,conc
mw2_179,0.26793,100.0,conc
mw2_180,0.26144,100.0,conc
mw2_181,0.28021,100.0,conc
mw2_182,0.29218,100.0,conc
mw2_183,0.27889,100.0,conc
mw2_184,0.28503,100.0,conc
mw2_185,0.28755,100.0,conc
mw2_186,0.29227,100.0,conc
mw2_187,0.29301,100.0,conc
mw2_188,0.28867,100.0,conc
mw2_189,0.3192,100.0,conc
mw2_190,0.28883,100.0,conc
mw2_191,0.30239,100.0,conc
mw2_192,0.31816,100.0,conc
mw2_193,0.32785,100.0,conc
mw2_194,0.31861,100.0,conc
mw2_195,0.3208,100.0,conc
mw2_196,0.32701,100.0,conc
mw2_197,0.32676,100.0,conc
mw2_198,0.34095,100.0,conc
mw2_199,0.33013,100.0,conc
mw2_200,0.32786,100.0,conc
mw3_201,-0.0047266,100.0,conc
mw3_202,0.0009632,100.0,conc
mw3_203,0.012295,100.0,conc
mw3_204,0.01601,100.0,conc
mw3_205,-0.0039548,100.0,conc
mw3_206,-0.014524,100.0,conc
mw3_207,-0.013528,100.0,conc
mw3_208,0.02199,100.0,conc
mw3_209,-0.0024401,100.0,conc
mw3_210,0.0077248,100.0,conc
mw3_211,0.024952,100.0,conc
mw3_212,0.0031277,100.0,conc
mw3_213,0.014113,100.0,conc
mw3_214,0.018799,100.0,conc
mw3_215,0.024951,100.0,conc
mw3_216,0.058173,100.0,conc
mw3_217,0.078089,100.0,conc
mw3_218,0.068797,100.0,conc
mw3_219,0.12,100.0,conc
mw3_220,0.1326,100.0,conc
mw3_221,0.1632,100.0,conc
mw3_222,0.19085,100.0,conc
mw3_223,0.2039,100.0,conc
mw3_224,0.24206,100.0,conc
mw3_225,0.26315,100.0,conc
mw3_226,0.31944,100.0,conc
mw3_227,0.34845,100.0,conc
mw3_228,0.35259,100.0,conc
mw3_229,0.36385,100.0,conc
mw3_230,0.4097,100.0,conc
mw3_231,0.41727,100.0,conc
mw3_232,0.45621,100.0,conc
mw3_233,0.47661,100.0,conc
mw3_234,0.49034,100.0,conc
mw3_235,0.48481,100.0,conc
mw3_236,0.49332,100.0,conc
mw3_237,0.51057,100.0,conc
mw3_238,0.52941,100.0,conc
mw3_239,0.53351,100.0,conc
mw3_240,0.56628,100.0,conc
mw3_241,0.57177,100.0,conc
mw3_242,0.57501,100.0,conc
mw3_243,0.58084,100.0,conc
mw3_244,0.60024,100.0,conc
mw3_245,0.6159,100.0,conc
mw3_246,0.59072,100.0,conc
mw3_247,0.61984,100.0,conc
mw3_248,0.62161,100.0,conc
mw3_249,0.62393,100.0,conc
mw3_250,0.63442,100.0,conc
mw3_251,0.64536,100.0,conc
mw3_252,0.66864,100.0,conc
mw3_253,0.65621,100.0,conc
mw3_254,0.65682,100.0,conc
mw3_255,0.65415,100.0,conc
mw3_256,0.67927,100.0,conc
mw3_257,0.66896,100.0,conc
mw3_258,0.68014,100.0,conc
mw3_259,0.69306,100.0,conc
mw3_260,0.69098,100.0,conc
mw3_261,0.69101,100.0,conc
mw3_262,0.69742,100.0,conc
mw3_263,0.71225,100.0,conc
mw3_264,0.70706,100.0,conc
mw3_265,0.71358,100.0,conc
mw3_266,0.71918,100.0,conc
mw3_267,0.71532,100.0,conc
mw3_268,0.7256,100.0,conc
mw3_269,0.72313,100.0,conc
mw3_270,0.74076,100.0,conc
mw3_271,0.73789,100.0,conc
mw3_272,0.71896,100.0,conc
mw3_273,0.73752,100.0,conc
mw3_274,0.75395,100.0,conc
mw3_275,0.74394,100.0,conc
mw3_276,0.74499,100.0,conc
mw3_277,0.76225,100.0,conc
mw3_278,0.74451,100.0,conc
mw3_279,0.75896,100.0,conc
mw3_280,0.76713,100.0,conc
mw3_281,0.7726,100.0,conc
mw3_282,0.75655,100.0,conc
mw3_283,0.75716,100.0,conc
mw3_284,0.78725,100.0,conc
mw3_285,0.76715,100.0,conc
mw3_286,0.7766,100.0,conc
mw3_287,0.80432,100.0,conc
mw3_288,0.77783,100.0,conc
mw3_289,0.76287,100.0,conc
mw3_290,0.81512,100.0,conc
mw3_291,0.79969,100.0,conc
mw3_292,0.79541,100.0,conc
mw3_293,0.82181,100.0,conc
mw3_294,0.79545,100.0,conc
mw3_295,0.81279,100.0,conc
mw3_296,0.80053,100.0,conc
mw3_297,0.79968,100.0,conc
mw3_298,0.81077,100.0,conc
mw3_299,0.81523,100.0,conc
mw3_300,0.82113,100.0,conc
mw4_301,0.011945,100.0,conc
mw4_302,-0.0049872,100.0,conc
mw4_303,-0.0008074,100.0,conc
mw4_304,0.019379,100.0,conc
mw4_305,0.0060884,100.0,conc
mw4_306,0.0009754,100.0,conc
mw4_307,0.013474,100.0,conc
mw4_308,0.014002,100.0,conc
mw4_309,0.0129,100.0,conc
mw4_310,-0.0054613,100.0,conc
mw4_311,-0.0038468,100.0,conc
mw4_312,0.0075233,100.0,conc
mw4_313,0.011927,100.0,conc
mw4_314,-0.011945,100.0,conc
mw4_315,-0.0045402,100.0,conc
mw4_316,-0.0022805,100.0,conc
mw4_317,0.010099,100.0,conc
mw4_318,-0.01079,100.0,conc
mw4_319,0.027111,100.0,conc
mw4_320,0.000992,100.0,conc
mw4_321,0.0063343,100.0,conc
mw4_322,0.02249,100.0,conc
mw4_323,0.006561,100.0,conc
mw4_324,0.0079245,100.0,conc
mw4_325,-0.0012102,100.0,conc
mw4_326,0.0054375,100.0,conc
mw4_327,-0.0095868,100.0,conc
mw4_328,0.0004934,100.0,conc
mw4_329,0.0019788,100.0,conc
mw4_330,-0.0078648,100.0,conc
mw4_331,0.012619,100.0,conc
mw4_332,0.0076999,100.0,conc
mw4_333,-0.014688,100.0,conc
mw4_334,0.012677,100.0,conc
mw4_335,-0.0034639,100.0,conc
mw4_336,0.012775,100.0,conc
mw4_337,0.0002669,100.0,conc
mw4_338,0.0062047,100.0,conc
mw4_339,0.01567,100.0,conc
mw4_340,0.032761,100.0,conc
mw4_341,0.0003483,100.0,conc
mw4_342,0.014299,100.0,conc
mw4_343,0.016862,100.0,conc
mw4_344,0.033938,100.0,conc
mw4_345,0.023506,100.0,conc
mw4_346,0.033291,100.0,conc
mw4_347,0.045836,100.0,conc
mw4_348,0.043774,100.0,conc
mw4_349,0.035766,100.0,conc
mw4_350,0.039621,100.0,conc
mw4_351,0.045504,100.0,conc
mw4_352,0.054132,100.0,conc
mw4_353,0.048602,100.0,conc
mw4_354,0.061397,100.0,conc
mw4_355,0.072633,100.0,conc
mw4_356,0.067276,100.0,conc
mw4_357,0.072404,100.0,conc
mw4_358,0.08539,100.0,conc
mw4_359,0.096009,100.0,conc
mw4_360,0.080215,100.0,conc
mw4_361,0.089447,100.0,conc
mw4_362,0.11792,100.0,conc
mw4_363,0.1107,100.0,conc
mw4_364,0.10586,100.0,conc
mw4_365,0.12404,100.0,conc
mw4_366,0.1447,100.0,conc
mw4_367,0.12878,100.0,conc
mw4_368,0.13147,100.0,conc
mw4_369,0.14471,100.0,conc
mw4_370,0.16928,100.0,conc
mw4_371,0.15296,100.0,conc
mw4_372,0.17101,100.0,conc
mw4_373,0.18193,100.0,conc
mw4_374,0.18425,100.0,conc
mw4_375,0.18081,100.0,conc
mw4_376,0.19688,100.0,conc
mw4_377,0.19819,100.0,conc
mw4_378,0.21073,100.0,conc
mw4_379,0.21262,100.0,conc
mw4_380,0.21617,100.0,conc
mw4_381,0.20341,100.0,conc
mw4_382,0.23304,100.0,conc
mw4_383,0.23141,100.0,conc
mw4_384,0.21822,100.0,conc
mw4_385,0.24493,100.0,conc
mw4_386,0.2547,100.0,conc
mw4_387,0.25687,100.0,conc
mw4_388,0.23993,100.0,conc
mw4_389,0.26328,100.0,conc
mw4_390,0.26706,100.0,conc
mw4_391,0.27966,100.0,conc
mw4_392,0.26602,100.0,conc
mw4_393,0.29788,100.0,conc
mw4_394,0.30651,100.0,conc
mw4_395,0.31302,100.0,conc
mw4_396,0.31283,100.0,conc
mw4_397,0.31847,100.0,conc
mw4_398,0.33559,100.0,conc
mw4_399,0.33615,100.0,conc
mw4_400,0.33355,100.0,conc
mw5_401,0.0030101,100.0,conc
mw5_402,0.006992,100.0,conc
mw5_403,0.012232,100.0,conc
mw5_404,0.0055887,100.0,conc
mw5_405,-0.0051728,100.0,conc
mw5_406,0.0015271,100.0,conc
mw5_407,0.015632,100.0,conc
mw5_408,0.028046,100.0,conc
mw5_409,0.052217,100.0,conc
mw5_410,0.0465,100.0,conc
mw5_411,0.087222,100.0,conc
mw5_412,0.11742,100.0,conc
mw5_413,0.1785,100.0,conc
mw5_414,0.21748,100.0,conc
mw5_415,0.25711,100.0,conc
mw5_416,0.3065,100.0,conc
mw5_417,0.33718,100.0,conc
mw5_418,0.39126,100.0,conc
mw5_419,0.4281,100.0,conc
mw5_420,0.46768,100.0,conc
mw5_421,0.50159,100.0,conc
mw5_422,0.54511,100.0,conc
mw5_423,0.57656,100.0,conc
mw5_424,0.58009,100.0,conc
mw5_425,0.61535,100.0,conc
mw5_426,0.64578,100.0,conc
mw5_427,0.6731,100.0,conc
mw5_428,0.67203,100.0,conc
mw5_429,0.69766,100.0,conc
mw5_430,0.72094,100.0,conc
mw5_431,0.75703,100.0,conc
mw5_432,0.74533,100.0,conc
mw5_433,0.76309,100.0,conc
mw5_434,0.77858,100.0,conc
mw5_435,0.78882,100.0,conc
mw5_436,0.80147,100.0,conc
mw5_437,0.80893,100.0,conc
mw5_438,0.81592,100.0,conc
mw5_439,0.82851,100.0,conc
mw5_440,0.83575,100.0,conc
mw5_441,0.84355,100.0,conc
mw5_442,0.8501,100.0,conc
mw5_443,0.84043,100.0,conc
mw5_444,0.85923,100.0,conc
mw5_445,0.86415,100.0,conc
mw5_446,0.8752,100.0,conc
mw5_447,0.87882,100.0,conc
mw5_448,0.89162,100.0,conc
mw5_449,0.87234,100.0,conc
mw5_450,0.88272,100.0,conc
mw5_451,0.88974,100.0,conc
mw5_452,0.88473,100.0,conc
mw5_453,0.89152,100.0,conc
mw5_454,0.89357,100.0,conc
mw5_455,0.89539,100.0,conc
mw5_456,0.92544,100.0,conc
mw5_457,0.90474,100.0,conc
mw5_458,0.92259,100.0,conc
mw5_459,0.90189,100.0,conc
mw5_460,0.91543,100.0,conc
mw5_461,0.90855,100.0,conc
mw5_462,0.92026,100.0,conc
mw5_463,0.93544,100.0,conc
mw5_464,0.9401,100.0,conc
mw5_465,0.93076,100.0,conc
mw5_466,0.92901,100.0,conc
mw5_467,0.92624,100.0,conc
mw5_468,0.9317,100.0,conc
mw5_469,0.94303,100.0,conc
mw5_470,0.91487,100.0,conc
mw5_471,0.92939,100.0,conc
mw5_472,0.92421,100.0,conc
mw5_473,0.94516,100.0,conc
mw5_474,0.92424,100.0,conc
mw5_475,0.94607,100.0,conc
mw5_476,0.92761,100.0,conc
mw5_477,0.92956,100.0,conc
mw5_478,0.9562,100.0,conc
mw5_479,0.95257,100.0,conc
mw5_480,0.93469,100.0,conc
mw5_481,0.92743,100.0,conc
mw5_482,0.93631,100.0,conc
mw5_483,0.95243,100.0,conc
mw5_484,0.94727,100.0,conc
mw5_485,0.93918,100.0,conc
mw5_486,0.95472,100.0,conc
mw5_487,0.96385,100.0,conc
mw5_488,0.93997,100.0,conc
mw5_489,0.95115,100.0,conc
mw5_490,0.94481,100.0,conc
mw5_491,0.96436,100.0,conc
mw5_492,0.95543,100.0,conc
mw5_493,0.9486,100.0,conc
mw5_494,0.93947,100.0,conc
mw5_495,0.96337,100.0,conc
mw5_496,0.95436,100.0,conc
mw5_497,0.95919,100.0,conc
mw5_498,0.9567,100.0,conc
mw5_499,0.96315,100.0,conc
mw5_500,0.94261,100.0,conc
mw6_501,-0.0078436,100.0,conc
mw6_502,0.0035652,100.0,conc
mw6_503,0.018159,100.0,conc
mw6_504,0.0033837,100.0,conc
mw6_505,-0.0004906,100.0,conc
mw6_506,-0.006088,100.0,conc
mw6_507,-0.0063794,100.0,conc
mw6_508,-0.0019011,100.0,conc
mw6_509,-0.0075165,100.0,conc
mw6_510,0.0016156,100.0,conc
mw6_511,0.0006181,100.0,conc
mw6_512,0.02042,100.0,conc
mw6_513,7.42e-05,100.0,conc
mw6_514,0.012364,100.0,conc
mw6_515,-0.0021913,100.0,conc
mw6_516,0.01221,100.0,conc
mw6_517,0.027981,100.0,conc
mw6_518,-0.0004785,100.0,conc
mw6_519,-0.0045658,100.0,conc
mw6_520,0.019533,100.0,conc
mw6_521,0.012124,100.0,conc
mw6_522,0.012072,100.0,conc
mw6_523,0.022729,100.0,conc
mw6_524,0.025518,100.0,conc
mw6_525,0.039949,100.0,conc
mw6_526,0.03762,100.0,conc
mw6_527,0.034445,100.0,conc
mw6_528,0.036582,100.0,conc
mw6_529,0.038823,100.0,conc
mw6_530,0.054157,100.0,conc
mw6_531,0.085363,100.0,conc
mw6_532,0.070518,100.0,conc
mw6_533,0.095793,100.0,conc
mw6_534,0.11871,100.0,conc
mw6_535,0.12476,100.0,conc
mw6_536,0.14759,100.0,conc
mw6_537,0.1542,100.0,conc
mw6_538,0.17761,100.0,conc
mw6_539,0.17217,100.0,conc
mw6_540,0.18578,100.0,conc
mw6_541,0.2297,100.0,conc
mw6_542,0.2302,100.0,conc
mw6_543,0.2441,100.0,conc
mw6_544,0.25396,100.0,conc
mw6_545,0.29165,100.0,conc
mw6_546,0.29659,100.0,conc
mw6_547,0.31244,100.0,conc
mw6_548,0.31653,100.0,conc
mw6_549,0.33885,100.0,conc
mw6_550,0.3485,100.0,conc
mw6_551,0.36607,100.0,conc
mw6_552,0.38419,100.0,conc
mw6_553,0.38947,100.0,conc
mw6_554,0.3993,100.0,conc
mw6_555,0.42816,100.0,conc
mw6_556,0.4226,100.0,conc
mw6_557,0.45841,100.0,conc
mw6_558,0.47128,100.0,conc
mw6_559,0.45344,100.0,conc
mw6_560,0.49399,100.0,conc
mw6_561,0.48029,100.0,conc
mw6_562,0.51154,100.0,conc
mw6_563,0.50256,100.0,conc
mw6_564,0.52531,100.0,conc
mw6_565,0.51648,100.0,conc
mw6_566,0.54203,100.0,conc
mw6_567,0.54509,100.0,conc
mw6_568,0.56833,100.0,conc
mw6_569,0.56818,100.0,conc
mw6_570,0.55967,100.0,conc
mw6_571,0.5793,100.0,conc
mw6_572,0.57688,100.0,conc
mw6_573,0.59263,100.0,conc
mw6_574,0.61313,100.0,conc
mw6_575,0.62033,100.0,conc
mw6_576,0.61312,100.0,conc
mw6_577,0.60999,100.0,conc
mw6_578,0.62525,100.0,conc
mw6_579,0.65142,100.0,conc
mw6_580,0.63564,100.0,conc
mw6_581,0.62851,100.0,conc
mw6_582,0.63512,100.0,conc
mw6_583,0.64281,100.0,conc
mw6_584,0.67105,100.0,conc
mw6_585,0.66251,100.0,conc
mw6_586,0.66398,100.0,conc
mw6_587,0.68024,100.0,conc
mw6_588,0.6916,100.0,conc
mw6_589,0.68572,100.0,conc
mw6_590,0.68437,100.0,conc
mw6_591,0.69946,100.0,conc
mw6_592,0.71042,100.0,conc
mw6_593,0.69078,100.0,conc
mw6_594,0.69809,100.0,conc
mw6_595,0.73653,100.0,conc
mw6_596,0.72571,100.0,conc
mw6_597,0.72963,100.0,conc
mw6_598,0.71676,100.0,conc
mw6_599,0.72532,100.0,conc
mw6_600,0.73693,100.0,conc
mw7_601,0.01278,100.0,conc
mw7_602,0.0013045,100.0,conc
mw7_603,-0.015502,100.0,conc
mw7_604,0.016573,100.0,conc
mw7_605,0.018875,100.0,conc
mw7_606,0.015815,100.0,conc
mw7_607,0.0036686,100.0,conc
mw7_608,0.020373,100.0,conc
mw7_609,0.04211,100.0,conc
mw7_610,0.070359,100.0,conc
mw7_611,0.11751,100.0,conc
mw7_612,0.12245,100.0,conc
mw7_613,0.16951,100.0,conc
mw7_614,0.22041,100.0,conc
mw7_615,0.26078,100.0,conc
mw7_616,0.3079,100.0,conc
mw7_617,0.34435,100.0,conc
mw7_618,0.40433,100.0,conc
mw7_619,0.44363,100.0,conc
mw7_620,0.48925,100.0,conc
mw7_621,0.53482,100.0,conc
mw7_622,0.55848,100.0,conc
mw7_623,0.59267,100.0,conc
mw7_624,0.62667,100.0,conc
mw7_625,0.64709,100.0,conc
mw7_626,0.67865,100.0,conc
mw7_627,0.68224,100.0,conc
mw7_628,0.71179,100.0,conc
mw7_629,0.74423,100.0,conc
mw7_630,0.75823,100.0,conc
mw7_631,0.77987,100.0,conc
mw7_632,0.77258,100.0,conc
mw7_633,0.79299,100.0,conc
mw7_634,0.80834,100.0,conc
mw7_635,0.81805,100.0,conc
mw7_636,0.826,100.0,conc
mw7_637,0.85085,100.0,conc
mw7_638,0.8403,100.0,conc
mw7_639,0.8492,100.0,conc
mw7_640,0.86441,100.0,conc
mw7_641,0.87045,100.0,conc
mw7_642,0.87288,100.0,conc
mw7_643,0.89332,100.0,conc
mw7_644,0.88739,100.0,conc
mw7_645,0.88408,100.0,conc
mw7_646,0.88117,100.0,conc
mw7_647,0.90688,100.0,conc
mw7_648,0.89243,100.0,conc
mw7_649,0.90605,100.0,conc
mw7_650,0.90042,100.0,conc
mw7_651,0.92971,100.0,conc
mw7_652,0.91912,100.0,conc
mw7_653,0.89743,100.0,conc
mw7_654,0.92044,100.0,conc
mw7_655,0.90656,100.0,conc
mw7_656,0.91714,100.0,conc
mw7_657,0.93305,100.0,conc
mw7_658,0.91454,100.0,conc
mw7_659,0.93272,100.0,conc
mw7_660,0.93077,100.0,conc
mw7_661,0.9409,100.0,conc
mw7_662,0.92569,100.0,conc
mw7_663,0.94318,100.0,conc
mw7_664,0.93519,100.0,conc
mw7_665,0.95054,100.0,conc
mw7_666,0.94234,100.0,conc
mw7_667,0.94989,100.0,conc
mw7_668,0.95808,100.0,conc
mw7_669,0.95699,100.0,conc
mw7_670,0.94717,100.0,conc
mw7_671,0.95569,100.0,conc
mw7_672,0.94991,100.0,conc
mw7_673,0.95527,100.0,conc
mw7_674,0.96823,100.0,conc
mw7_675,0.94474,100.0,conc
mw7_676,0.94255,100.0,conc
mw7_677,0.95999,100.0,conc
mw7_678,0.95062,100.0,conc
mw7_679,0.96929,100.0,conc
mw7_680,0.96647,100.0,conc
mw7_681,0.96505,100.0,conc
mw7_682,0.9595,100.0,conc
mw7_683,0.95589,100.0,conc
mw7_684,0.95254,100.0,conc
mw7_685,0.95655,100.0,conc
mw7_686,0.96242,100.0,conc
mw7_687,0.95396,100.0,conc
mw7_688,0.97419,100.0,conc
mw7_689,0.97103,100.0,conc
mw7_690,0.95242,100.0,conc
mw7_691,0.93931,100.0,conc
mw7_692,0.97748,100.0,conc
mw7_693,0.95515,100.0,conc
mw7_694,0.93916,100.0,conc
mw7_695,0.95187,100.0,conc
mw7_696,0.97089,100.0,conc
mw7_697,0.98276,100.0,conc
mw7_698,0.97906,100.0,conc
mw7_699,0.98496,100.0,conc
mw7_700,0.98852,100.0,conc
mw8_701,0.018394,100.0,conc
mw8_702,-0.0095454,100.0,conc
mw8_703,-0.0019548,100.0,conc
mw8_704,-0.0062119,100.0,conc
mw8_705,0.0005386,100.0,conc
mw8_706,-0.0034816,100.0,conc
mw8_707,0.0026195,100.0,conc
mw8_708,0.018152,100.0,conc
mw8_709,-0.0070196,100.0,conc
mw8_710,0.0073567,100.0,conc
mw8_711,-0.0096254,100.0,conc
mw8_712,-0.012814,100.0,conc
mw8_713,0.010056,100.0,conc
mw8_714,-0.0013574,100.0,conc
mw8_715,0.0007072,100.0,conc
mw8_716,0.014373,100.0,conc
mw8_717,-0.013186,100.0,conc
mw8_718,0.0007637,100.0,conc
mw8_719,0.014557,100.0,conc
mw8_720,-0.010209,100.0,conc
mw8_721,0.0025925,100.0,conc
mw8_722,0.0092315,100.0,conc
mw8_723,0.0092485,100.0,conc
mw8_724,0.0067213,100.0,conc
mw8_725,0.0097227,100.0,conc
mw8_726,0.0048437,100.0,conc
mw8_727,0.0078541,100.0,conc
mw8_728,0.0038691,100.0,conc
mw8_729,-0.0088904,100.0,conc
mw8_730,0.0011764,100.0,conc
mw8_731,-0.0010429,100.0,conc
mw8_732,0.011328,100.0,conc
mw8_733,0.0051196,100.0,conc
mw8_734,0.0052098,100.0,conc
mw8_735,0.0019616,100.0,conc
mw8_736,0.0066409,100.0,conc
mw8_737,-0.0052853,100.0,conc
mw8_738,0.0028742,100.0,conc
mw8_739,-0.0066448,100.0,conc
mw8_740,-0.0033342,100.0,conc
mw8_741,-0.01092,100.0,conc
mw8_742,0.02215,100.0,conc
mw8_743,0.0061431,100.0,conc
mw8_744,-0.0092928,100.0,conc
mw8_745,-0.0035366,100.0,conc
mw8_746,0.0035142,100.0,conc
mw8_747,-0.0042648,100.0,conc
mw8_748,0.0074805,100.0,conc
mw8_749,0.0045123,100.0,conc
mw8_750,0.011482,100.0,conc
mw8_751,-0.027879,100.0,conc
mw8_752,0.007607,100.0,conc
mw8_753,0.0024594,100.0,conc
mw8_754,0.010071,100.0,conc
mw8_755,-0.0054427,100.0,conc
mw8_756,-0.0071478,100.0,conc
mw8_757,-0.011103,100.0,conc
mw8_758,0.0047853,100.0,conc
mw8_759,0.0017288,100.0,conc
mw8_760,-0.016722,100.0,conc
mw8_761,-0.0054797,100.0,conc
mw8_762,-0.0001463,100.0,conc
mw8_763,-0.011718,100.0,conc
mw8_764,-0.003554,100.0,conc
mw8_765,-0.0009439,100.0,conc
mw8_766,-0.0055588,100.0,conc
mw8_767,-0.016017,100.0,conc
mw8_768,0.011437,100.0,conc
mw8_769,0.0025334,100.0,conc
mw8_770,0.0034984,100.0,conc
mw8_771,-0.0056257,100.0,conc
mw8_772,0.0018129,100.0,conc
mw8_773,-0.0066382,100.0,conc
mw8_774,-0.001126,100.0,conc
mw8_775,0.0014362,100.0,conc
mw8_776,0.0058637,100.0,conc
mw8_777,-0.005715,100.0,conc
mw8_778,-0.0075408,100.0,conc
mw8_779,0.012443,100.0,conc
mw8_780,-0.01363,100.0,conc
mw8_781,0.0020106,100.0,conc
mw8_782,-0.0009791,100.0,conc
mw8_783,0.0068544,100.0,conc
mw8_784,-0.0041773,100.0,conc
mw8_785,-0.010121,100.0,conc
mw8_786,0.0012379,100.0,conc
mw8_787,-0.013312,100.0,conc
mw8_788,-0.010365,100.0,conc
mw8_789,-0.0001984,100.0,conc
mw8_790,0.001201,100.0,conc
mw8_791,-0.014391,100.0,conc
mw8_792,0.012533,100.0,conc
mw8_793,-0.0003682,100.0,conc
mw8_794,0.012269,100.0,conc
mw8_795,0.010971,100.0,conc
mw8_796,0.0005943,100.0,conc
mw8_797,-0.003945,100.0,conc
mw8_798,-0.013931,100.0,conc
mw8_799,0.0099302,100.0,conc
mw8_800,0.0153,100.0,conc
mw9_801,0.0016955,100.0,conc
mw9_802,0.0006433,100.0,conc
mw9_803,-0.0088441,100.0,conc
mw9_804,-0.0099463,100.0,conc
mw9_805,-0.0009922,100.0,conc
mw9_806,0.012096,100.0,conc
mw9_807,-0.0026185,100.0,conc
mw9_808,0.0087571,100.0,conc
mw9_809,0.004033,100.0,conc
mw9_810,-0.0009754,100.0,conc
mw9_811,-0.0081171,100.0,conc
mw9_812,-0.003547,100.0,conc
mw9_813,-0.011701,100.0,conc
mw9_814,0.0085563,100.0,conc
mw9_815,0.0051167,100.0,conc
mw9_816,-0.009434,100.0,conc
mw9_817,-0.0065059,100.0,conc
mw9_818,-0.012786,100.0,conc
mw9_819,0.0016999,100.0,conc
mw9_820,0.0061285,100.0,conc
mw9_821,-0.0086016,100.0,conc
mw9_822,-0.0041012,100.0,conc
mw9_823,0.0039515,100.0,conc
mw9_824,-0.016081,100.0,conc
mw9_825,0.0025568,100.0,conc
mw9_826,0.015735,100.0,conc
mw9_827,0.016317,100.0,conc
mw9_828,-0.0010229,100.0,conc
mw9_829,-0.0001779,100.0,conc
mw9_830,0.0076962,100.0,conc
mw9_831,0.0069395,100.0,conc
mw9_832,0.014862,100.0,conc
mw9_833,0.002911,100.0,conc
mw9_834,0.0038216,100.0,conc
mw9_835,0.0037822,100.0,conc
mw9_836,0.017212,100.0,conc
mw9_837,-0.0085913,100.0,conc
mw9_838,0.013373,100.0,conc
mw9_839,0.0033256,100.0,conc
mw9_840,0.0039055,100.0,conc
mw9_841,-0.0070446,100.0,conc
mw9_842,0.0007552,100.0,conc
mw9_843,-0.0075935,100.0,conc
mw9_844,-0.024255,100.0,conc
mw9_845,0.0035238,100.0,conc
mw9_846,-0.011977,100.0,conc
mw9_847,0.0017038,100.0,conc
mw9_848,-0.011616,100.0,conc
mw9_849,-0.0024094,100.0,conc
mw9_850,-0.0027612,100.0,conc
mw9_851,-0.015755,100.0,conc
mw9_852,0.0012895,100.0,conc
mw9_853,-0.004687,100.0,conc
mw9_854,-0.022235,100.0,conc
mw9_855,0.018986,100.0,conc
mw9_856,0.005982,100.0,conc
mw9_857,0.004709,100.0,conc
mw9_858,0.0015207,100.0,conc
mw9_859,0.0094451,100.0,conc
mw9_860,-0.0035922,100.0,conc
mw9_861,0.0082898,100.0,conc
mw9_862,0.010499,100.0,conc
mw9_863,-0.0036923,100.0,conc
mw9_864,0.0016629,100.0,conc
mw9_865,0.0027055,100.0,conc
mw9_866,-0.013247,100.0,conc
mw9_867,0.0047168,100.0,conc
mw9_868,0.0005529,100.0,conc
mw9_869,0.01319,100.0,conc
mw9_870,0.0027913,100.0,conc
mw9_871,-0.0074169,100.0,conc
mw9_872,0.0023773,100.0,conc
mw9_873,-0.0039804,100.0,conc
mw9_874,-0.021998,100.0,conc
mw9_875,-0.00113,100.0,conc
mw9_876,-0.011684,100.0,conc
mw9_877,0.013265,100.0,conc
mw9_878,0.0039103,100.0,conc
mw9_879,0.0093296,100.0,conc
mw9_880,0.0042142,100.0,conc
mw9_881,-0.0012587,100.0,conc
mw9_882,0.0074671,100.0,conc
mw9_883,-0.014327,100.0,conc
mw9_884,0.0084396,100.0,conc
mw9_885,-0.0006365,100.0,conc
mw9_886,-0.018745,100.0,conc
mw9_887,-0.0009704,100.0,conc
mw9_888,0.0064796,100.0,conc
mw9_889,-0.0040511,100.0,conc
mw9_890,0.014082,100.0,conc
mw9_891,0.013211,100.0,conc
mw9_892,-0.0052778,100.0,conc
mw9_893,-0.0068231,100.0,conc
mw9_894,-0.0015358,100.0,conc
mw9_895,-0.0039922,100.0,conc
mw9_896,0.0076859,100.0,conc
mw9_897,0.011351,100.0,conc
mw9_898,0.0070923,100.0,conc
mw9_899,0.0073852,100.0,conc
mw9_900,0.0001575,100.0,conc
mw10_901,-0.0005705,100.0,conc
mw10_902,-0.0060527,100.0,conc
mw10_903,0.023604,100.0,conc
mw10_904,0.009695,100.0,conc
mw10_905,0.0065361,100.0,conc
mw10_906,-0.0057683,100.0,conc
mw10_907,-0.014179,100.0,conc
mw10_908,-0.006731,100.0,conc
mw10_909,-0.0035662,100.0,conc
mw10_910,-0.0028948,100.0,conc
mw10_911,0.0069204,100.0,conc
mw10_912,-0.0031307,100.0,conc
mw10_913,0.0069138,100.0,conc
mw10_914,0.0054951,100.0,conc
mw10_915,0.0073858,100.0,conc
mw10_916,-0.0004402,100.0,conc
mw10_917,0.0083006,100.0,conc
mw10_918,0.0021432,100.0,conc
mw10_919,0.0025491,100.0,conc
mw10_920,-0.000945,100.0,conc
mw10_921,-0.0005741,100.0,conc
mw10_922,0.0028715,100.0,conc
mw10_923,0.0073049,100.0,conc
mw10_924,-0.0063109,100.0,conc
mw10_925,-0.0022766,100.0,conc
mw10_926,0.0011799,100.0,conc
mw10_927,0.011606,100.0,conc
mw10_928,0.0007763,100.0,conc
mw10_929,0.0069574,100.0,conc
mw10_930,0.0097149,100.0,conc
mw10_931,0.0009711,100.0,conc
mw10_932,0.016069,100.0,conc
mw10_933,-0.0088311,100.0,conc
mw10_934,-0.012624,100.0,conc
mw10_935,-0.010541,100.0,conc
mw10_936,-0.0075086,100.0,conc
mw10_937,-0.005132,100.0,conc
mw10_938,-0.0021386,100.0,conc
mw10_939,0.0041102,100.0,conc
mw10_940,-0.004097,100.0,conc
mw10_941,-0.0047857,100.0,conc
mw10_942,0.006232,100.0,conc
mw10_943,-0.0012281,100.0,conc
mw10_944,0.0026838,100.0,conc
mw10_945,-0.0036893,100.0,conc
mw10_946,-0.012237,100.0,conc
mw10_947,-0.0001207,100.0,conc
mw10_948,-0.000773,100.0,conc
mw10_949,0.0040371,100.0,conc
mw10_950,0.0003916,100.0,conc
mw10_951,-0.0077392,100.0,conc
mw10_952,0.014882,100.0,conc
mw10_953,-0.011825,100.0,conc
mw10_954,-0.01822,100.0,conc
mw10_955,-0.0062531,100.0,conc
mw10_956,-0.0051199,100.0,conc
mw10_957,0.0050251,100.0,conc
mw10_958,-0.0055972,100.0,conc
mw10_959,5.64e-05,100.0,conc
mw10_960,0.00238,100.0,conc
mw10_961,0.0068126,100.0,conc
mw10_962,-0.016014,100.0,conc
mw10_963,0.0023587,100.0,conc
mw10_964,-0.012147,100.0,conc
mw10_965,0.010914,100.0,conc
mw10_966,-0.0075782,100.0,conc
mw10_967,-0.0068492,100.0,conc
mw10_968,0.0050369,100.0,conc
mw10_969,-0.0003399,100.0,conc
mw10_970,-0.0010286,100.0,conc
mw10_971,0.0068624,100.0,conc
mw10_972,-0.0049431,100.0,conc
mw10_973,-0.0060965,100.0,conc
mw10_974,0.0099647,100.0,conc
mw10_975,-0.0054803,100.0,conc
mw10_976,0.0017775,100.0,conc
mw10_977,-0.012138,100.0,conc
mw10_978,-0.0002708,100.0,conc
mw10_979,-0.0031794,100.0,conc
mw10_980,0.0037497,100.0,conc
mw10_981,0.021935,100.0,conc
mw10_982,-0.01901,100.0,conc
mw10_983,-0.0096559,100.0,conc
mw10_984,-0.0032786,100.0,conc
mw10_985,0.0013468,100.0,conc
mw10_986,-0.014426,100.0,conc
mw10_987,-0.0004943,100.0,conc
mw10_988,-0.0082378,100.0,conc
mw10_989,0.0006483,100.0,conc
mw10_990,-0.0093254,100.0,conc
mw10_991,0.027548,100.0,conc
mw10_992,0.0020726,100.0,conc
mw10_993,0.0069819,100.0,conc
mw10_994,-0.023049,100.0,conc
mw10_995,-0.0080449,100.0,conc
mw10_996,-0.0016745,100.0,conc
mw10_997,0.01681,100.0,conc
mw10_998,-0.0082853,100.0,conc
mw10_999,0.0036938,100.0,conc
mw10_1000,-0.0089412,100.0,conc
mw1_1001,0.92465,0.0,pconc
mw1_1002,0.93824,0.0,pconc
mw1_1003,0.94865,0.0,pconc
mw1_1004,0.95672,0.0,pconc
mw1_1005,0.96316,0.0,pconc
mw1_1006,0.96839,0.0,pconc
mw1_1007,0.9727,0.0,pconc
mw1_1008,0.97627,0.0,pconc
mw1_1009,0.97925,0.0,pconc
mw1_1010,0.98175,0.0,pconc
mw1_1011,0.98385,0.0,pconc
mw1_1012,0.98564,0.0,pconc
mw1_1013,0.98715,0.0,pconc
mw1_1014,0.98845,0.0,pconc
mw1_1015,0.98956,0.0,pconc
mw1_1016,0.99051,0.0,pconc
mw1_1017,0.99133,0.0,pconc
mw1_1018,0.99205,0.0,pconc
mw1_1019,0.99267,0.0,pconc
mw1_1020,0.99322,0.0,pconc
mw1_1021,0.9937,0.0,pconc
mw1_1022,0.99413,0.0,pconc
mw1_1023,0.99451,0.0,pconc
mw1_1024,0.99485,0.0,pconc
mw1_1025,0.99516,0.0,pconc
mw1_1026,0.99544,0.0,pconc
mw1_1027,0.99569,0.0,pconc
mw1_1028,0.99592,0.0,pconc
mw1_1029,0.99613,0.0,pconc
mw1_1030,0.99633,0.0,pconc
mw1_1031,0.9965,0.0,pconc
mw1_1032,0.99667,0.0,pconc
mw1_1033,0.99682,0.0,pconc
mw1_1034,0.99696,0.0,pconc
mw1_1035,0.9971,0.0,pconc
mw1_1036,0.99722,0.0,pconc
mw1_1037,0.99734,0.0,pconc
mw1_1038,0.99745,0.0,pconc
mw1_1039,0.99755,0.0,pconc
mw1_1040,0.99765,0.0,pconc
mw1_1041,0.99774,0.0,pconc
mw1_1042,0.99782,0.0,pconc
mw1_1043,0.9979,0.0,pconc
mw1_1044,0.99798,0.0,pconc
mw1_1045,0.99805,0.0,pconc
mw1_1046,0.99812,0.0,pconc
mw1_1047,0.99819,0.0,pconc
mw1_1048,0.99825,0.0,pconc
mw1_1049,0.99831,0.0,pconc
mw1_1050,0.99837,0.0,pconc
mw1_1051,0.99842,0.0,pconc
mw1_1052,0.99847,0.0,pconc
mw1_1053,0.99851,0.0,pconc
mw1_1054,0.99855,0.0,pconc
mw1_1055,0.99859,0.0,pconc
mw1_1056,0.99863,0.0,pconc
mw1_1057,0.99867,0.0,pconc
mw1_1058,0.9987,0.0,pconc
mw1_1059,0.99874,0.0,pconc
mw1_1060,0.99877,0.0,pconc
mw1_1061,0.99881,0.0,pconc
mw1_1062,0.99884,0.0,pconc
mw1_1063,0.99887,0.0,pconc
mw1_1064,0.9989,0.0,pconc
mw1_1065,0.99893,0.0,pconc
mw1_1066,0.99895,0.0,pconc
mw1_1067,0.99898,0.0,pconc
mw1_1068,0.99901,0.0,pconc
mw1_1069,0.99903,0.0,pconc
mw1_1070,0.99905,0.0,pconc
mw1_1071,0.99907,0.0,pconc
mw1_1072,0.99909,0.0,pconc
mw1_1073,0.99911,0.0,pconc
mw1_1074,0.99913,0.0,pconc
mw1_1075,0.99915,0.0,pconc
mw1_1076,0.99917,0.0,pconc
mw1_1077,0.99918,0.0,pconc
mw1_1078,0.9992,0.0,pconc
mw1_1079,0.99922,0.0,pconc
mw1_1080,0.99923,0.0,pconc
mw1_1081,0.99925,0.0,pconc
mw1_1082,0.99926,0.0,pconc
mw1_1083,0.99927,0.0,pconc
mw1_1084,0.99929,0.0,pconc
mw1_1085,0.9993,0.0,pconc
mw1_1086,0.99931,0.0,pconc
mw1_1087,0.99932,0.0,pconc
mw1_1088,0.99934,0.0,pconc
mw1_1089,0.99935,0.0,pconc
mw1_1090,0.99936,0.0,pconc
mw1_1091,0.99937,0.0,pconc
mw1_1092,0.99938,0.0,pconc
mw1_1093,0.99939,0.0,pconc
mw1_1094,0.9994,0.0,pconc
mw1_1095,0.99941,0.0,pconc
mw1_1096,0.99942,0.0,pconc
mw1_1097,0.99943,0.0,pconc
mw1_1098,0.99944,0.0,pconc
mw1_1099,0.99945,0.0,pconc
mw1_1100,0.99945,0.0,pconc
mw1_1101,0.99946,0.0,pconc
mw1_1102,0.99947,0.0,pconc
mw1_1103,0.99948,0.0,pconc
mw1_1104,0.99949,0.0,pconc
mw1_1105,0.99949,0.0,pconc
mw1_1106,0.9995,0.0,pconc
mw1_1107,0.99951,0.0,pconc
mw1_1108,0.99952,0.0,pconc
mw1_1109,0.99952,0.0,pconc
mw1_1110,0.99953,0.0,pconc
mw1_1111,0.99954,0.0,pconc
mw1_1112,0.99954,0.0,pconc
mw1_1113,0.99955,0.0,pconc
mw1_1114,0.99955,0.0,pconc
mw1_1115,0.99956,0.0,pconc
mw1_1116,0.99957,0.0,pconc
mw1_1117,0.99957,0.0,pconc
mw1_1118,0.99958,0.0,pconc
mw1_1119,0.99958,0.0,pconc
mw1_1120,0.99959,0.0,pconc
mw1_1121,0.99959,0.0,pconc
mw1_1122,0.9996,0.0,pconc
mw1_1123,0.9996,0.0,pconc
mw1_1124,0.99961,0.0,pconc
mw1_1125,0.99961,0.0,pconc
mw1_1126,0.99962,0.0,pconc
mw1_1127,0.99962,0.0,pconc
mw1_1128,0.99963,0.0,pconc
mw1_1129,0.99963,0.0,pconc
mw1_1130,0.99964,0.0,pconc
mw1_1131,0.99964,0.0,pconc
mw1_1132,0.99964,0.0,pconc
mw1_1133,0.99965,0.0,pconc
mw1_1134,0.99965,0.0,pconc
mw1_1135,0.99966,0.0,pconc
mw1_1136,0.99966,0.0,pconc
mw1_1137,0.99966,0.0,pconc
mw1_1138,0.99967,0.0,pconc
mw1_1139,0.99967,0.0,pconc
mw1_1140,0.99967,0.0,pconc
mw1_1141,0.99968,0.0,pconc
mw1_1142,0.99968,0.0,pconc
mw1_1143,0.99968,0.0,pconc
mw1_1144,0.99969,0.0,pconc
mw1_1145,0.99969,0.0,pconc
mw1_1146,0.99969,0.0,pconc
mw1_1147,0.9997,0.0,pconc
mw1_1148,0.9997,0.0,pconc
mw1_1149,0.9997,0.0,pconc
mw1_1150,0.99971,0.0,pconc
mw1_1151,0.99971,0.0,pconc
mw1_1152,0.99971,0.0,pconc
mw1_1153,0.99972,0.0,pconc
mw1_1154,0.99972,0.0,pconc
mw1_1155,0.99972,0.0,pconc
mw1_1156,0.99972,0.0,pconc
mw1_1157,0.99973,0.0,pconc
mw1_1158,0.99973,0.0,pconc
mw1_1159,0.99973,0.0,pconc
mw1_1160,0.99973,0.0,pconc
mw1_1161,0.99974,0.0,pconc
mw1_1162,0.99974,0.0,pconc
mw1_1163,0.99974,0.0,pconc
mw1_1164,0.99974,0.0,pconc
mw1_1165,0.99975,0.0,pconc
mw1_1166,0.99975,0.0,pconc
mw1_1167,0.99975,0.0,pconc
mw1_1168,0.99975,0.0,pconc
mw1_1169,0.99975,0.0,pconc
mw1_1170,0.99976,0.0,pconc
mw1_1171,0.99976,0.0,pconc
mw1_1172,0.99976,0.0,pconc
mw1_1173,0.99976,0.0,pconc
mw1_1174,0.99977,0.0,pconc
mw1_1175,0.99977,0.0,pconc
mw1_1176,0.99977,0.0,pconc
mw1_1177,0.99977,0.0,pconc
mw1_1178,0.99977,0.0,pconc
mw1_1179,0.99978,0.0,pconc
mw1_1180,0.99978,0.0,pconc
mw1_1181,0.99978,0.0,pconc
mw1_1182,0.99978,0.0,pconc
mw1_1183,0.99978,0.0,pconc
mw1_1184,0.99978,0.0,pconc
mw1_1185,0.99979,0.0,pconc
mw1_1186,0.99979,0.0,pconc
mw1_1187,0.99979,0.0,pconc
mw1_1188,0.99979,0.0,pconc
mw1_1189,0.99979,0.0,pconc
mw1_1190,0.99979,0.0,pconc
mw1_1191,0.9998,0.0,pconc
mw1_1192,0.9998,0.0,pconc
mw1_1193,0.9998,0.0,pconc
mw1_1194,0.9998,0.0,pconc
mw1_1195,0.9998,0.0,pconc
mw1_1196,0.9998,0.0,pconc
mw1_1197,0.9998,0.0,pconc
mw1_1198,0.99981,0.0,pconc
mw1_1199,0.99981,0.0,pconc
mw1_1200,0.99981,0.0,pconc
mw2_1201,0.34094,0.0,pconc
mw2_1202,0.34386,0.0,pconc
mw2_1203,0.34656,0.0,pconc
mw2_1204,0.34913,0.0,pconc
mw2_1205,0.35161,0.0,pconc
mw2_1206,0.35403,0.0,pconc
mw2_1207,0.3564,0.0,pconc
mw2_1208,0.35872,0.0,pconc
mw2_1209,0.36099,0.0,pconc
mw2_1210,0.36322,0.0,pconc
mw2_1211,0.36541,0.0,pconc
mw2_1212,0.36756,0.0,pconc
mw2_1213,0.36966,0.0,pconc
mw2_1214,0.37173,0.0,pconc
mw2_1215,0.37374,0.0,pconc
mw2_1216,0.37572,0.0,pconc
mw2_1217,0.37767,0.0,pconc
mw2_1218,0.37957,0.0,pconc
mw2_1219,0.38145,0.0,pconc
mw2_1220,0.3833,0.0,pconc
mw2_1221,0.38512,0.0,pconc
mw2_1222,0.38691,0.0,pconc
mw2_1223,0.38867,0.0,pconc
mw2_1224,0.39042,0.0,pconc
mw2_1225,0.39214,0.0,pconc
mw2_1226,0.39384,0.0,pconc
mw2_1227,0.39551,0.0,pconc
mw2_1228,0.39716,0.0,pconc
mw2_1229,0.39879,0.0,pconc
mw2_1230,0.40039,0.0,pconc
mw2_1231,0.40196,0.0,pconc
mw2_1232,0.4035,0.0,pconc
mw2_1233,0.40501,0.0,pconc
mw2_1234,0.40647,0.0,pconc
mw2_1235,0.40787,0.0,pconc
mw2_1236,0.4092,0.0,pconc
mw2_1237,0.41056,0.0,pconc
mw2_1238,0.4124,0.0,pconc
mw2_1239,0.41438,0.0,pconc
mw2_1240,0.41636,0.0,pconc
mw2_1241,0.41829,0.0,pconc
mw2_1242,0.42015,0.0,pconc
mw2_1243,0.42195,0.0,pconc
mw2_1244,0.4237,0.0,pconc
mw2_1245,0.4254,0.0,pconc
mw2_1246,0.42705,0.0,pconc
mw2_1247,0.42865,0.0,pconc
mw2_1248,0.43021,0.0,pconc
mw2_1249,0.43172,0.0,pconc
mw2_1250,0.43322,0.0,pconc
mw2_1251,0.43469,0.0,pconc
mw2_1252,0.43616,0.0,pconc
mw2_1253,0.43762,0.0,pconc
mw2_1254,0.43907,0.0,pconc
mw2_1255,0.44052,0.0,pconc
mw2_1256,0.44197,0.0,pconc
mw2_1257,0.44342,0.0,pconc
mw2_1258,0.44487,0.0,pconc
mw2_1259,0.44631,0.0,pconc
mw2_1260,0.44776,0.0,pconc
mw2_1261,0.4492,0.0,pconc
mw2_1262,0.45063,0.0,pconc
mw2_1263,0.45206,0.0,pconc
mw2_1264,0.45349,0.0,pconc
mw2_1265,0.45492,0.0,pconc
mw2_1266,0.45634,0.0,pconc
mw2_1267,0.45775,0.0,pconc
mw2_1268,0.45916,0.0,pconc
mw2_1269,0.46057,0.0,pconc
mw2_1270,0.46197,0.0,pconc
mw2_1271,0.46337,0.0,pconc
mw2_1272,0.46476,0.0,pconc
mw2_1273,0.46615,0.0,pconc
mw2_1274,0.46753,0.0,pconc
mw2_1275,0.46892,0.0,pconc
mw2_1276,0.47031,0.0,pconc
mw2_1277,0.47169,0.0,pconc
mw2_1278,0.47309,0.0,pconc
mw2_1279,0.47448,0.0,pconc
mw2_1280,0.47588,0.0,pconc
mw2_1281,0.47726,0.0,pconc
mw2_1282,0.47865,0.0,pconc
mw2_1283,0.48003,0.0,pconc
mw2_1284,0.4814,0.0,pconc
mw2_1285,0.48277,0.0,pconc
mw2_1286,0.48414,0.0,pconc
mw2_1287,0.4855,0.0,pconc
mw2_1288,0.48686,0.0,pconc
mw2_1289,0.48822,0.0,pconc
mw2_1290,0.48958,0.0,pconc
mw2_1291,0.49094,0.0,pconc
mw2_1292,0.4923,0.0,pconc
mw2_1293,0.49365,0.0,pconc
mw2_1294,0.49501,0.0,pconc
mw2_1295,0.49636,0.0,pconc
mw2_1296,0.49772,0.0,pconc
mw2_1297,0.49907,0.0,pconc
mw2_1298,0.50043,0.0,pconc
mw2_1299,0.50178,0.0,pconc
mw2_1300,0.50314,0.0,pconc
mw2_1301,0.50449,0.0,pconc
mw2_1302,0.50585,0.0,pconc
mw2_1303,0.50721,0.0,pconc
mw2_1304,0.50856,0.0,pconc
mw2_1305,0.50992,0.0,pconc
mw2_1306,0.51128,0.0,pconc
mw2_1307,0.51264,0.0,pconc
mw2_1308,0.514,0.0,pconc
mw2_1309,0.51536,0.0,pconc
mw2_1310,0.51672,0.0,pconc
mw2_1311,0.51809,0.0,pconc
mw2_1312,0.51945,0.0,pconc
mw2_1313,0.52081,0.0,pconc
mw2_1314,0.52218,0.0,pconc
mw2_1315,0.52354,0.0,pconc
mw2_1316,0.5249,0.0,pconc
mw2_1317,0.52627,0.0,pconc
mw2_1318,0.52763,0.0,pconc
mw2_1319,0.52899,0.0,pconc
mw2_1320,0.53036,0.0,pconc
mw2_1321,0.53172,0.0,pconc
mw2_1322,0.53308,0.0,pconc
mw2_1323,0.53444,0.0,pconc
mw2_1324,0.53579,0.0,pconc
mw2_1325,0.53715,0.0,pconc
mw2_1326,0.53849,0.0,pconc
mw2_1327,0.53984,0.0,pconc
mw2_1328,0.54117,0.0,pconc
mw2_1329,0.54238,0.0,pconc
mw2_1330,0.54362,0.0,pconc
mw2_1331,0.54493,0.0,pconc
mw2_1332,0.5463,0.0,pconc
mw2_1333,0.54771,0.0,pconc
mw2_1334,0.54915,0.0,pconc
mw2_1335,0.5506,0.0,pconc
mw2_1336,0.55206,0.0,pconc
mw2_1337,0.55351,0.0,pconc
mw2_1338,0.55497,0.0,pconc
mw2_1339,0.55642,0.0,pconc
mw2_1340,0.55786,0.0,pconc
mw2_1341,0.5593,0.0,pconc
mw2_1342,0.56074,0.0,pconc
mw2_1343,0.56217,0.0,pconc
mw2_1344,0.5636,0.0,pconc
mw2_1345,0.56502,0.0,pconc
mw2_1346,0.56643,0.0,pconc
mw2_1347,0.56785,0.0,pconc
mw2_1348,0.56926,0.0,pconc
mw2_1349,0.57066,0.0,pconc
mw2_1350,0.57207,0.0,pconc
mw2_1351,0.57347,0.0,pconc
mw2_1352,0.57486,0.0,pconc
mw2_1353,0.57626,0.0,pconc
mw2_1354,0.57765,0.0,pconc
mw2_1355,0.57904,0.0,pconc
mw2_1356,0.58043,0.0,pconc
mw2_1357,0.58181,0.0,pconc
mw2_1358,0.58319,0.0,pconc
mw2_1359,0.58457,0.0,pconc
mw2_1360,0.58594,0.0,pconc
mw2_1361,0.58731,0.0,pconc
mw2_1362,0.58868,0.0,pconc
mw2_1363,0.59005,0.0,pconc
mw2_1364,0.59141,0.0,pconc
mw2_1365,0.59277,0.0,pconc
mw2_1366,0.59412,0.0,pconc
mw2_1367,0.59548,0.0,pconc
mw2_1368,0.59683,0.0,pconc
mw2_1369,0.59817,0.0,pconc
mw2_1370,0.59952,0.0,pconc
mw2_1371,0.60086,0.0,pconc
mw2_1372,0.6022,0.0,pconc
mw2_1373,0.60353,0.0,pconc
mw2_1374,0.60486,0.0,pconc
mw2_1375,0.60619,0.0,pconc
mw2_1376,0.60751,0.0,pconc
mw2_1377,0.60882,0.0,pconc
mw2_1378,0.61014,0.0,pconc
mw2_1379,0.61145,0.0,pconc
mw2_1380,0.61276,0.0,pconc
mw2_1381,0.61407,0.0,pconc
mw2_1382,0.61537,0.0,pconc
mw2_1383,0.61667,0.0,pconc
mw2_1384,0.61797,0.0,pconc
mw2_1385,0.61926,0.0,pconc
mw2_1386,0.62055,0.0,pconc
mw2_1387,0.62183,0.0,pconc
mw2_1388,0.62311,0.0,pconc
mw2_1389,0.62438,0.0,pconc
mw2_1390,0.62565,0.0,pconc
mw2_1391,0.62691,0.0,pconc
mw2_1392,0.62817,0.0,pconc
mw2_1393,0.62942,0.0,pconc
mw2_1394,0.63066,0.0,pconc
mw2_1395,0.6319,0.0,pconc
mw2_1396,0.63314,0.0,pconc
mw2_1397,0.63436,0.0,pconc
mw2_1398,0.63558,0.0,pconc
mw2_1399,0.6368,0.0,pconc
mw2_1400,0.63801,0.0,pconc
mw3_1401,0.81406,0.0,pconc
mw3_1402,0.81858,0.0,pconc
mw3_1403,0.8224,0.0,pconc
mw3_1404,0.82579,0.0,pconc
mw3_1405,0.8289,0.0,pconc
mw3_1406,0.8318,0.0,pconc
mw3_1407,0.83455,0.0,pconc
mw3_1408,0.83716,0.0,pconc
mw3_1409,0.83967,0.0,pconc
mw3_1410,0.84208,0.0,pconc
mw3_1411,0.8444,0.0,pconc
mw3_1412,0.84664,0.0,pconc
mw3_1413,0.8488,0.0,pconc
mw3_1414,0.85088,0.0,pconc
mw3_1415,0.8529,0.0,pconc
mw3_1416,0.85486,0.0,pconc
mw3_1417,0.85676,0.0,pconc
mw3_1418,0.8586,0.0,pconc
mw3_1419,0.86038,0.0,pconc
mw3_1420,0.86212,0.0,pconc
mw3_1421,0.86381,0.0,pconc
mw3_1422,0.86545,0.0,pconc
mw3_1423,0.86705,0.0,pconc
mw3_1424,0.86861,0.0,pconc
mw3_1425,0.87014,0.0,pconc
mw3_1426,0.87162,0.0,pconc
mw3_1427,0.87308,0.0,pconc
mw3_1428,0.8745,0.0,pconc
mw3_1429,0.8759,0.0,pconc
mw3_1430,0.87726,0.0,pconc
mw3_1431,0.8786,0.0,pconc
mw3_1432,0.87991,0.0,pconc
mw3_1433,0.8812,0.0,pconc
mw3_1434,0.88246,0.0,pconc
mw3_1435,0.8837,0.0,pconc
mw3_1436,0.88492,0.0,pconc
mw3_1437,0.88611,0.0,pconc
mw3_1438,0.88729,0.0,pconc
mw3_1439,0.88845,0.0,pconc
mw3_1440,0.88959,0.0,pconc
mw3_1441,0.89071,0.0,pconc
mw3_1442,0.89181,0.0,pconc
mw3_1443,0.8929,0.0,pconc
mw3_1444,0.89397,0.0,pconc
mw3_1445,0.89502,0.0,pconc
mw3_1446,0.89606,0.0,pconc
mw3_1447,0.89709,0.0,pconc
mw3_1448,0.89809,0.0,pconc
mw3_1449,0.89909,0.0,pconc
mw3_1450,0.90007,0.0,pconc
mw3_1451,0.90104,0.0,pconc
mw3_1452,0.902,0.0,pconc
mw3_1453,0.90294,0.0,pconc
mw3_1454,0.90387,0.0,pconc
mw3_1455,0.90479,0.0,pconc
mw3_1456,0.90569,0.0,pconc
mw3_1457,0.90659,0.0,pconc
mw3_1458,0.90747,0.0,pconc
mw3_1459,0.90834,0.0,pconc
mw3_1460,0.9092,0.0,pconc
mw3_1461,0.91005,0.0,pconc
mw3_1462,0.91089,0.0,pconc
mw3_1463,0.91172,0.0,pconc
mw3_1464,0.91254,0.0,pconc
mw3_1465,0.91335,0.0,pconc
mw3_1466,0.91415,0.0,pconc
mw3_1467,0.91494,0.0,pconc
mw3_1468,0.91572,0.0,pconc
mw3_1469,0.91649,0.0,pconc
mw3_1470,0.91725,0.0,pconc
mw3_1471,0.91801,0.0,pconc
mw3_1472,0.91875,0.0,pconc
mw3_1473,0.91949,0.0,pconc
mw3_1474,0.92021,0.0,pconc
mw3_1475,0.92093,0.0,pconc
mw3_1476,0.92164,0.0,pconc
mw3_1477,0.92235,0.0,pconc
mw3_1478,0.92304,0.0,pconc
mw3_1479,0.92373,0.0,pconc
mw3_1480,0.92441,0.0,pconc
mw3_1481,0.92508,0.0,pconc
mw3_1482,0.92575,0.0,pconc
mw3_1483,0.92641,0.0,pconc
mw3_1484,0.92706,0.0,pconc
mw3_1485,0.92771,0.0,pconc
mw3_1486,0.92835,0.0,pconc
mw3_1487,0.92898,0.0,pconc
mw3_1488,0.92961,0.0,pconc
mw3_1489,0.93023,0.0,pconc
mw3_1490,0.93084,0.0,pconc
mw3_1491,0.93145,0.0,pconc
mw3_1492,0.93205,0.0,pconc
mw3_1493,0.93264,0.0,pconc
mw3_1494,0.93323,0.0,pconc
mw3_1495,0.93382,0.0,pconc
mw3_1496,0.93439,0.0,pconc
mw3_1497,0.93496,0.0,pconc
mw3_1498,0.93553,0.0,pconc
mw3_1499,0.93609,0.0,pconc
mw3_1500,0.93664,0.0,pconc
mw3_1501,0.93719,0.0,pconc
mw3_1502,0.93773,0.0,pconc
mw3_1503,0.93827,0.0,pconc
mw3_1504,0.9388,0.0,pconc
mw3_1505,0.93932,0.0,pconc
mw3_1506,0.93985,0.0,pconc
mw3_1507,0.94036,0.0,pconc
mw3_1508,0.94087,0.0,pconc
mw3_1509,0.94138,0.0,pconc
mw3_1510,0.94188,0.0,pconc
mw3_1511,0.94237,0.0,pconc
mw3_1512,0.94286,0.0,pconc
mw3_1513,0.94335,0.0,pconc
mw3_1514,0.94383,0.0,pconc
mw3_1515,0.9443,0.0,pconc
mw3_1516,0.94477,0.0,pconc
mw3_1517,0.94524,0.0,pconc
mw3_1518,0.9457,0.0,pconc
mw3_1519,0.94616,0.0,pconc
mw3_1520,0.94661,0.0,pconc
mw3_1521,0.94705,0.0,pconc
mw3_1522,0.9475,0.0,pconc
mw3_1523,0.94794,0.0,pconc
mw3_1524,0.94837,0.0,pconc
mw3_1525,0.9488,0.0,pconc
mw3_1526,0.94923,0.0,pconc
mw3_1527,0.94965,0.0,pconc
mw3_1528,0.95007,0.0,pconc
mw3_1529,0.95048,0.0,pconc
mw3_1530,0.95089,0.0,pconc
mw3_1531,0.9513,0.0,pconc
mw3_1532,0.9517,0.0,pconc
mw3_1533,0.95209,0.0,pconc
mw3_1534,0.95249,0.0,pconc
mw3_1535,0.95288,0.0,pconc
mw3_1536,0.95326,0.0,pconc
mw3_1537,0.95365,0.0,pconc
mw3_1538,0.95403,0.0,pconc
mw3_1539,0.9544,0.0,pconc
mw3_1540,0.95477,0.0,pconc
mw3_1541,0.95514,0.0,pconc
mw3_1542,0.9555,0.0,pconc
mw3_1543,0.95587,0.0,pconc
mw3_1544,0.95622,0.0,pconc
mw3_1545,0.95658,0.0,pconc
mw3_1546,0.95693,0.0,pconc
mw3_1547,0.95728,0.0,pconc
mw3_1548,0.95762,0.0,pconc
mw3_1549,0.95796,0.0,pconc
mw3_1550,0.9583,0.0,pconc
mw3_1551,0.95863,0.0,pconc
mw3_1552,0.95896,0.0,pconc
mw3_1553,0.95929,0.0,pconc
mw3_1554,0.95962,0.0,pconc
mw3_1555,0.95994,0.0,pconc
mw3_1556,0.96026,0.0,pconc
mw3_1557,0.96058,0.0,pconc
mw3_1558,0.96089,0.0,pconc
mw3_1559,0.9612,0.0,pconc
mw3_1560,0.96151,0.0,pconc
mw3_1561,0.96181,0.0,pconc
mw3_1562,0.96211,0.0,pconc
mw3_1563,0.96241,0.0,pconc
mw3_1564,0.96271,0.0,pconc
mw3_1565,0.963,0.0,pconc
mw3_1566,0.96329,0.0,pconc
mw3_1567,0.96358,0.0,pconc
mw3_1568,0.96387,0.0,pconc
mw3_1569,0.96415,0.0,pconc
mw3_1570,0.96443,0.0,pconc
mw3_1571,0.96471,0.0,pconc
mw3_1572,0.96499,0.0,pconc
mw3_1573,0.96526,0.0,pconc
mw3_1574,0.96553,0.0,pconc
mw3_1575,0.9658,0.0,pconc
mw3_1576,0.96606,0.0,pconc
mw3_1577,0.96633,0.0,pconc
mw3_1578,0.96659,0.0,pconc
mw3_1579,0.96685,0.0,pconc
mw3_1580,0.9671,0.0,pconc
mw3_1581,0.96736,0.0,pconc
mw3_1582,0.96761,0.0,pconc
mw3_1583,0.96786,0.0,pconc
mw3_1584,0.96811,0.0,pconc
mw3_1585,0.96836,0.0,pconc
mw3_1586,0.9686,0.0,pconc
mw3_1587,0.96884,0.0,pconc
mw3_1588,0.96908,0.0,pconc
mw3_1589,0.96932,0.0,pconc
mw3_1590,0.96955,0.0,pconc
mw3_1591,0.96979,0.0,pconc
mw3_1592,0.97002,0.0,pconc
mw3_1593,0.97025,0.0,pconc
mw3_1594,0.97047,0.0,pconc
mw3_1595,0.9707,0.0,pconc
mw3_1596,0.97092,0.0,pconc
mw3_1597,0.97114,0.0,pconc
mw3_1598,0.97136,0.0,pconc
mw3_1599,0.97158,0.0,pconc
mw3_1600,0.9718,0.0,pconc
mw4_1601,0.3785,0.0,pconc
mw4_1602,0.40591,0.0,pconc
mw4_1603,0.42587,0.0,pconc
mw4_1604,0.44208,0.0,pconc
mw4_1605,0.45655,0.0,pconc
mw4_1606,0.46981,0.0,pconc
mw4_1607,0.48224,0.0,pconc
mw4_1608,0.49408,0.0,pconc
mw4_1609,0.50547,0.0,pconc
mw4_1610,0.51643,0.0,pconc
mw4_1611,0.52739,0.0,pconc
mw4_1612,0.53834,0.0,pconc
mw4_1613,0.54923,0.0,pconc
mw4_1614,0.56001,0.0,pconc
mw4_1615,0.5707,0.0,pconc
mw4_1616,0.58129,0.0,pconc
mw4_1617,0.59178,0.0,pconc
mw4_1618,0.60217,0.0,pconc
mw4_1619,0.61245,0.0,pconc
mw4_1620,0.62262,0.0,pconc
mw4_1621,0.63268,0.0,pconc
mw4_1622,0.64263,0.0,pconc
mw4_1623,0.65245,0.0,pconc
mw4_1624,0.66212,0.0,pconc
mw4_1625,0.67163,0.0,pconc
mw4_1626,0.68098,0.0,pconc
mw4_1627,0.69014,0.0,pconc
mw4_1628,0.69913,0.0,pconc
mw4_1629,0.70792,0.0,pconc
mw4_1630,0.71653,0.0,pconc
mw4_1631,0.72493,0.0,pconc
mw4_1632,0.73314,0.0,pconc
mw4_1633,0.74114,0.0,pconc
mw4_1634,0.74893,0.0,pconc
mw4_1635,0.75651,0.0,pconc
mw4_1636,0.76389,0.0,pconc
mw4_1637,0.77104,0.0,pconc
mw4_1638,0.77798,0.0,pconc
mw4_1639,0.7847,0.0,pconc
mw4_1640,0.79117,0.0,pconc
mw4_1641,0.79743,0.0,pconc
mw4_1642,0.8035,0.0,pconc
mw4_1643,0.8094,0.0,pconc
mw4_1644,0.81511,0.0,pconc
mw4_1645,0.82065,0.0,pconc
mw4_1646,0.82602,0.0,pconc
mw4_1647,0.83122,0.0,pconc
mw4_1648,0.83626,0.0,pconc
mw4_1649,0.84114,0.0,pconc
mw4_1650,0.84586,0.0,pconc
mw4_1651,0.85043,0.0,pconc
mw4_1652,0.85485,0.0,pconc
mw4_1653,0.85913,0.0,pconc
mw4_1654,0.86326,0.0,pconc
mw4_1655,0.86725,0.0,pconc
mw4_1656,0.87112,0.0,pconc
mw4_1657,0.87485,0.0,pconc
mw4_1658,0.87846,0.0,pconc
mw4_1659,0.88195,0.0,pconc
mw4_1660,0.88533,0.0,pconc
mw4_1661,0.88859,0.0,pconc
mw4_1662,0.89175,0.0,pconc
mw4_1663,0.8948,0.0,pconc
mw4_1664,0.89775,0.0,pconc
mw4_1665,0.9006,0.0,pconc
mw4_1666,0.90336,0.0,pconc
mw4_1667,0.90604,0.0,pconc
mw4_1668,0.90862,0.0,pconc
mw4_1669,0.91113,0.0,pconc
mw4_1670,0.91355,0.0,pconc
mw4_1671,0.9159,0.0,pconc
mw4_1672,0.91817,0.0,pconc
mw4_1673,0.92037,0.0,pconc
mw4_1674,0.92251,0.0,pconc
mw4_1675,0.92458,0.0,pconc
mw4_1676,0.92659,0.0,pconc
mw4_1677,0.92853,0.0,pconc
mw4_1678,0.93042,0.0,pconc
mw4_1679,0.93225,0.0,pconc
mw4_1680,0.93402,0.0,pconc
mw4_1681,0.93575,0.0,pconc
mw4_1682,0.93742,0.0,pconc
mw4_1683,0.93904,0.0,pconc
mw4_1684,0.94061,0.0,pconc
mw4_1685,0.94214,0.0,pconc
mw4_1686,0.94363,0.0,pconc
mw4_1687,0.94507,0.0,pconc
mw4_1688,0.94647,0.0,pconc
mw4_1689,0.94783,0.0,pconc
mw4_1690,0.94915,0.0,pconc
mw4_1691,0.95043,0.0,pconc
mw4_1692,0.95167,0.0,pconc
mw4_1693,0.95288,0.0,pconc
mw4_1694,0.95406,0.0,pconc
mw4_1695,0.9552,0.0,pconc
mw4_1696,0.95632,0.0,pconc
mw4_1697,0.9574,0.0,pconc
mw4_1698,0.95845,0.0,pconc
mw4_1699,0.95947,0.0,pconc
mw4_1700,0.96046,0.0,pconc
mw4_1701,0.96142,0.0,pconc
mw4_1702,0.96236,0.0,pconc
mw4_1703,0.96328,0.0,pconc
mw4_1704,0.96416,0.0,pconc
mw4_1705,0.96503,0.0,pconc
mw4_1706,0.96587,0.0,pconc
mw4_1707,0.96668,0.0,pconc
mw4_1708,0.96748,0.0,pconc
mw4_1709,0.96825,0.0,pconc
mw4_1710,0.969,0.0,pconc
mw4_1711,0.96973,0.0,pconc
mw4_1712,0.97044,0.0,pconc
mw4_1713,0.97114,0.0,pconc
mw4_1714,0.97181,0.0,pconc
mw4_1715,0.97247,0.0,pconc
mw4_1716,0.9731,0.0,pconc
mw4_1717,0.97373,0.0,pconc
mw4_1718,0.97433,0.0,pconc
mw4_1719,0.97492,0.0,pconc
mw4_1720,0.97549,0.0,pconc
mw4_1721,0.97605,0.0,pconc
mw4_1722,0.97659,0.0,pconc
mw4_1723,0.97712,0.0,pconc
mw4_1724,0.97763,0.0,pconc
mw4_1725,0.97814,0.0,pconc
mw4_1726,0.97862,0.0,pconc
mw4_1727,0.9791,0.0,pconc
mw4_1728,0.97956,0.0,pconc
mw4_1729,0.98001,0.0,pconc
mw4_1730,0.98045,0.0,pconc
mw4_1731,0.98088,0.0,pconc
mw4_1732,0.98129,0.0,pconc
mw4_1733,0.9817,0.0,pconc
mw4_1734,0.98209,0.0,pconc
mw4_1735,0.98247,0.0,pconc
mw4_1736,0.98285,0.0,pconc
mw4_1737,0.98321,0.0,pconc
mw4_1738,0.98357,0.0,pconc
mw4_1739,0.98391,0.0,pconc
mw4_1740,0.98425,0.0,pconc
mw4_1741,0.98458,0.0,pconc
mw4_1742,0.9849,0.0,pconc
mw4_1743,0.98521,0.0,pconc
mw4_1744,0.98551,0.0,pconc
mw4_1745,0.98581,0.0,pconc
mw4_1746,0.98609,0.0,pconc
mw4_1747,0.98638,0.0,pconc
mw4_1748,0.98665,0.0,pconc
mw4_1749,0.98692,0.0,pconc
mw4_1750,0.98718,0.0,pconc
mw4_1751,0.98743,0.0,pconc
mw4_1752,0.98768,0.0,pconc
mw4_1753,0.98792,0.0,pconc
mw4_1754,0.98815,0.0,pconc
mw4_1755,0.98838,0.0,pconc
mw4_1756,0.9886,0.0,pconc
mw4_1757,0.98882,0.0,pconc
mw4_1758,0.98903,0.0,pconc
mw4_1759,0.98924,0.0,pconc
mw4_1760,0.98944,0.0,pconc
mw4_1761,0.98964,0.0,pconc
mw4_1762,0.98984,0.0,pconc
mw4_1763,0.99002,0.0,pconc
mw4_1764,0.99021,0.0,pconc
mw4_1765,0.99039,0.0,pconc
mw4_1766,0.99056,0.0,pconc
mw4_1767,0.99073,0.0,pconc
mw4_1768,0.9909,0.0,pconc
mw4_1769,0.99106,0.0,pconc
mw4_1770,0.99122,0.0,pconc
mw4_1771,0.99138,0.0,pconc
mw4_1772,0.99153,0.0,pconc
mw4_1773,0.99168,0.0,pconc
mw4_1774,0.99183,0.0,pconc
mw4_1775,0.99197,0.0,pconc
mw4_1776,0.99211,0.0,pconc
mw4_1777,0.99224,0.0,pconc
mw4_1778,0.99238,0.0,pconc
mw4_1779,0.99251,0.0,pconc
mw4_1780,0.99263,0.0,pconc
mw4_1781,0.99276,0.0,pconc
mw4_1782,0.99288,0.0,pconc
mw4_1783,0.993,0.0,pconc
mw4_1784,0.99311,0.0,pconc
mw4_1785,0.99323,0.0,pconc
mw4_1786,0.99334,0.0,pconc
mw4_1787,0.99345,0.0,pconc
mw4_1788,0.99356,0.0,pconc
mw4_1789,0.99366,0.0,pconc
mw4_1790,0.99376,0.0,pconc
mw4_1791,0.99386,0.0,pconc
mw4_1792,0.99396,0.0,pconc
mw4_1793,0.99406,0.0,pconc
mw4_1794,0.99415,0.0,pconc
mw4_1795,0.99425,0.0,pconc
mw4_1796,0.99434,0.0,pconc
mw4_1797,0.99442,0.0,pconc
mw4_1798,0.99451,0.0,pconc
mw4_1799,0.9946,0.0,pconc
mw4_1800,0.99468,0.0,pconc
mw5_1801,0.96875,0.0,pconc
mw5_1802,0.97349,0.0,pconc
mw5_1803,0.97642,0.0,pconc
mw5_1804,0.9785,0.0,pconc
mw5_1805,0.98014,0.0,pconc
mw5_1806,0.98156,0.0,pconc
mw5_1807,0.98284,0.0,pconc
mw5_1808,0.98403,0.0,pconc
mw5_1809,0.98513,0.0,pconc
mw5_1810,0.98616,0.0,pconc
mw5_1811,0.98712,0.0,pconc
mw5_1812,0.98802,0.0,pconc
mw5_1813,0.98886,0.0,pconc
mw5_1814,0.98964,0.0,pconc
mw5_1815,0.99036,0.0,pconc
mw5_1816,0.99104,0.0,pconc
mw5_1817,0.99167,0.0,pconc
mw5_1818,0.99225,0.0,pconc
mw5_1819,0.99279,0.0,pconc
mw5_1820,0.9933,0.0,pconc
mw5_1821,0.99376,0.0,pconc
mw5_1822,0.9942,0.0,pconc
mw5_1823,0.9946,0.0,pconc
mw5_1824,0.99497,0.0,pconc
mw5_1825,0.99532,0.0,pconc
mw5_1826,0.99564,0.0,pconc
mw5_1827,0.99594,0.0,pconc
mw5_1828,0.99622,0.0,pconc
mw5_1829,0.99648,0.0,pconc
mw5_1830,0.99672,0.0,pconc
mw5_1831,0.99694,0.0,pconc
mw5_1832,0.99715,0.0,pconc
mw5_1833,0.99734,0.0,pconc
mw5_1834,0.99752,0.0,pconc
mw5_1835,0.99769,0.0,pconc
mw5_1836,0.99785,0.0,pconc
mw5_1837,0.99799,0.0,pconc
mw5_1838,0.99813,0.0,pconc
mw5_1839,0.99826,0.0,pconc
mw5_1840,0.99837,0.0,pconc
mw5_1841,0.99848,0.0,pconc
mw5_1842,0.99859,0.0,pconc
mw5_1843,0.99868,0.0,pconc
mw5_1844,0.99877,0.0,pconc
mw5_1845,0.99886,0.0,pconc
mw5_1846,0.99893,0.0,pconc
mw5_1847,0.99901,0.0,pconc
mw5_1848,0.99908,0.0,pconc
mw5_1849,0.99914,0.0,pconc
mw5_1850,0.9992,0.0,pconc
mw5_1851,0.99926,0.0,pconc
mw5_1852,0.99931,0.0,pconc
mw5_1853,0.99936,0.0,pconc
mw5_1854,0.9994,0.0,pconc
mw5_1855,0.99945,0.0,pconc
mw5_1856,0.99949,0.0,pconc
mw5_1857,0.99953,0.0,pconc
mw5_1858,0.99956,0.0,pconc
mw5_1859,0.99959,0.0,pconc
mw5_1860,0.99963,0.0,pconc
mw5_1861,0.99966,0.0,pconc
mw5_1862,0.99968,0.0,pconc
mw5_1863,0.99971,0.0,pconc
mw5_1864,0.99973,0.0,pconc
mw5_1865,0.99975,0.0,pconc
mw5_1866,0.99978,0.0,pconc
mw5_1867,0.9998,0.0,pconc
mw5_1868,0.99981,0.0,pconc
mw5_1869,0.99983,0.0,pconc
mw5_1870,0.99985,0.0,pconc
mw5_1871,0.99986,0.0,pconc
mw5_1872,0.99988,0.0,pconc
mw5_1873,0.99989,0.0,pconc
mw5_1874,0.99991,0.0,pconc
mw5_1875,0.99992,0.0,pconc
mw5_1876,0.99993,0.0,pconc
mw5_1877,0.99994,0.0,pconc
mw5_1878,0.99995,0.0,pconc
mw5_1879,0.99996,0.0,pconc
mw5_1880,0.99997,0.0,pconc
mw5_1881,0.99998,0.0,pconc
mw5_1882,0.99999,0.0,pconc
mw5_1883,0.99999,0.0,pconc
mw5_1884,1.0,0.0,pconc
mw5_1885,1.0,0.0,pconc
mw5_1886,1.0,0.0,pconc
mw5_1887,1.0,0.0,pconc
mw5_1888,1.0,0.0,pconc
mw5_1889,1.0,0.0,pconc
mw5_1890,1.0,0.0,pconc
mw5_1891,1.0,0.0,pconc
mw5_1892,1.0,0.0,pconc
mw5_1893,1.0,0.0,pconc
mw5_1894,1.0001,0.0,pconc
mw5_1895,1.0001,0.0,pconc
mw5_1896,1.0001,0.0,pconc
mw5_1897,1.0001,0.0,pconc
mw5_1898,1.0001,0.0,pconc
mw5_1899,1.0001,0.0,pconc
mw5_1900,1.0001,0.0,pconc
mw5_1901,1.0001,0.0,pconc
mw5_1902,1.0001,0.0,pconc
mw5_1903,1.0001,0.0,pconc
mw5_1904,1.0001,0.0,pconc
mw5_1905,1.0001,0.0,pconc
mw5_1906,1.0001,0.0,pconc
mw5_1907,1.0001,0.0,pconc
mw5_1908,1.0001,0.0,pconc
mw5_1909,1.0001,0.0,pconc
mw5_1910,1.0001,0.0,pconc
mw5_1911,1.0001,0.0,pconc
mw5_1912,1.0001,0.0,pconc
mw5_1913,1.0001,0.0,pconc
mw5_1914,1.0001,0.0,pconc
mw5_1915,1.0001,0.0,pconc
mw5_1916,1.0001,0.0,pconc
mw5_1917,1.0001,0.0,pconc
mw5_1918,1.0001,0.0,pconc
mw5_1919,1.0001,0.0,pconc
mw5_1920,1.0001,0.0,pconc
mw5_1921,1.0001,0.0,pconc
mw5_1922,1.0001,0.0,pconc
mw5_1923,1.0001,0.0,pconc
mw5_1924,1.0001,0.0,pconc
mw5_1925,1.0001,0.0,pconc
mw5_1926,1.0001,0.0,pconc
mw5_1927,1.0001,0.0,pconc
mw5_1928,1.0001,0.0,pconc
mw5_1929,1.0001,0.0,pconc
mw5_1930,1.0001,0.0,pconc
mw5_1931,1.0001,0.0,pconc
mw5_1932,1.0001,0.0,pconc
mw5_1933,1.0001,0.0,pconc
mw5_1934,1.0001,0.0,pconc
mw5_1935,1.0001,0.0,pconc
mw5_1936,1.0001,0.0,pconc
mw5_1937,1.0001,0.0,pconc
mw5_1938,1.0001,0.0,pconc
mw5_1939,1.0001,0.0,pconc
mw5_1940,1.0001,0.0,pconc
mw5_1941,1.0001,0.0,pconc
mw5_1942,1.0001,0.0,pconc
mw5_1943,1.0001,0.0,pconc
mw5_1944,1.0001,0.0,pconc
mw5_1945,1.0001,0.0,pconc
mw5_1946,1.0001,0.0,pconc
mw5_1947,1.0001,0.0,pconc
mw5_1948,1.0001,0.0,pconc
mw5_1949,1.0001,0.0,pconc
mw5_1950,1.0001,0.0,pconc
mw5_1951,1.0001,0.0,pconc
mw5_1952,1.0001,0.0,pconc
mw5_1953,1.0001,0.0,pconc
mw5_1954,1.0001,0.0,pconc
mw5_1955,1.0001,0.0,pconc
mw5_1956,1.0001,0.0,pconc
mw5_1957,1.0001,0.0,pconc
mw5_1958,1.0001,0.0,pconc
mw5_1959,1.0001,0.0,pconc
mw5_1960,1.0001,0.0,pconc
mw5_1961,1.0001,0.0,pconc
mw5_1962,1.0001,0.0,pconc
mw5_1963,1.0001,0.0,pconc
mw5_1964,1.0001,0.0,pconc
mw5_1965,1.0001,0.0,pconc
mw5_1966,1.0001,0.0,pconc
mw5_1967,1.0001,0.0,pconc
mw5_1968,1.0001,0.0,pconc
mw5_1969,1.0001,0.0,pconc
mw5_1970,1.0001,0.0,pconc
mw5_1971,1.0001,0.0,pconc
mw5_1972,1.0001,0.0,pconc
mw5_1973,1.0001,0.0,pconc
mw5_1974,1.0001,0.0,pconc
mw5_1975,1.0001,0.0,pconc
mw5_1976,1.0001,0.0,pconc
mw5_1977,1.0001,0.0,pconc
mw5_1978,1.0001,0.0,pconc
mw5_1979,1.0001,0.0,pconc
mw5_1980,1.0001,0.0,pconc
mw5_1981,1.0001,0.0,pconc
mw5_1982,1.0001,0.0,pconc
mw5_1983,1.0001,0.0,pconc
mw5_1984,1.0001,0.0,pconc
mw5_1985,1.0001,0.0,pconc
mw5_1986,1.0001,0.0,pconc
mw5_1987,1.0001,0.0,pconc
mw5_1988,1.0001,0.0,pconc
mw5_1989,1.0001,0.0,pconc
mw5_1990,1.0001,0.0,pconc
mw5_1991,1.0001,0.0,pconc
mw5_1992,1.0001,0.0,pconc
mw5_1993,1.0001,0.0,pconc
mw5_1994,1.0001,0.0,pconc
mw5_1995,1.0001,0.0,pconc
mw5_1996,1.0001,0.0,pconc
mw5_1997,1.0001,0.0,pconc
mw5_1998,1.0001,0.0,pconc
mw5_1999,1.0001,0.0,pconc
mw5_2000,1.0001,0.0,pconc
mw6_2001,0.7459,0.0,pconc
mw6_2002,0.75102,0.0,pconc
mw6_2003,0.75543,0.0,pconc
mw6_2004,0.75953,0.0,pconc
mw6_2005,0.76349,0.0,pconc
mw6_2006,0.7674,0.0,pconc
mw6_2007,0.77128,0.0,pconc
mw6_2008,0.77515,0.0,pconc
mw6_2009,0.77901,0.0,pconc
mw6_2010,0.78285,0.0,pconc
mw6_2011,0.78665,0.0,pconc
mw6_2012,0.79043,0.0,pconc
mw6_2013,0.79417,0.0,pconc
mw6_2014,0.79787,0.0,pconc
mw6_2015,0.80152,0.0,pconc
mw6_2016,0.8051,0.0,pconc
mw6_2017,0.80862,0.0,pconc
mw6_2018,0.81206,0.0,pconc
mw6_2019,0.81543,0.0,pconc
mw6_2020,0.81872,0.0,pconc
mw6_2021,0.82194,0.0,pconc
mw6_2022,0.82509,0.0,pconc
mw6_2023,0.8282,0.0,pconc
mw6_2024,0.83124,0.0,pconc
mw6_2025,0.83424,0.0,pconc
mw6_2026,0.8372,0.0,pconc
mw6_2027,0.84011,0.0,pconc
mw6_2028,0.84297,0.0,pconc
mw6_2029,0.84579,0.0,pconc
mw6_2030,0.84858,0.0,pconc
mw6_2031,0.85132,0.0,pconc
mw6_2032,0.85402,0.0,pconc
mw6_2033,0.85669,0.0,pconc
mw6_2034,0.85932,0.0,pconc
mw6_2035,0.86191,0.0,pconc
mw6_2036,0.86446,0.0,pconc
mw6_2037,0.86699,0.0,pconc
mw6_2038,0.86948,0.0,pconc
mw6_2039,0.87194,0.0,pconc
mw6_2040,0.87436,0.0,pconc
mw6_2041,0.87662,0.0,pconc
mw6_2042,0.87879,0.0,pconc
mw6_2043,0.88093,0.0,pconc
mw6_2044,0.88305,0.0,pconc
mw6_2045,0.88516,0.0,pconc
mw6_2046,0.88725,0.0,pconc
mw6_2047,0.88932,0.0,pconc
mw6_2048,0.89137,0.0,pconc
mw6_2049,0.8934,0.0,pconc
mw6_2050,0.8954,0.0,pconc
mw6_2051,0.89738,0.0,pconc
mw6_2052,0.89933,0.0,pconc
mw6_2053,0.90125,0.0,pconc
mw6_2054,0.90315,0.0,pconc
mw6_2055,0.90501,0.0,pconc
mw6_2056,0.90684,0.0,pconc
mw6_2057,0.90865,0.0,pconc
mw6_2058,0.91042,0.0,pconc
mw6_2059,0.91217,0.0,pconc
mw6_2060,0.91388,0.0,pconc
mw6_2061,0.91557,0.0,pconc
mw6_2062,0.91722,0.0,pconc
mw6_2063,0.91885,0.0,pconc
mw6_2064,0.92045,0.0,pconc
mw6_2065,0.92202,0.0,pconc
mw6_2066,0.92356,0.0,pconc
mw6_2067,0.92507,0.0,pconc
mw6_2068,0.92656,0.0,pconc
mw6_2069,0.92801,0.0,pconc
mw6_2070,0.92945,0.0,pconc
mw6_2071,0.93085,0.0,pconc
mw6_2072,0.93223,0.0,pconc
mw6_2073,0.93358,0.0,pconc
mw6_2074,0.93491,0.0,pconc
mw6_2075,0.93621,0.0,pconc
mw6_2076,0.93749,0.0,pconc
mw6_2077,0.93874,0.0,pconc
mw6_2078,0.93996,0.0,pconc
mw6_2079,0.94117,0.0,pconc
mw6_2080,0.94235,0.0,pconc
mw6_2081,0.9435,0.0,pconc
mw6_2082,0.94464,0.0,pconc
mw6_2083,0.94575,0.0,pconc
mw6_2084,0.94683,0.0,pconc
mw6_2085,0.9479,0.0,pconc
mw6_2086,0.94895,0.0,pconc
mw6_2087,0.94997,0.0,pconc
mw6_2088,0.95097,0.0,pconc
mw6_2089,0.95196,0.0,pconc
mw6_2090,0.95292,0.0,pconc
mw6_2091,0.95387,0.0,pconc
mw6_2092,0.95479,0.0,pconc
mw6_2093,0.9557,0.0,pconc
mw6_2094,0.95659,0.0,pconc
mw6_2095,0.95746,0.0,pconc
mw6_2096,0.95831,0.0,pconc
mw6_2097,0.95914,0.0,pconc
mw6_2098,0.95996,0.0,pconc
mw6_2099,0.96076,0.0,pconc
mw6_2100,0.96155,0.0,pconc
mw6_2101,0.96231,0.0,pconc
mw6_2102,0.96307,0.0,pconc
mw6_2103,0.9638,0.0,pconc
mw6_2104,0.96453,0.0,pconc
mw6_2105,0.96523,0.0,pconc
mw6_2106,0.96592,0.0,pconc
mw6_2107,0.9666,0.0,pconc
mw6_2108,0.96727,0.0,pconc
mw6_2109,0.96791,0.0,pconc
mw6_2110,0.96855,0.0,pconc
mw6_2111,0.96917,0.0,pconc
mw6_2112,0.96978,0.0,pconc
mw6_2113,0.97038,0.0,pconc
mw6_2114,0.97096,0.0,pconc
mw6_2115,0.97154,0.0,pconc
mw6_2116,0.9721,0.0,pconc
mw6_2117,0.97264,0.0,pconc
mw6_2118,0.97318,0.0,pconc
mw6_2119,0.97371,0.0,pconc
mw6_2120,0.97422,0.0,pconc
mw6_2121,0.97472,0.0,pconc
mw6_2122,0.97521,0.0,pconc
mw6_2123,0.9757,0.0,pconc
mw6_2124,0.97617,0.0,pconc
mw6_2125,0.97663,0.0,pconc
mw6_2126,0.97708,0.0,pconc
mw6_2127,0.97752,0.0,pconc
mw6_2128,0.97796,0.0,pconc
mw6_2129,0.97838,0.0,pconc
mw6_2130,0.9788,0.0,pconc
mw6_2131,0.9792,0.0,pconc
mw6_2132,0.9796,0.0,pconc
mw6_2133,0.97999,0.0,pconc
mw6_2134,0.98037,0.0,pconc
mw6_2135,0.98074,0.0,pconc
mw6_2136,0.98111,0.0,pconc
mw6_2137,0.98146,0.0,pconc
mw6_2138,0.98181,0.0,pconc
mw6_2139,0.98215,0.0,pconc
mw6_2140,0.98249,0.0,pconc
mw6_2141,0.98282,0.0,pconc
mw6_2142,0.98314,0.0,pconc
mw6_2143,0.98345,0.0,pconc
mw6_2144,0.98376,0.0,pconc
mw6_2145,0.98406,0.0,pconc
mw6_2146,0.98435,0.0,pconc
mw6_2147,0.98464,0.0,pconc
mw6_2148,0.98492,0.0,pconc
mw6_2149,0.98519,0.0,pconc
mw6_2150,0.98546,0.0,pconc
mw6_2151,0.98572,0.0,pconc
mw6_2152,0.98598,0.0,pconc
mw6_2153,0.98623,0.0,pconc
mw6_2154,0.98648,0.0,pconc
mw6_2155,0.98672,0.0,pconc
mw6_2156,0.98695,0.0,pconc
mw6_2157,0.98718,0.0,pconc
mw6_2158,0.9874,0.0,pconc
mw6_2159,0.98762,0.0,pconc
mw6_2160,0.98784,0.0,pconc
mw6_2161,0.98805,0.0,pconc
mw6_2162,0.98825,0.0,pconc
mw6_2163,0.98844,0.0,pconc
mw6_2164,0.98863,0.0,pconc
mw6_2165,0.98881,0.0,pconc
mw6_2166,0.98899,0.0,pconc
mw6_2167,0.98917,0.0,pconc
mw6_2168,0.98934,0.0,pconc
mw6_2169,0.98951,0.0,pconc
mw6_2170,0.98967,0.0,pconc
mw6_2171,0.98983,0.0,pconc
mw6_2172,0.98999,0.0,pconc
mw6_2173,0.99015,0.0,pconc
mw6_2174,0.9903,0.0,pconc
mw6_2175,0.99045,0.0,pconc
mw6_2176,0.9906,0.0,pconc
mw6_2177,0.99074,0.0,pconc
mw6_2178,0.99089,0.0,pconc
mw6_2179,0.99102,0.0,pconc
mw6_2180,0.99116,0.0,pconc
mw6_2181,0.9913,0.0,pconc
mw6_2182,0.99143,0.0,pconc
mw6_2183,0.99156,0.0,pconc
mw6_2184,0.99169,0.0,pconc
mw6_2185,0.99181,0.0,pconc
mw6_2186,0.99194,0.0,pconc
mw6_2187,0.99206,0.0,pconc
mw6_2188,0.99218,0.0,pconc
mw6_2189,0.99229,0.0,pconc
mw6_2190,0.99241,0.0,pconc
mw6_2191,0.99252,0.0,pconc
mw6_2192,0.99263,0.0,pconc
mw6_2193,0.99274,0.0,pconc
mw6_2194,0.99285,0.0,pconc
mw6_2195,0.99295,0.0,pconc
mw6_2196,0.99306,0.0,pconc
mw6_2197,0.99316,0.0,pconc
mw6_2198,0.99326,0.0,pconc
mw6_2199,0.99336,0.0,pconc
mw6_2200,0.99346,0.0,pconc
mw7_2201,0.97378,0.0,pconc
mw7_2202,0.97531,0.0,pconc
mw7_2203,0.97641,0.0,pconc
mw7_2204,0.97734,0.0,pconc
mw7_2205,0.97819,0.0,pconc
mw7_2206,0.97898,0.0,pconc
mw7_2207,0.97973,0.0,pconc
mw7_2208,0.98044,0.0,pconc
mw7_2209,0.98113,0.0,pconc
mw7_2210,0.98178,0.0,pconc
mw7_2211,0.98241,0.0,pconc
mw7_2212,0.98302,0.0,pconc
mw7_2213,0.9836,0.0,pconc
mw7_2214,0.98416,0.0,pconc
mw7_2215,0.9847,0.0,pconc
mw7_2216,0.98522,0.0,pconc
mw7_2217,0.98572,0.0,pconc
mw7_2218,0.9862,0.0,pconc
mw7_2219,0.98666,0.0,pconc
mw7_2220,0.9871,0.0,pconc
mw7_2221,0.98753,0.0,pconc
mw7_2222,0.98794,0.0,pconc
mw7_2223,0.98834,0.0,pconc
mw7_2224,0.98872,0.0,pconc
mw7_2225,0.98909,0.0,pconc
mw7_2226,0.98944,0.0,pconc
mw7_2227,0.98978,0.0,pconc
mw7_2228,0.99011,0.0,pconc
mw7_2229,0.99042,0.0,pconc
mw7_2230,0.99072,0.0,pconc
mw7_2231,0.99102,0.0,pconc
mw7_2232,0.9913,0.0,pconc
mw7_2233,0.99157,0.0,pconc
mw7_2234,0.99183,0.0,pconc
mw7_2235,0.99208,0.0,pconc
mw7_2236,0.99232,0.0,pconc
mw7_2237,0.99255,0.0,pconc
mw7_2238,0.99277,0.0,pconc
mw7_2239,0.99299,0.0,pconc
mw7_2240,0.9932,0.0,pconc
mw7_2241,0.9934,0.0,pconc
mw7_2242,0.99359,0.0,pconc
mw7_2243,0.99377,0.0,pconc
mw7_2244,0.99395,0.0,pconc
mw7_2245,0.99412,0.0,pconc
mw7_2246,0.99429,0.0,pconc
mw7_2247,0.99445,0.0,pconc
mw7_2248,0.99461,0.0,pconc
mw7_2249,0.99475,0.0,pconc
mw7_2250,0.9949,0.0,pconc
mw7_2251,0.99504,0.0,pconc
mw7_2252,0.99517,0.0,pconc
mw7_2253,0.9953,0.0,pconc
mw7_2254,0.99543,0.0,pconc
mw7_2255,0.99555,0.0,pconc
mw7_2256,0.99566,0.0,pconc
mw7_2257,0.99578,0.0,pconc
mw7_2258,0.99588,0.0,pconc
mw7_2259,0.99599,0.0,pconc
mw7_2260,0.99609,0.0,pconc
mw7_2261,0.99619,0.0,pconc
mw7_2262,0.99629,0.0,pconc
mw7_2263,0.99638,0.0,pconc
mw7_2264,0.99647,0.0,pconc
mw7_2265,0.99656,0.0,pconc
mw7_2266,0.99664,0.0,pconc
mw7_2267,0.99672,0.0,pconc
mw7_2268,0.9968,0.0,pconc
mw7_2269,0.99688,0.0,pconc
mw7_2270,0.99695,0.0,pconc
mw7_2271,0.99703,0.0,pconc
mw7_2272,0.9971,0.0,pconc
mw7_2273,0.99717,0.0,pconc
mw7_2274,0.99723,0.0,pconc
mw7_2275,0.9973,0.0,pconc
mw7_2276,0.99736,0.0,pconc
mw7_2277,0.99742,0.0,pconc
mw7_2278,0.99748,0.0,pconc
mw7_2279,0.99754,0.0,pconc
mw7_2280,0.99759,0.0,pconc
mw7_2281,0.99765,0.0,pconc
mw7_2282,0.9977,0.0,pconc
mw7_2283,0.99775,0.0,pconc
mw7_2284,0.9978,0.0,pconc
mw7_2285,0.99785,0.0,pconc
mw7_2286,0.9979,0.0,pconc
mw7_2287,0.99794,0.0,pconc
mw7_2288,0.99799,0.0,pconc
mw7_2289,0.99803,0.0,pconc
mw7_2290,0.99808,0.0,pconc
mw7_2291,0.99812,0.0,pconc
mw7_2292,0.99816,0.0,pconc
mw7_2293,0.9982,0.0,pconc
mw7_2294,0.99824,0.0,pconc
mw7_2295,0.99827,0.0,pconc
mw7_2296,0.99831,0.0,pconc
mw7_2297,0.99835,0.0,pconc
mw7_2298,0.99838,0.0,pconc
mw7_2299,0.99842,0.0,pconc
mw7_2300,0.99845,0.0,pconc
mw7_2301,0.99848,0.0,pconc
mw7_2302,0.99851,0.0,pconc
mw7_2303,0.99855,0.0,pconc
mw7_2304,0.99858,0.0,pconc
mw7_2305,0.99861,0.0,pconc
mw7_2306,0.99864,0.0,pconc
mw7_2307,0.99866,0.0,pconc
mw7_2308,0.99869,0.0,pconc
mw7_2309,0.99872,0.0,pconc
mw7_2310,0.99874,0.0,pconc
mw7_2311,0.99877,0.0,pconc
mw7_2312,0.9988,0.0,pconc
mw7_2313,0.99882,0.0,pconc
mw7_2314,0.99884,0.0,pconc
mw7_2315,0.99887,0.0,pconc
mw7_2316,0.99889,0.0,pconc
mw7_2317,0.99891,0.0,pconc
mw7_2318,0.99894,0.0,pconc
mw7_2319,0.99896,0.0,pconc
mw7_2320,0.99898,0.0,pconc
mw7_2321,0.999,0.0,pconc
mw7_2322,0.99902,0.0,pconc
mw7_2323,0.99904,0.0,pconc
mw7_2324,0.99906,0.0,pconc
mw7_2325,0.99908,0.0,pconc
mw7_2326,0.9991,0.0,pconc
mw7_2327,0.99912,0.0,pconc
mw7_2328,0.99913,0.0,pconc
mw7_2329,0.99915,0.0,pconc
mw7_2330,0.99917,0.0,pconc
mw7_2331,0.99919,0.0,pconc
mw7_2332,0.9992,0.0,pconc
mw7_2333,0.99922,0.0,pconc
mw7_2334,0.99923,0.0,pconc
mw7_2335,0.99925,0.0,pconc
mw7_2336,0.99927,0.0,pconc
mw7_2337,0.99928,0.0,pconc
mw7_2338,0.99929,0.0,pconc
mw7_2339,0.99931,0.0,pconc
mw7_2340,0.99932,0.0,pconc
mw7_2341,0.99934,0.0,pconc
mw7_2342,0.99935,0.0,pconc
mw7_2343,0.99936,0.0,pconc
mw7_2344,0.99938,0.0,pconc
mw7_2345,0.99939,0.0,pconc
mw7_2346,0.9994,0.0,pconc
mw7_2347,0.99941,0.0,pconc
mw7_2348,0.99943,0.0,pconc
mw7_2349,0.99944,0.0,pconc
mw7_2350,0.99945,0.0,pconc
mw7_2351,0.99946,0.0,pconc
mw7_2352,0.99947,0.0,pconc
mw7_2353,0.99948,0.0,pconc
mw7_2354,0.99949,0.0,pconc
mw7_2355,0.9995,0.0,pconc
mw7_2356,0.99952,0.0,pconc
mw7_2357,0.99953,0.0,pconc
mw7_2358,0.99954,0.0,pconc
mw7_2359,0.99955,0.0,pconc
mw7_2360,0.99955,0.0,pconc
mw7_2361,0.99956,0.0,pconc
mw7_2362,0.99957,0.0,pconc
mw7_2363,0.99958,0.0,pconc
mw7_2364,0.99959,0.0,pconc
mw7_2365,0.9996,0.0,pconc
mw7_2366,0.99961,0.0,pconc
mw7_2367,0.99962,0.0,pconc
mw7_2368,0.99963,0.0,pconc
mw7_2369,0.99963,0.0,pconc
mw7_2370,0.99964,0.0,pconc
mw7_2371,0.99965,0.0,pconc
mw7_2372,0.99966,0.0,pconc
mw7_2373,0.99967,0.0,pconc
mw7_2374,0.99967,0.0,pconc
mw7_2375,0.99968,0.0,pconc
mw7_2376,0.99969,0.0,pconc
mw7_2377,0.9997,0.0,pconc
mw7_2378,0.9997,0.0,pconc
mw7_2379,0.99971,0.0,pconc
mw7_2380,0.99972,0.0,pconc
mw7_2381,0.99972,0.0,pconc
mw7_2382,0.99973,0.0,pconc
mw7_2383,0.99974,0.0,pconc
mw7_2384,0.99974,0.0,pconc
mw7_2385,0.99975,0.0,pconc
mw7_2386,0.99975,0.0,pconc
mw7_2387,0.99976,0.0,pconc
mw7_2388,0.99977,0.0,pconc
mw7_2389,0.99977,0.0,pconc
mw7_2390,0.99978,0.0,pconc
mw7_2391,0.99978,0.0,pconc
mw7_2392,0.99979,0.0,pconc
mw7_2393,0.99979,0.0,pconc
mw7_2394,0.9998,0.0,pconc
mw7_2395,0.9998,0.0,pconc
mw7_2396,0.99981,0.0,pconc
mw7_2397,0.99981,0.0,pconc
mw7_2398,0.99982,0.0,pconc
mw7_2399,0.99982,0.0,pconc
mw7_2400,0.99983,0.0,pconc
mw8_2401,0.0,0.0,pconc
mw8_2402,0.0,0.0,pconc
mw8_2403,0.0,0.0,pconc
mw8_2404,0.0,0.0,pconc
mw8_2405,0.0,0.0,pconc
mw8_2406,0.0,0.0,pconc
mw8_2407,0.0,0.0,pconc
mw8_2408,0.0,0.0,pconc
mw8_2409,0.0,0.0,pconc
mw8_2410,0.0,0.0,pconc
mw8_2411,0.0,0.0,pconc
mw8_2412,0.0,0.0,pconc
mw8_2413,0.0,0.0,pconc
mw8_2414,0.0,0.0,pconc
mw8_2415,0.0,0.0,pconc
mw8_2416,0.0,0.0,pconc
mw8_2417,0.0,0.0,pconc
mw8_2418,0.0,0.0,pconc
mw8_2419,0.0,0.0,pconc
mw8_2420,0.0,0.0,pconc
mw8_2421,0.0,0.0,pconc
mw8_2422,0.0,0.0,pconc
mw8_2423,0.0,0.0,pconc
mw8_2424,1e-07,0.0,pconc
mw8_2425,1e-07,0.0,pconc
mw8_2426,2e-07,0.0,pconc
mw8_2427,4e-07,0.0,pconc
mw8_2428,7e-07,0.0,pconc
mw8_2429,1.1e-06,0.0,pconc
mw8_2430,1.8e-06,0.0,pconc
mw8_2431,2.9e-06,0.0,pconc
mw8_2432,4.4e-06,0.0,pconc
mw8_2433,6.8e-06,0.0,pconc
mw8_2434,1.02e-05,0.0,pconc
mw8_2435,1.51e-05,0.0,pconc
mw8_2436,2.2e-05,0.0,pconc
mw8_2437,3.17e-05,0.0,pconc
mw8_2438,4.5e-05,0.0,pconc
mw8_2439,6.31e-05,0.0,pconc
mw8_2440,8.75e-05,0.0,pconc
mw8_2441,0.0001199,0.0,pconc
mw8_2442,0.0001623,0.0,pconc
mw8_2443,0.0002174,0.0,pconc
mw8_2444,0.0002879,0.0,pconc
mw8_2445,0.0003774,0.0,pconc
mw8_2446,0.0004896,0.0,pconc
mw8_2447,0.000629,0.0,pconc
mw8_2448,0.0008005,0.0,pconc
mw8_2449,0.0010096,0.0,pconc
mw8_2450,0.001262,0.0,pconc
mw8_2451,0.0015642,0.0,pconc
mw8_2452,0.0019232,0.0,pconc
mw8_2453,0.0023463,0.0,pconc
mw8_2454,0.0028407,0.0,pconc
mw8_2455,0.0034143,0.0,pconc
mw8_2456,0.0040748,0.0,pconc
mw8_2457,0.0048302,0.0,pconc
mw8_2458,0.0056884,0.0,pconc
mw8_2459,0.0066573,0.0,pconc
mw8_2460,0.0077444,0.0,pconc
mw8_2461,0.0089571,0.0,pconc
mw8_2462,0.010302,0.0,pconc
mw8_2463,0.011786,0.0,pconc
mw8_2464,0.013415,0.0,pconc
mw8_2465,0.015193,0.0,pconc
mw8_2466,0.017122,0.0,pconc
mw8_2467,0.019206,0.0,pconc
mw8_2468,0.021449,0.0,pconc
mw8_2469,0.023851,0.0,pconc
mw8_2470,0.026416,0.0,pconc
mw8_2471,0.029144,0.0,pconc
mw8_2472,0.032036,0.0,pconc
mw8_2473,0.035092,0.0,pconc
mw8_2474,0.038312,0.0,pconc
mw8_2475,0.041693,0.0,pconc
mw8_2476,0.045234,0.0,pconc
mw8_2477,0.048932,0.0,pconc
mw8_2478,0.052785,0.0,pconc
mw8_2479,0.056787,0.0,pconc
mw8_2480,0.060934,0.0,pconc
mw8_2481,0.06522,0.0,pconc
mw8_2482,0.069641,0.0,pconc
mw8_2483,0.07419,0.0,pconc
mw8_2484,0.078862,0.0,pconc
mw8_2485,0.083651,0.0,pconc
mw8_2486,0.08855,0.0,pconc
mw8_2487,0.093553,0.0,pconc
mw8_2488,0.098653,0.0,pconc
mw8_2489,0.10384,0.0,pconc
mw8_2490,0.10912,0.0,pconc
mw8_2491,0.11447,0.0,pconc
mw8_2492,0.1199,0.0,pconc
mw8_2493,0.12539,0.0,pconc
mw8_2494,0.13094,0.0,pconc
mw8_2495,0.13655,0.0,pconc
mw8_2496,0.1422,0.0,pconc
mw8_2497,0.14789,0.0,pconc
mw8_2498,0.15362,0.0,pconc
mw8_2499,0.15938,0.0,pconc
mw8_2500,0.16516,0.0,pconc
mw8_2501,0.17097,0.0,pconc
mw8_2502,0.17679,0.0,pconc
mw8_2503,0.18263,0.0,pconc
mw8_2504,0.18848,0.0,pconc
mw8_2505,0.19433,0.0,pconc
mw8_2506,0.20017,0.0,pconc
mw8_2507,0.20598,0.0,pconc
mw8_2508,0.21177,0.0,pconc
mw8_2509,0.21754,0.0,pconc
mw8_2510,0.22328,0.0,pconc
mw8_2511,0.22899,0.0,pconc
mw8_2512,0.23467,0.0,pconc
mw8_2513,0.24033,0.0,pconc
mw8_2514,0.24596,0.0,pconc
mw8_2515,0.25156,0.0,pconc
mw8_2516,0.25712,0.0,pconc
mw8_2517,0.26265,0.0,pconc
mw8_2518,0.26814,0.0,pconc
mw8_2519,0.2736,0.0,pconc
mw8_2520,0.27901,0.0,pconc
mw8_2521,0.28438,0.0,pconc
mw8_2522,0.28971,0.0,pconc
mw8_2523,0.295,0.0,pconc
mw8_2524,0.30024,0.0,pconc
mw8_2525,0.30543,0.0,pconc
mw8_2526,0.31058,0.0,pconc
mw8_2527,0.31568,0.0,pconc
mw8_2528,0.32073,0.0,pconc
mw8_2529,0.32573,0.0,pconc
mw8_2530,0.33068,0.0,pconc
mw8_2531,0.33558,0.0,pconc
mw8_2532,0.34044,0.0,pconc
mw8_2533,0.34524,0.0,pconc
mw8_2534,0.34999,0.0,pconc
mw8_2535,0.3547,0.0,pconc
mw8_2536,0.35935,0.0,pconc
mw8_2537,0.36395,0.0,pconc
mw8_2538,0.36851,0.0,pconc
mw8_2539,0.37301,0.0,pconc
mw8_2540,0.37746,0.0,pconc
mw8_2541,0.38186,0.0,pconc
mw8_2542,0.38622,0.0,pconc
mw8_2543,0.39053,0.0,pconc
mw8_2544,0.39479,0.0,pconc
mw8_2545,0.399,0.0,pconc
mw8_2546,0.40317,0.0,pconc
mw8_2547,0.40729,0.0,pconc
mw8_2548,0.41137,0.0,pconc
mw8_2549,0.41539,0.0,pconc
mw8_2550,0.41937,0.0,pconc
mw8_2551,0.42329,0.0,pconc
mw8_2552,0.42717,0.0,pconc
mw8_2553,0.431,0.0,pconc
mw8_2554,0.43479,0.0,pconc
mw8_2555,0.43853,0.0,pconc
mw8_2556,0.44222,0.0,pconc
mw8_2557,0.44586,0.0,pconc
mw8_2558,0.44946,0.0,pconc
mw8_2559,0.45302,0.0,pconc
mw8_2560,0.45653,0.0,pconc
mw8_2561,0.46001,0.0,pconc
mw8_2562,0.46344,0.0,pconc
mw8_2563,0.46682,0.0,pconc
mw8_2564,0.47017,0.0,pconc
mw8_2565,0.47348,0.0,pconc
mw8_2566,0.47675,0.0,pconc
mw8_2567,0.47998,0.0,pconc
mw8_2568,0.48317,0.0,pconc
mw8_2569,0.48633,0.0,pconc
mw8_2570,0.48944,0.0,pconc
mw8_2571,0.49253,0.0,pconc
mw8_2572,0.49557,0.0,pconc
mw8_2573,0.49858,0.0,pconc
mw8_2574,0.50155,0.0,pconc
mw8_2575,0.50449,0.0,pconc
mw8_2576,0.5074,0.0,pconc
mw8_2577,0.51027,0.0,pconc
mw8_2578,0.51311,0.0,pconc
mw8_2579,0.51591,0.0,pconc
mw8_2580,0.51869,0.0,pconc
mw8_2581,0.52143,0.0,pconc
mw8_2582,0.52413,0.0,pconc
mw8_2583,0.52681,0.0,pconc
mw8_2584,0.52946,0.0,pconc
mw8_2585,0.53207,0.0,pconc
mw8_2586,0.53466,0.0,pconc
mw8_2587,0.53722,0.0,pconc
mw8_2588,0.53975,0.0,pconc
mw8_2589,0.54225,0.0,pconc
mw8_2590,0.54472,0.0,pconc
mw8_2591,0.54716,0.0,pconc
mw8_2592,0.54958,0.0,pconc
mw8_2593,0.55197,0.0,pconc
mw8_2594,0.55433,0.0,pconc
mw8_2595,0.55666,0.0,pconc
mw8_2596,0.55897,0.0,pconc
mw8_2597,0.56125,0.0,pconc
mw8_2598,0.56351,0.0,pconc
mw8_2599,0.56574,0.0,pconc
mw8_2600,0.56795,0.0,pconc
mw9_2601,0.0,0.0,pconc
mw9_2602,0.0,0.0,pconc
mw9_2603,0.0,0.0,pconc
mw9_2604,0.0,0.0,pconc
mw9_2605,0.0,0.0,pconc
mw9_2606,0.0,0.0,pconc
mw9_2607,0.0,0.0,pconc
mw9_2608,0.0,0.0,pconc
mw9_2609,0.0,0.0,pconc
mw9_2610,0.0,0.0,pconc
mw9_2611,0.0,0.0,pconc
mw9_2612,1e-07,0.0,pconc
mw9_2613,2e-07,0.0,pconc
mw9_2614,4e-07,0.0,pconc
mw9_2615,8e-07,0.0,pconc
mw9_2616,1.6e-06,0.0,pconc
mw9_2617,3.2e-06,0.0,pconc
mw9_2618,6.1e-06,0.0,pconc
mw9_2619,1.11e-05,0.0,pconc
mw9_2620,1.96e-05,0.0,pconc
mw9_2621,3.34e-05,0.0,pconc
mw9_2622,5.49e-05,0.0,pconc
mw9_2623,8.78e-05,0.0,pconc
mw9_2624,0.0001363,0.0,pconc
mw9_2625,0.0002063,0.0,pconc
mw9_2626,0.0003048,0.0,pconc
mw9_2627,0.0004402,0.0,pconc
mw9_2628,0.0006224,0.0,pconc
mw9_2629,0.0008629,0.0,pconc
mw9_2630,0.0011742,0.0,pconc
mw9_2631,0.0015703,0.0,pconc
mw9_2632,0.0020663,0.0,pconc
mw9_2633,0.0026783,0.0,pconc
mw9_2634,0.0034231,0.0,pconc
mw9_2635,0.0043181,0.0,pconc
mw9_2636,0.0053802,0.0,pconc
mw9_2637,0.0066284,0.0,pconc
mw9_2638,0.0080777,0.0,pconc
mw9_2639,0.009744,0.0,pconc
mw9_2640,0.011645,0.0,pconc
mw9_2641,0.013793,0.0,pconc
mw9_2642,0.016203,0.0,pconc
mw9_2643,0.01889,0.0,pconc
mw9_2644,0.021864,0.0,pconc
mw9_2645,0.025136,0.0,pconc
mw9_2646,0.028717,0.0,pconc
mw9_2647,0.032616,0.0,pconc
mw9_2648,0.036841,0.0,pconc
mw9_2649,0.041397,0.0,pconc
mw9_2650,0.046291,0.0,pconc
mw9_2651,0.051524,0.0,pconc
mw9_2652,0.0571,0.0,pconc
mw9_2653,0.063018,0.0,pconc
mw9_2654,0.069277,0.0,pconc
mw9_2655,0.075871,0.0,pconc
mw9_2656,0.082796,0.0,pconc
mw9_2657,0.090044,0.0,pconc
mw9_2658,0.097605,0.0,pconc
mw9_2659,0.10547,0.0,pconc
mw9_2660,0.11362,0.0,pconc
mw9_2661,0.12205,0.0,pconc
mw9_2662,0.13074,0.0,pconc
mw9_2663,0.13968,0.0,pconc
mw9_2664,0.14884,0.0,pconc
mw9_2665,0.15821,0.0,pconc
mw9_2666,0.16776,0.0,pconc
mw9_2667,0.17746,0.0,pconc
mw9_2668,0.18731,0.0,pconc
mw9_2669,0.19726,0.0,pconc
mw9_2670,0.20732,0.0,pconc
mw9_2671,0.21746,0.0,pconc
mw9_2672,0.22765,0.0,pconc
mw9_2673,0.2379,0.0,pconc
mw9_2674,0.24817,0.0,pconc
mw9_2675,0.25846,0.0,pconc
mw9_2676,0.26874,0.0,pconc
mw9_2677,0.27901,0.0,pconc
mw9_2678,0.28923,0.0,pconc
mw9_2679,0.29941,0.0,pconc
mw9_2680,0.30952,0.0,pconc
mw9_2681,0.31955,0.0,pconc
mw9_2682,0.3295,0.0,pconc
mw9_2683,0.33934,0.0,pconc
mw9_2684,0.34907,0.0,pconc
mw9_2685,0.35869,0.0,pconc
mw9_2686,0.36818,0.0,pconc
mw9_2687,0.37754,0.0,pconc
mw9_2688,0.38676,0.0,pconc
mw9_2689,0.39585,0.0,pconc
mw9_2690,0.40479,0.0,pconc
mw9_2691,0.41358,0.0,pconc
mw9_2692,0.42222,0.0,pconc
mw9_2693,0.43071,0.0,pconc
mw9_2694,0.43905,0.0,pconc
mw9_2695,0.44723,0.0,pconc
mw9_2696,0.45526,0.0,pconc
mw9_2697,0.46314,0.0,pconc
mw9_2698,0.47087,0.0,pconc
mw9_2699,0.47844,0.0,pconc
mw9_2700,0.48587,0.0,pconc
mw9_2701,0.49315,0.0,pconc
mw9_2702,0.50028,0.0,pconc
mw9_2703,0.50727,0.0,pconc
mw9_2704,0.51411,0.0,pconc
mw9_2705,0.52081,0.0,pconc
mw9_2706,0.52737,0.0,pconc
mw9_2707,0.53378,0.0,pconc
mw9_2708,0.54005,0.0,pconc
mw9_2709,0.54619,0.0,pconc
mw9_2710,0.5522,0.0,pconc
mw9_2711,0.55804,0.0,pconc
mw9_2712,0.56371,0.0,pconc
mw9_2713,0.56923,0.0,pconc
mw9_2714,0.57462,0.0,pconc
mw9_2715,0.5799,0.0,pconc
mw9_2716,0.58506,0.0,pconc
mw9_2717,0.59013,0.0,pconc
mw9_2718,0.59509,0.0,pconc
mw9_2719,0.59996,0.0,pconc
mw9_2720,0.60474,0.0,pconc
mw9_2721,0.60942,0.0,pconc
mw9_2722,0.61401,0.0,pconc
mw9_2723,0.61851,0.0,pconc
mw9_2724,0.62292,0.0,pconc
mw9_2725,0.62725,0.0,pconc
mw9_2726,0.63149,0.0,pconc
mw9_2727,0.63564,0.0,pconc
mw9_2728,0.63972,0.0,pconc
mw9_2729,0.64372,0.0,pconc
mw9_2730,0.64764,0.0,pconc
mw9_2731,0.65148,0.0,pconc
mw9_2732,0.65525,0.0,pconc
mw9_2733,0.65894,0.0,pconc
mw9_2734,0.66257,0.0,pconc
mw9_2735,0.66612,0.0,pconc
mw9_2736,0.66961,0.0,pconc
mw9_2737,0.67303,0.0,pconc
mw9_2738,0.67638,0.0,pconc
mw9_2739,0.67967,0.0,pconc
mw9_2740,0.68291,0.0,pconc
mw9_2741,0.68608,0.0,pconc
mw9_2742,0.68919,0.0,pconc
mw9_2743,0.69225,0.0,pconc
mw9_2744,0.69524,0.0,pconc
mw9_2745,0.69819,0.0,pconc
mw9_2746,0.70108,0.0,pconc
mw9_2747,0.70392,0.0,pconc
mw9_2748,0.7067,0.0,pconc
mw9_2749,0.70944,0.0,pconc
mw9_2750,0.71213,0.0,pconc
mw9_2751,0.71477,0.0,pconc
mw9_2752,0.71736,0.0,pconc
mw9_2753,0.7199,0.0,pconc
mw9_2754,0.7224,0.0,pconc
mw9_2755,0.72484,0.0,pconc
mw9_2756,0.72724,0.0,pconc
mw9_2757,0.72946,0.0,pconc
mw9_2758,0.73156,0.0,pconc
mw9_2759,0.73359,0.0,pconc
mw9_2760,0.73558,0.0,pconc
mw9_2761,0.73757,0.0,pconc
mw9_2762,0.73956,0.0,pconc
mw9_2763,0.74155,0.0,pconc
mw9_2764,0.74355,0.0,pconc
mw9_2765,0.74556,0.0,pconc
mw9_2766,0.74757,0.0,pconc
mw9_2767,0.74958,0.0,pconc
mw9_2768,0.75158,0.0,pconc
mw9_2769,0.75357,0.0,pconc
mw9_2770,0.75555,0.0,pconc
mw9_2771,0.7575,0.0,pconc
mw9_2772,0.75944,0.0,pconc
mw9_2773,0.76135,0.0,pconc
mw9_2774,0.76324,0.0,pconc
mw9_2775,0.76511,0.0,pconc
mw9_2776,0.76694,0.0,pconc
mw9_2777,0.76875,0.0,pconc
mw9_2778,0.77053,0.0,pconc
mw9_2779,0.77228,0.0,pconc
mw9_2780,0.774,0.0,pconc
mw9_2781,0.7757,0.0,pconc
mw9_2782,0.77736,0.0,pconc
mw9_2783,0.779,0.0,pconc
mw9_2784,0.78062,0.0,pconc
mw9_2785,0.78221,0.0,pconc
mw9_2786,0.78377,0.0,pconc
mw9_2787,0.78531,0.0,pconc
mw9_2788,0.78683,0.0,pconc
mw9_2789,0.78832,0.0,pconc
mw9_2790,0.7898,0.0,pconc
mw9_2791,0.79125,0.0,pconc
mw9_2792,0.79268,0.0,pconc
mw9_2793,0.79409,0.0,pconc
mw9_2794,0.79548,0.0,pconc
mw9_2795,0.79685,0.0,pconc
mw9_2796,0.7982,0.0,pconc
mw9_2797,0.79954,0.0,pconc
mw9_2798,0.80085,0.0,pconc
mw9_2799,0.80215,0.0,pconc
mw9_2800,0.80343,0.0,pconc
mw10_2801,0.0,0.0,pconc
mw10_2802,-0.0,0.0,pconc
mw10_2803,-0.0,0.0,pconc
mw10_2804,-0.0,0.0,pconc
mw10_2805,-0.0,0.0,pconc
mw10_2806,-0.0,0.0,pconc
mw10_2807,-0.0,0.0,pconc
mw10_2808,-0.0,0.0,pconc
mw10_2809,-0.0,0.0,pconc
mw10_2810,-0.0,0.0,pconc
mw10_2811,-0.0,0.0,pconc
mw10_2812,-0.0,0.0,pconc
mw10_2813,-0.0,0.0,pconc
mw10_2814,-0.0,0.0,pconc
mw10_2815,-0.0,0.0,pconc
mw10_2816,-0.0,0.0,pconc
mw10_2817,-0.0,0.0,pconc
mw10_2818,-0.0,0.0,pconc
mw10_2819,-0.0,0.0,pconc
mw10_2820,-0.0,0.0,pconc
mw10_2821,-0.0,0.0,pconc
mw10_2822,-0.0,0.0,pconc
mw10_2823,-0.0,0.0,pconc
mw10_2824,-0.0,0.0,pconc
mw10_2825,-0.0,0.0,pconc
mw10_2826,-0.0,0.0,pconc
mw10_2827,-0.0,0.0,pconc
mw10_2828,0.0,0.0,pconc
mw10_2829,0.0,0.0,pconc
mw10_2830,0.0,0.0,pconc
mw10_2831,0.0,0.0,pconc
mw10_2832,0.0,0.0,pconc
mw10_2833,0.0,0.0,pconc
mw10_2834,0.0,0.0,pconc
mw10_2835,0.0,0.0,pconc
mw10_2836,0.0,0.0,pconc
mw10_2837,0.0,0.0,pconc
mw10_2838,0.0,0.0,pconc
mw10_2839,0.0,0.0,pconc
mw10_2840,0.0,0.0,pconc
mw10_2841,0.0,0.0,pconc
mw10_2842,0.0,0.0,pconc
mw10_2843,0.0,0.0,pconc
mw10_2844,0.0,0.0,pconc
mw10_2845,0.0,0.0,pconc
mw10_2846,0.0,0.0,pconc
mw10_2847,0.0,0.0,pconc
mw10_2848,0.0,0.0,pconc
mw10_2849,0.0,0.0,pconc
mw10_2850,0.0,0.0,pconc
mw10_2851,0.0,0.0,pconc
mw10_2852,0.0,0.0,pconc
mw10_2853,0.0,0.0,pconc
mw10_2854,0.0,0.0,pconc
mw10_2855,0.0,0.0,pconc
mw10_2856,0.0,0.0,pconc
mw10_2857,0.0,0.0,pconc
mw10_2858,0.0,0.0,pconc
mw10_2859,0.0,0.0,pconc
mw10_2860,0.0,0.0,pconc
mw10_2861,0.0,0.0,pconc
mw10_2862,0.0,0.0,pconc
mw10_2863,0.0,0.0,pconc
mw10_2864,0.0,0.0,pconc
mw10_2865,0.0,0.0,pconc
mw10_2866,0.0,0.0,pconc
mw10_2867,0.0,0.0,pconc
mw10_2868,0.0,0.0,pconc
mw10_2869,0.0,0.0,pconc
mw10_2870,0.0,0.0,pconc
mw10_2871,0.0,0.0,pconc
mw10_2872,0.0,0.0,pconc
mw10_2873,0.0,0.0,pconc
mw10_2874,0.0,0.0,pconc
mw10_2875,0.0,0.0,pconc
mw10_2876,0.0,0.0,pconc
mw10_2877,0.0,0.0,pconc
mw10_2878,0.0,0.0,pconc
mw10_2879,0.0,0.0,pconc
mw10_2880,0.0,0.0,pconc
mw10_2881,0.0,0.0,pconc
mw10_2882,0.0,0.0,pconc
mw10_2883,0.0,0.0,pconc
mw10_2884,0.0,0.0,pconc
mw10_2885,0.0,0.0,pconc
mw10_2886,0.0,0.0,pconc
mw10_2887,0.0,0.0,pconc
mw10_2888,0.0,0.0,pconc
mw10_2889,0.0,0.0,pconc
mw10_2890,0.0,0.0,pconc
mw10_2891,0.0,0.0,pconc
mw10_2892,0.0,0.0,pconc
mw10_2893,0.0,0.0,pconc
mw10_2894,0.0,0.0,pconc
mw10_2895,0.0,0.0,pconc
mw10_2896,1e-07,0.0,pconc
mw10_2897,1e-07,0.0,pconc
mw10_2898,1e-07,0.0,pconc
mw10_2899,1e-07,0.0,pconc
mw10_2900,2e-07,0.0,pconc
mw10_2901,2e-07,0.0,pconc
mw10_2902,2e-07,0.0,pconc
mw10_2903,3e-07,0.0,pconc
mw10_2904,4e-07,0.0,pconc
mw10_2905,5e-07,0.0,pconc
mw10_2906,6e-07,0.0,pconc
mw10_2907,7e-07,0.0,pconc
mw10_2908,9e-07,0.0,pconc
mw10_2909,1.1e-06,0.0,pconc
mw10_2910,1.4e-06,0.0,pconc
mw10_2911,1.7e-06,0.0,pconc
mw10_2912,2.1e-06,0.0,pconc
mw10_2913,2.5e-06,0.0,pconc
mw10_2914,3.1e-06,0.0,pconc
mw10_2915,3.8e-06,0.0,pconc
mw10_2916,4.6e-06,0.0,pconc
mw10_2917,5.5e-06,0.0,pconc
mw10_2918,6.6e-06,0.0,pconc
mw10_2919,8e-06,0.0,pconc
mw10_2920,9.6e-06,0.0,pconc
mw10_2921,1.15e-05,0.0,pconc
mw10_2922,1.38e-05,0.0,pconc
mw10_2923,1.64e-05,0.0,pconc
mw10_2924,1.95e-05,0.0,pconc
mw10_2925,2.31e-05,0.0,pconc
mw10_2926,2.74e-05,0.0,pconc
mw10_2927,3.23e-05,0.0,pconc
mw10_2928,3.81e-05,0.0,pconc
mw10_2929,4.48e-05,0.0,pconc
mw10_2930,5.26e-05,0.0,pconc
mw10_2931,6.15e-05,0.0,pconc
mw10_2932,7.18e-05,0.0,pconc
mw10_2933,8.37e-05,0.0,pconc
mw10_2934,9.74e-05,0.0,pconc
mw10_2935,0.000113,0.0,pconc
mw10_2936,0.0001308,0.0,pconc
mw10_2937,0.0001511,0.0,pconc
mw10_2938,0.0001742,0.0,pconc
mw10_2939,0.0002004,0.0,pconc
mw10_2940,0.00023,0.0,pconc
mw10_2941,0.0002635,0.0,pconc
mw10_2942,0.0003012,0.0,pconc
mw10_2943,0.0003436,0.0,pconc
mw10_2944,0.0003913,0.0,pconc
mw10_2945,0.0004446,0.0,pconc
mw10_2946,0.0005041,0.0,pconc
mw10_2947,0.0005706,0.0,pconc
mw10_2948,0.0006445,0.0,pconc
mw10_2949,0.0007266,0.0,pconc
mw10_2950,0.0008177,0.0,pconc
mw10_2951,0.0009185,0.0,pconc
mw10_2952,0.0010296,0.0,pconc
mw10_2953,0.0011521,0.0,pconc
mw10_2954,0.0012868,0.0,pconc
mw10_2955,0.0014347,0.0,pconc
mw10_2956,0.0015966,0.0,pconc
mw10_2957,0.0017732,0.0,pconc
mw10_2958,0.0019661,0.0,pconc
mw10_2959,0.0021764,0.0,pconc
mw10_2960,0.0024052,0.0,pconc
mw10_2961,0.0026536,0.0,pconc
mw10_2962,0.0029228,0.0,pconc
mw10_2963,0.0032142,0.0,pconc
mw10_2964,0.0035291,0.0,pconc
mw10_2965,0.0038689,0.0,pconc
mw10_2966,0.0042349,0.0,pconc
mw10_2967,0.0046287,0.0,pconc
mw10_2968,0.0050512,0.0,pconc
mw10_2969,0.0055028,0.0,pconc
mw10_2970,0.0059848,0.0,pconc
mw10_2971,0.0064988,0.0,pconc
mw10_2972,0.0070462,0.0,pconc
mw10_2973,0.0076285,0.0,pconc
mw10_2974,0.0082473,0.0,pconc
mw10_2975,0.0089039,0.0,pconc
mw10_2976,0.0095998,0.0,pconc
mw10_2977,0.010336,0.0,pconc
mw10_2978,0.011115,0.0,pconc
mw10_2979,0.011936,0.0,pconc
mw10_2980,0.012803,0.0,pconc
mw10_2981,0.013715,0.0,pconc
mw10_2982,0.014674,0.0,pconc
mw10_2983,0.015681,0.0,pconc
mw10_2984,0.016737,0.0,pconc
mw10_2985,0.017844,0.0,pconc
mw10_2986,0.019002,0.0,pconc
mw10_2987,0.020213,0.0,pconc
mw10_2988,0.021477,0.0,pconc
mw10_2989,0.022795,0.0,pconc
mw10_2990,0.024168,0.0,pconc
mw10_2991,0.025597,0.0,pconc
mw10_2992,0.027082,0.0,pconc
mw10_2993,0.028624,0.0,pconc
mw10_2994,0.030224,0.0,pconc
mw10_2995,0.031882,0.0,pconc
mw10_2996,0.033598,0.0,pconc
mw10_2997,0.035373,0.0,pconc
mw10_2998,0.037207,0.0,pconc
mw10_2999,0.039101,0.0,pconc
mw10_3000,0.041054,0.0,pconc
