time,MW1,MW2,MW3,MW4,MW5,MW6,MW7,MW8,MW9,MW10
2.000000000000,0.5312E-08,-0.2585E-10,0.2859E-06,0.4495E-11,0.1584E-05,0.3487E-08,0.1780E-04,0.6978E-32,-0.8027E-46,0.1353E-47
4.000000000000,0.8568E-07,-0.4748E-10,0.2287E-05,0.1239E-09,0.1564E-04,0.3346E-07,0.1589E-03,0.7879E-31,-0.1870E-44,0.2453E-46
6.000000000000,0.5587E-06,0.1330E-10,0.1209E-04,0.5869E-09,0.9310E-04,0.9547E-07,0.7608E-03,0.4700E-30,-0.2160E-43,0.2336E-45
8.000000000000,0.2289E-05,0.1271E-09,0.4865E-04,0.2716E-08,0.3915E-03,0.3471E-06,0.2547E-02,0.1981E-29,-0.1682E-42,0.1545E-44
10.00000000000,0.8281E-05,0.1397E-08,0.1607E-03,0.9519E-08,0.1277E-02,0.1094E-05,0.6676E-02,0.6550E-29,-0.1001E-41,0.7883E-44
12.00000000000,0.2624E-04,0.2573E-08,0.4485E-03,0.2728E-07,0.3428E-02,0.2855E-05,0.1458E-01,0.1795E-28,-0.4877E-41,0.3289E-43
14.00000000000,0.7484E-04,0.4528E-08,0.1087E-02,0.6960E-07,0.7868E-02,0.7282E-05,0.2764E-01,0.4176E-28,-0.2032E-40,0.1164E-42
16.00000000000,0.1917E-03,0.1202E-07,0.2341E-02,0.1516E-06,0.1583E-01,0.1746E-04,0.4680E-01,0.8273E-28,-0.7460E-40,0.3577E-42
18.00000000000,0.4472E-03,0.2918E-07,0.4563E-02,0.3178E-06,0.2857E-01,0.3939E-04,0.7236E-01,0.1338E-27,-0.2462E-39,0.9678E-42
20.00000000000,0.9578E-03,0.7684E-07,0.8164E-02,0.6246E-06,0.4713E-01,0.8248E-04,0.1040,0.1438E-27,-0.7410E-39,0.2309E-41
22.00000000000,0.1902E-02,0.1262E-06,0.1356E-01,0.1186E-05,0.7203E-01,0.1616E-03,0.1407,-0.6588E-28,-0.2056E-38,0.4781E-41
24.00000000000,0.3526E-02,0.2197E-06,0.2112E-01,0.2167E-05,0.1032,0.2991E-03,0.1813,-0.9200E-27,-0.5295E-38,0.8113E-41
26.00000000000,0.6144E-02,0.3400E-06,0.3111E-01,0.3806E-05,0.1399,0.5274E-03,0.2244,-0.3363E-26,-0.1271E-37,0.8997E-41
28.00000000000,0.1012E-01,0.6067E-06,0.4366E-01,0.6477E-05,0.1811,0.8914E-03,0.2688,-0.9309E-26,-0.2844E-37,-0.5402E-41
30.00000000000,0.1584E-01,0.1084E-05,0.5875E-01,0.1071E-04,0.2253,0.1448E-02,0.3134,-0.2227E-25,-0.5916E-37,-0.7308E-40
32.00000000000,0.2368E-01,0.1980E-05,0.7626E-01,0.1723E-04,0.2711,0.2266E-02,0.3571,-0.4835E-25,-0.1133E-36,-0.2921E-39
34.00000000000,0.3394E-01,0.3595E-05,0.9592E-01,0.2703E-04,0.3172,0.3427E-02,0.3994,-0.9754E-25,-0.1949E-36,-0.8931E-39
36.00000000000,0.4683E-01,0.6461E-05,0.1174,0.4142E-04,0.3626,0.5019E-02,0.4397,-0.1855E-24,-0.2840E-36,-0.2383E-38
38.00000000000,0.6244E-01,0.1142E-04,0.1404,0.6211E-04,0.4063,0.7138E-02,0.4776,-0.3359E-24,-0.2809E-36,-0.5819E-38
40.00000000000,0.8074E-01,0.1975E-04,0.1646,0.9128E-04,0.4478,0.9875E-02,0.5130,-0.5828E-24,0.1275E-36,-0.1330E-37
42.00000000000,0.1015,0.3345E-04,0.1894,0.1317E-03,0.4867,0.1332E-01,0.5446,-0.9728E-24,0.1772E-35,-0.2883E-37
44.00000000000,0.1246,0.5545E-04,0.2147,0.1868E-03,0.5229,0.1754E-01,0.5728,-0.1567E-23,0.6655E-35,-0.5983E-37
46.00000000000,0.1495,0.8994E-04,0.2402,0.2606E-03,0.5564,0.2260E-01,0.5988,-0.2442E-23,0.1930E-34,-0.1195E-36
48.00000000000,0.1758,0.1428E-03,0.2654,0.3583E-03,0.5872,0.2855E-01,0.6230,-0.3682E-23,0.4944E-34,-0.2310E-36
50.00000000000,0.2032,0.2220E-03,0.2904,0.4854E-03,0.6155,0.3539E-01,0.6458,-0.5378E-23,0.1173E-33,-0.4333E-36
52.00000000000,0.2313,0.3384E-03,0.3148,0.6466E-03,0.6413,0.4313E-01,0.6671,-0.7605E-23,0.2636E-33,-0.7910E-36
54.00000000000,0.2595,0.5058E-03,0.3385,0.8445E-03,0.6650,0.5176E-01,0.6868,-0.1039E-22,0.5683E-33,-0.1409E-35
56.00000000000,0.2876,0.7415E-03,0.3614,0.1093E-02,0.6867,0.6123E-01,0.7051,-0.1365E-22,0.1185E-32,-0.2453E-35
58.00000000000,0.3152,0.1067E-02,0.3835,0.1402E-02,0.7065,0.7148E-01,0.7218,-0.1713E-22,0.2404E-32,-0.4182E-35
60.00000000000,0.3422,0.1507E-02,0.4046,0.1782E-02,0.7247,0.8240E-01,0.7371,-0.2029E-22,0.4763E-32,-0.6988E-35
62.00000000000,0.3683,0.2090E-02,0.4248,0.2244E-02,0.7414,0.9393E-01,0.7511,-0.2212E-22,0.9245E-32,-0.1146E-34
64.00000000000,0.3935,0.2851E-02,0.4440,0.2800E-02,0.7567,0.1060,0.7639,-0.2083E-22,0.1762E-31,-0.1848E-34
66.00000000000,0.4175,0.3823E-02,0.4613,0.3460E-02,0.7708,0.1186,0.7755,-0.1347E-22,0.3304E-31,-0.2930E-34
68.00000000000,0.4405,0.5047E-02,0.4769,0.4234E-02,0.7837,0.1315,0.7861,0.4595E-23,0.6103E-31,-0.4571E-34
70.00000000000,0.4623,0.6559E-02,0.4914,0.5146E-02,0.7956,0.1449,0.7959,0.4043E-22,0.1112E-30,-0.7027E-34
72.00000000000,0.4830,0.8399E-02,0.5044,0.6220E-02,0.8065,0.1586,0.8049,0.1044E-21,0.1999E-30,-0.1065E-33
74.00000000000,0.5025,0.1060E-01,0.5167,0.7459E-02,0.8166,0.1725,0.8131,0.2116E-21,0.3552E-30,-0.1591E-33
76.00000000000,0.5211,0.1321E-01,0.5290,0.8873E-02,0.8256,0.1865,0.8208,0.3842E-21,0.6236E-30,-0.2347E-33
78.00000000000,0.5386,0.1624E-01,0.5413,0.1047E-01,0.8337,0.2007,0.8279,0.6542E-21,0.1083E-29,-0.3417E-33
80.00000000000,0.5551,0.1972E-01,0.5536,0.1224E-01,0.8412,0.2150,0.8345,0.1069E-20,0.1859E-29,-0.4916E-33
82.00000000000,0.5708,0.2366E-01,0.5657,0.1421E-01,0.8482,0.2293,0.8407,0.1685E-20,0.3159E-29,-0.6990E-33
84.00000000000,0.5856,0.2806E-01,0.5776,0.1639E-01,0.8549,0.2435,0.8466,0.2586E-20,0.5313E-29,-0.9829E-33
86.00000000000,0.5997,0.3293E-01,0.5891,0.1878E-01,0.8612,0.2577,0.8521,0.3899E-20,0.8845E-29,-0.1367E-32
88.00000000000,0.6130,0.3823E-01,0.6001,0.2140E-01,0.8672,0.2717,0.8572,0.5806E-20,0.1458E-28,-0.1882E-32
90.00000000000,0.6256,0.4398E-01,0.6106,0.2424E-01,0.8729,0.2856,0.8621,0.8578E-20,0.2380E-28,-0.2566E-32
92.00000000000,0.6376,0.5013E-01,0.6205,0.2733E-01,0.8783,0.2993,0.8667,0.1261E-19,0.3849E-28,-0.3464E-32
94.00000000000,0.6490,0.5667E-01,0.6299,0.3064E-01,0.8833,0.3128,0.8711,0.1844E-19,0.6167E-28,-0.4634E-32
96.00000000000,0.6598,0.6358E-01,0.6387,0.3420E-01,0.8881,0.3261,0.8753,0.2689E-19,0.9792E-28,-0.6144E-32
98.00000000000,0.6702,0.7081E-01,0.6471,0.3798E-01,0.8926,0.3391,0.8790,0.3917E-19,0.1541E-27,-0.8077E-32
100.0000000000,0.6800,0.7834E-01,0.6550,0.4201E-01,0.8968,0.3518,0.8823,0.5697E-19,0.2404E-27,-0.1053E-31
102.0000000000,0.6894,0.8612E-01,0.6624,0.4625E-01,0.9007,0.3644,0.8856,0.8275E-19,0.3717E-27,-0.1362E-31
104.0000000000,0.6984,0.9413E-01,0.6695,0.5072E-01,0.9044,0.3774,0.8888,0.1200E-18,0.5699E-27,-0.1747E-31
106.0000000000,0.7069,0.1023,0.6761,0.5539E-01,0.9079,0.3901,0.8919,0.1740E-18,0.8666E-27,-0.2224E-31
108.0000000000,0.7151,0.1106,0.6824,0.6023E-01,0.9112,0.4026,0.8950,0.2486E-18,0.1307E-26,-0.2810E-31
110.0000000000,0.7230,0.1191,0.6883,0.6520E-01,0.9143,0.4147,0.8981,0.3533E-18,0.1956E-26,-0.3525E-31
112.0000000000,0.7305,0.1276,0.6940,0.7039E-01,0.9173,0.4265,0.9011,0.5009E-18,0.2903E-26,-0.4390E-31
114.0000000000,0.7377,0.1361,0.6993,0.7577E-01,0.9201,0.4380,0.9040,0.7099E-18,0.4278E-26,-0.5427E-31
116.0000000000,0.7446,0.1446,0.7044,0.8129E-01,0.9228,0.4492,0.9068,0.1006E-17,0.6256E-26,-0.6661E-31
118.0000000000,0.7512,0.1532,0.7093,0.8696E-01,0.9253,0.4601,0.9095,0.1425E-17,0.9084E-26,-0.8118E-31
120.0000000000,0.7575,0.1616,0.7139,0.9277E-01,0.9277,0.4708,0.9121,0.2016E-17,0.1310E-25,-0.9820E-31
122.0000000000,0.7636,0.1700,0.7184,0.9872E-01,0.9300,0.4811,0.9147,0.2848E-17,0.1875E-25,-0.1179E-30
124.0000000000,0.7695,0.1782,0.7227,0.1048,0.9321,0.4912,0.9171,0.4014E-17,0.2667E-25,-0.1405E-30
126.0000000000,0.7752,0.1864,0.7268,0.1110,0.9341,0.5011,0.9194,0.5643E-17,0.3768E-25,-0.1661E-30
128.0000000000,0.7806,0.1944,0.7308,0.1172,0.9359,0.5107,0.9217,0.7908E-17,0.5289E-25,-0.1947E-30
130.0000000000,0.7858,0.2022,0.7345,0.1235,0.9377,0.5201,0.9238,0.1105E-16,0.7377E-25,-0.2263E-30
132.0000000000,0.7909,0.2099,0.7382,0.1299,0.9395,0.5293,0.9258,0.1537E-16,0.1023E-24,-0.2604E-30
134.0000000000,0.7957,0.2174,0.7416,0.1363,0.9412,0.5382,0.9277,0.2130E-16,0.1409E-24,-0.2964E-30
136.0000000000,0.8004,0.2247,0.7449,0.1428,0.9429,0.5470,0.9296,0.2940E-16,0.1930E-24,-0.3335E-30
138.0000000000,0.8049,0.2319,0.7481,0.1492,0.9446,0.5555,0.9314,0.4039E-16,0.2629E-24,-0.3700E-30
140.0000000000,0.8093,0.2388,0.7512,0.1557,0.9462,0.5638,0.9331,0.5352E-16,0.3561E-24,-0.4039E-30
142.0000000000,0.8135,0.2455,0.7543,0.1622,0.9477,0.5719,0.9347,0.7129E-16,0.4796E-24,-0.4320E-30
144.0000000000,0.8175,0.2520,0.7573,0.1687,0.9492,0.5797,0.9363,0.9523E-16,0.6427E-24,-0.4504E-30
146.0000000000,0.8215,0.2583,0.7602,0.1751,0.9506,0.5874,0.9378,0.1273E-15,0.8566E-24,-0.4535E-30
148.0000000000,0.8253,0.2645,0.7632,0.1815,0.9520,0.5949,0.9393,0.1701E-15,0.1136E-23,-0.4343E-30
150.0000000000,0.8289,0.2704,0.7661,0.1879,0.9534,0.6022,0.9407,0.2270E-15,0.1499E-23,-0.3833E-30
152.0000000000,0.8325,0.2761,0.7690,0.1942,0.9547,0.6094,0.9421,0.3045E-15,0.1968E-23,-0.2887E-30
154.0000000000,0.8359,0.2816,0.7718,0.2005,0.9559,0.6164,0.9434,0.4065E-15,0.2573E-23,-0.1352E-30
156.0000000000,0.8392,0.2870,0.7746,0.2067,0.9571,0.6233,0.9446,0.5405E-15,0.3347E-23,0.9654E-31
158.0000000000,0.8424,0.2921,0.7773,0.2128,0.9583,0.6300,0.9458,0.7156E-15,0.4336E-23,0.4305E-30
160.0000000000,0.8455,0.2971,0.7800,0.2189,0.9594,0.6365,0.9470,0.9437E-15,0.5593E-23,0.8969E-30
162.0000000000,0.8485,0.3019,0.7827,0.2248,0.9605,0.6429,0.9481,0.1240E-14,0.7184E-23,0.1533E-29
164.0000000000,0.8514,0.3063,0.7853,0.2308,0.9615,0.6492,0.9492,0.1622E-14,0.9191E-23,0.2384E-29
166.0000000000,0.8542,0.3104,0.7879,0.2366,0.9625,0.6553,0.9503,0.2115E-14,0.1171E-22,0.3508E-29
168.0000000000,0.8569,0.3146,0.7904,0.2423,0.9634,0.6613,0.9513,0.2748E-14,0.1486E-22,0.4972E-29
170.0000000000,0.8595,0.3187,0.7929,0.2479,0.9644,0.6672,0.9523,0.3558E-14,0.1880E-22,0.6861E-29
172.0000000000,0.8620,0.3229,0.7953,0.2535,0.9653,0.6729,0.9532,0.4590E-14,0.2368E-22,0.9275E-29
174.0000000000,0.8644,0.3269,0.7977,0.2589,0.9661,0.6785,0.9542,0.5902E-14,0.2973E-22,0.1234E-28
176.0000000000,0.8667,0.3309,0.8000,0.2643,0.9670,0.6840,0.9551,0.7563E-14,0.3719E-22,0.1619E-28
178.0000000000,0.8689,0.3348,0.8023,0.2696,0.9678,0.6893,0.9560,0.9659E-14,0.4637E-22,0.2102E-28
180.0000000000,0.8710,0.3386,0.8045,0.2747,0.9686,0.6946,0.9568,0.1230E-13,0.5761E-22,0.2703E-28
182.0000000000,0.8731,0.3422,0.8067,0.2798,0.9693,0.6997,0.9576,0.1561E-13,0.7136E-22,0.3446E-28
184.0000000000,0.8751,0.3458,0.8089,0.2848,0.9700,0.7047,0.9584,0.1975E-13,0.8810E-22,0.4362E-28
186.0000000000,0.8770,0.3492,0.8110,0.2897,0.9708,0.7096,0.9592,0.2491E-13,0.1084E-21,0.5485E-28
188.0000000000,0.8789,0.3525,0.8131,0.2945,0.9714,0.7143,0.9600,0.3132E-13,0.1330E-21,0.6857E-28
190.0000000000,0.8808,0.3558,0.8151,0.2992,0.9721,0.7190,0.9607,0.3927E-13,0.1628E-21,0.8526E-28
192.0000000000,0.8826,0.3589,0.8171,0.3038,0.9728,0.7236,0.9614,0.4909E-13,0.1985E-21,0.1055E-27
194.0000000000,0.8844,0.3620,0.8190,0.3083,0.9734,0.7280,0.9621,0.6119E-13,0.2415E-21,0.1299E-27
196.0000000000,0.8861,0.3649,0.8209,0.3128,0.9740,0.7324,0.9628,0.7606E-13,0.2929E-21,0.1593E-27
198.0000000000,0.8879,0.3678,0.8228,0.3171,0.9746,0.7366,0.9635,0.9429E-13,0.3543E-21,0.1946E-27
200.0000000000,0.8895,0.3706,0.8247,0.3214,0.9751,0.7408,0.9641,0.1166E-12,0.4274E-21,0.2369E-27
202.0000000000,0.9018,0.3795,0.8394,0.3307,0.9793,0.7431,0.9706,0.1824E-09,0.2205E-18,0.5774E-15
204.0000000000,0.9116,0.3866,0.8511,0.3386,0.9816,0.7453,0.9741,0.4456E-09,-0.1452E-17,0.1644E-14
206.0000000000,0.9197,0.3923,0.8606,0.3457,0.9828,0.7473,0.9762,0.6598E-09,-0.1020E-16,0.3154E-14
208.0000000000,0.9266,0.3971,0.8686,0.3525,0.9836,0.7494,0.9777,0.1050E-08,-0.2420E-16,0.5536E-14
210.0000000000,0.9325,0.4012,0.8754,0.3590,0.9842,0.7516,0.9788,0.1796E-08,-0.5025E-16,0.9573E-14
212.0000000000,0.9377,0.4048,0.8813,0.3653,0.9847,0.7539,0.9797,0.2682E-08,-0.8611E-16,0.1640E-13
214.0000000000,0.9424,0.4080,0.8866,0.3715,0.9852,0.7562,0.9806,0.3950E-08,-0.1352E-15,0.2825E-13
216.0000000000,0.9465,0.4110,0.8913,0.3775,0.9856,0.7586,0.9814,0.6138E-08,-0.2029E-15,0.4912E-13
218.0000000000,0.9501,0.4139,0.8955,0.3834,0.9861,0.7612,0.9822,0.7885E-08,-0.3041E-15,0.8639E-13
220.0000000000,0.9534,0.4166,0.8994,0.3892,0.9865,0.7637,0.9829,0.1265E-07,-0.4554E-15,0.1530E-12
222.0000000000,0.9564,0.4193,0.9030,0.3948,0.9869,0.7664,0.9836,0.2095E-07,-0.6733E-15,0.2692E-12
224.0000000000,0.9590,0.4218,0.9063,0.4004,0.9873,0.7691,0.9843,0.3671E-07,-0.9398E-15,0.4725E-12
226.0000000000,0.9614,0.4243,0.9094,0.4058,0.9877,0.7718,0.9850,0.6362E-07,-0.1235E-14,0.5452E-12
228.0000000000,0.9636,0.4268,0.9124,0.4110,0.9881,0.7745,0.9857,0.1088E-06,-0.1535E-14,0.1229E-11
230.0000000000,0.9655,0.4292,0.9151,0.4162,0.9885,0.7772,0.9863,0.1828E-06,-0.1788E-14,0.1611E-11
232.0000000000,0.9673,0.4315,0.9177,0.4213,0.9889,0.7799,0.9869,0.3016E-06,-0.1856E-14,0.2480E-11
234.0000000000,0.9689,0.4339,0.9202,0.4263,0.9893,0.7826,0.9875,0.4889E-06,-0.8154E-15,0.4007E-11
236.0000000000,0.9704,0.4362,0.9225,0.4313,0.9897,0.7853,0.9881,0.7743E-06,0.9379E-15,0.6410E-11
238.0000000000,0.9718,0.4384,0.9248,0.4361,0.9900,0.7880,0.9886,0.1201E-05,0.1718E-14,0.9933E-11
240.0000000000,0.9730,0.4406,0.9270,0.4409,0.9904,0.7906,0.9891,0.1830E-05,0.3005E-14,0.1480E-10
242.0000000000,0.9741,0.4428,0.9290,0.4456,0.9907,0.7932,0.9896,0.2745E-05,0.5061E-14,0.2149E-10
244.0000000000,0.9752,0.4449,0.9310,0.4502,0.9910,0.7957,0.9901,0.4053E-05,0.8237E-14,0.3039E-10
246.0000000000,0.9762,0.4470,0.9329,0.4548,0.9913,0.7982,0.9906,0.5902E-05,0.1303E-13,0.4180E-10
248.0000000000,0.9771,0.4491,0.9348,0.4593,0.9917,0.8007,0.9910,0.8481E-05,0.2007E-13,0.5607E-10
250.0000000000,0.9779,0.4511,0.9366,0.4638,0.9919,0.8031,0.9914,0.1203E-04,0.3125E-13,0.7501E-10
252.0000000000,0.9787,0.4531,0.9383,0.4681,0.9922,0.8055,0.9918,0.1686E-04,0.4682E-13,0.1270E-09
254.0000000000,0.9794,0.4550,0.9400,0.4725,0.9925,0.8079,0.9922,0.2336E-04,0.6842E-13,0.1745E-09
256.0000000000,0.9801,0.4570,0.9416,0.4767,0.9928,0.8102,0.9925,0.3201E-04,0.9811E-13,0.2186E-09
258.0000000000,0.9807,0.4588,0.9431,0.4810,0.9930,0.8124,0.9929,0.4339E-04,0.1384E-12,0.2626E-09
260.0000000000,0.9813,0.4607,0.9447,0.4851,0.9933,0.8147,0.9932,0.5812E-04,0.1925E-12,0.3079E-09
262.0000000000,0.9819,0.4625,0.9461,0.4892,0.9935,0.8169,0.9935,0.7696E-04,0.2644E-12,0.3547E-09
264.0000000000,0.9824,0.4642,0.9475,0.4933,0.9937,0.8190,0.9938,0.1008E-03,0.3587E-12,0.4024E-09
266.0000000000,0.9829,0.4660,0.9489,0.4973,0.9939,0.8212,0.9941,0.1307E-03,0.4811E-12,0.4684E-09
268.0000000000,0.9834,0.4677,0.9502,0.5012,0.9942,0.8232,0.9943,0.1679E-03,0.6379E-12,0.5621E-09
270.0000000000,0.9838,0.4694,0.9515,0.5051,0.9944,0.8253,0.9946,0.2137E-03,0.8362E-12,0.7211E-09
272.0000000000,0.9842,0.4710,0.9528,0.5089,0.9946,0.8273,0.9948,0.2696E-03,0.1085E-11,0.9718E-09
274.0000000000,0.9846,0.4726,0.9540,0.5127,0.9947,0.8293,0.9951,0.3374E-03,0.1391E-11,0.1458E-08
276.0000000000,0.9850,0.4742,0.9551,0.5165,0.9949,0.8313,0.9953,0.4188E-03,0.1764E-11,0.2443E-08
278.0000000000,0.9854,0.4758,0.9563,0.5201,0.9951,0.8332,0.9955,0.5158E-03,0.2210E-11,0.3479E-08
280.0000000000,0.9857,0.4773,0.9574,0.5238,0.9953,0.8351,0.9957,0.6305E-03,0.2738E-11,0.5988E-08
282.0000000000,0.9860,0.4788,0.9585,0.5274,0.9954,0.8369,0.9959,0.7652E-03,0.3355E-11,0.1082E-07
284.0000000000,0.9863,0.4802,0.9595,0.5309,0.9956,0.8388,0.9961,0.9222E-03,0.4065E-11,0.1935E-07
286.0000000000,0.9866,0.4816,0.9605,0.5344,0.9957,0.8406,0.9962,0.1104E-02,0.4871E-11,0.3375E-07
288.0000000000,0.9869,0.4830,0.9615,0.5378,0.9959,0.8423,0.9964,0.1314E-02,0.5784E-11,0.5721E-07
290.0000000000,0.9872,0.4844,0.9624,0.5412,0.9960,0.8441,0.9966,0.1554E-02,0.6810E-11,0.9437E-07
292.0000000000,0.9874,0.4858,0.9633,0.5446,0.9962,0.8458,0.9967,0.1827E-02,0.7965E-11,0.1519E-06
294.0000000000,0.9877,0.4871,0.9642,0.5479,0.9963,0.8475,0.9968,0.2136E-02,0.9268E-11,0.2401E-06
296.0000000000,0.9879,0.4885,0.9651,0.5511,0.9964,0.8492,0.9970,0.2485E-02,0.1075E-10,0.3733E-06
298.0000000000,0.9881,0.4898,0.9659,0.5543,0.9965,0.8508,0.9971,0.2876E-02,0.1244E-10,0.5718E-06
300.0000000000,0.9883,0.4911,0.9668,0.5575,0.9966,0.8525,0.9972,0.3312E-02,0.1440E-10,0.8638E-06
302.0000000000,0.9885,0.4924,0.9676,0.5606,0.9968,0.8541,0.9974,0.3798E-02,0.1673E-10,0.1288E-05
304.0000000000,0.9887,0.4937,0.9683,0.5637,0.9969,0.8557,0.9975,0.4335E-02,0.1956E-10,0.1896E-05
306.0000000000,0.9889,0.4949,0.9691,0.5667,0.9970,0.8572,0.9976,0.4925E-02,0.2308E-10,0.2758E-05
308.0000000000,0.9890,0.4962,0.9698,0.5697,0.9971,0.8588,0.9977,0.5572E-02,0.2756E-10,0.3966E-05
310.0000000000,0.9892,0.4974,0.9705,0.5727,0.9972,0.8603,0.9978,0.6277E-02,0.3337E-10,0.5640E-05
312.0000000000,0.9894,0.4987,0.9712,0.5756,0.9973,0.8617,0.9979,0.7043E-02,0.4103E-10,0.7936E-05
314.0000000000,0.9895,0.4999,0.9719,0.5785,0.9973,0.8632,0.9980,0.7872E-02,0.5126E-10,0.1106E-04
316.0000000000,0.9897,0.5011,0.9725,0.5813,0.9974,0.8646,0.9981,0.8766E-02,0.6506E-10,0.1526E-04
318.0000000000,0.9898,0.5023,0.9731,0.5841,0.9975,0.8661,0.9981,0.9726E-02,0.8385E-10,0.2087E-04
320.0000000000,0.9900,0.5035,0.9737,0.5868,0.9976,0.8675,0.9982,0.1075E-01,0.1095E-09,0.2829E-04
322.0000000000,0.9901,0.5047,0.9743,0.5895,0.9977,0.8688,0.9983,0.1185E-01,0.1448E-09,0.3802E-04
324.0000000000,0.9902,0.5058,0.9749,0.5922,0.9977,0.8702,0.9984,0.1302E-01,0.1932E-09,0.5068E-04
326.0000000000,0.9904,0.5070,0.9755,0.5948,0.9978,0.8715,0.9984,0.1427E-01,0.2595E-09,0.6702E-04
328.0000000000,0.9905,0.5081,0.9760,0.5974,0.9979,0.8728,0.9985,0.1558E-01,0.3504E-09,0.8792E-04
330.0000000000,0.9906,0.5093,0.9766,0.6000,0.9980,0.8741,0.9986,0.1697E-01,0.4745E-09,0.1145E-03
332.0000000000,0.9908,0.5104,0.9771,0.6025,0.9980,0.8754,0.9986,0.1843E-01,0.6436E-09,0.1479E-03
334.0000000000,0.9909,0.5115,0.9776,0.6050,0.9981,0.8766,0.9987,0.1997E-01,0.8730E-09,0.1898E-03
336.0000000000,0.9910,0.5126,0.9781,0.6074,0.9981,0.8779,0.9988,0.2159E-01,0.1183E-08,0.2418E-03
338.0000000000,0.9911,0.5138,0.9785,0.6099,0.9982,0.8791,0.9988,0.2328E-01,0.1599E-08,0.3059E-03
340.0000000000,0.9913,0.5149,0.9790,0.6122,0.9983,0.8803,0.9989,0.2504E-01,0.2156E-08,0.3844E-03
342.0000000000,0.9914,0.5159,0.9795,0.6146,0.9983,0.8815,0.9989,0.2687E-01,0.2897E-08,0.4799E-03
344.0000000000,0.9915,0.5170,0.9799,0.6169,0.9984,0.8827,0.9990,0.2878E-01,0.3879E-08,0.5953E-03
346.0000000000,0.9916,0.5181,0.9803,0.6191,0.9984,0.8838,0.9990,0.3077E-01,0.5172E-08,0.7338E-03
348.0000000000,0.9917,0.5192,0.9807,0.6214,0.9985,0.8850,0.9990,0.3282E-01,0.6868E-08,0.8990E-03
350.0000000000,0.9919,0.5202,0.9811,0.6236,0.9985,0.8861,0.9991,0.3494E-01,0.9080E-08,0.1095E-02
352.0000000000,0.9920,0.5213,0.9815,0.6258,0.9986,0.8872,0.9991,0.3713E-01,0.1194E-07,0.1326E-02
354.0000000000,0.9921,0.5223,0.9819,0.6279,0.9986,0.8883,0.9992,0.3939E-01,0.1564E-07,0.1596E-02
356.0000000000,0.9922,0.5234,0.9823,0.6300,0.9986,0.8894,0.9992,0.4171E-01,0.2041E-07,0.1911E-02
358.0000000000,0.9923,0.5244,0.9827,0.6321,0.9987,0.8904,0.9992,0.4410E-01,0.2653E-07,0.2276E-02
360.0000000000,0.9924,0.5255,0.9830,0.6341,0.9987,0.8915,0.9993,0.4654E-01,0.3436E-07,0.2697E-02
362.0000000000,0.9925,0.5265,0.9834,0.6362,0.9988,0.8925,0.9993,0.4904E-01,0.4434E-07,0.3179E-02
364.0000000000,0.9926,0.5275,0.9837,0.6381,0.9988,0.8936,0.9993,0.5160E-01,0.5702E-07,0.3727E-02
366.0000000000,0.9927,0.5285,0.9840,0.6401,0.9988,0.8946,0.9994,0.5422E-01,0.7307E-07,0.4346E-02
368.0000000000,0.9928,0.5295,0.9843,0.6420,0.9989,0.8956,0.9994,0.5688E-01,0.9333E-07,0.5037E-02
370.0000000000,0.9929,0.5305,0.9847,0.6439,0.9989,0.8966,0.9994,0.5959E-01,0.1188E-06,0.5807E-02
372.0000000000,0.9930,0.5315,0.9850,0.6458,0.9989,0.8976,0.9995,0.6235E-01,0.1508E-06,0.6661E-02
374.0000000000,0.9931,0.5325,0.9853,0.6477,0.9990,0.8985,0.9995,0.6516E-01,0.1907E-06,0.7609E-02
376.0000000000,0.9932,0.5335,0.9856,0.6495,0.9990,0.8995,0.9995,0.6800E-01,0.2405E-06,0.8655E-02
378.0000000000,0.9933,0.5345,0.9858,0.6513,0.9990,0.9004,0.9995,0.7088E-01,0.3024E-06,0.9806E-02
380.0000000000,0.9934,0.5355,0.9861,0.6531,0.9991,0.9013,0.9995,0.7380E-01,0.3789E-06,0.1107E-01
382.0000000000,0.9935,0.5365,0.9864,0.6548,0.9991,0.9022,0.9996,0.7675E-01,0.4735E-06,0.1245E-01
384.0000000000,0.9936,0.5375,0.9866,0.6565,0.9991,0.9031,0.9996,0.7973E-01,0.5898E-06,0.1395E-01
386.0000000000,0.9937,0.5384,0.9869,0.6582,0.9991,0.9040,0.9996,0.8274E-01,0.7327E-06,0.1557E-01
388.0000000000,0.9937,0.5394,0.9871,0.6599,0.9992,0.9048,0.9996,0.8578E-01,0.9074E-06,0.1733E-01
390.0000000000,0.9938,0.5404,0.9874,0.6616,0.9992,0.9057,0.9996,0.8883E-01,0.1121E-05,0.1922E-01
392.0000000000,0.9939,0.5414,0.9876,0.6632,0.9992,0.9066,0.9997,0.9191E-01,0.1380E-05,0.2124E-01
394.0000000000,0.9940,0.5423,0.9879,0.6648,0.9992,0.9074,0.9997,0.9500E-01,0.1695E-05,0.2340E-01
396.0000000000,0.9941,0.5433,0.9881,0.6664,0.9993,0.9082,0.9997,0.9811E-01,0.2077E-05,0.2570E-01
398.0000000000,0.9942,0.5443,0.9883,0.6679,0.9993,0.9091,0.9997,0.1012,0.2537E-05,0.2814E-01
400.0000000000,0.9942,0.5453,0.9885,0.6695,0.9993,0.9099,0.9997,0.1044,0.3092E-05,0.3073E-01
402.0000000000,0.9943,0.5463,0.9887,0.6710,0.9993,0.9107,0.9997,0.1075,0.3758E-05,0.3345E-01
404.0000000000,0.9944,0.5473,0.9889,0.6725,0.9993,0.9115,0.9998,0.1106,0.4556E-05,0.3632E-01
406.0000000000,0.9945,0.5483,0.9891,0.6740,0.9994,0.9123,0.9998,0.1138,0.5510E-05,0.3932E-01
408.0000000000,0.9945,0.5493,0.9893,0.6754,0.9994,0.9131,0.9998,0.1169,0.6647E-05,0.4247E-01
410.0000000000,0.9946,0.5502,0.9895,0.6769,0.9994,0.9138,0.9998,0.1201,0.7999E-05,0.4576E-01
412.0000000000,0.9947,0.5513,0.9897,0.6783,0.9994,0.9146,0.9998,0.1232,0.9602E-05,0.4918E-01
414.0000000000,0.9948,0.5523,0.9899,0.6797,0.9994,0.9154,0.9998,0.1264,0.1150E-04,0.5274E-01
416.0000000000,0.9948,0.5533,0.9901,0.6811,0.9995,0.9161,0.9998,0.1295,0.1374E-04,0.5642E-01
418.0000000000,0.9949,0.5543,0.9903,0.6825,0.9995,0.9169,0.9998,0.1326,0.1637E-04,0.6024E-01
420.0000000000,0.9950,0.5553,0.9904,0.6838,0.9995,0.9176,0.9999,0.1357,0.1947E-04,0.6417E-01
422.0000000000,0.9950,0.5563,0.9906,0.6852,0.9995,0.9183,0.9999,0.1388,0.2309E-04,0.6822E-01
424.0000000000,0.9951,0.5574,0.9908,0.6865,0.9995,0.9190,0.9999,0.1419,0.2733E-04,0.7238E-01
426.0000000000,0.9952,0.5584,0.9909,0.6878,0.9995,0.9197,0.9999,0.1450,0.3227E-04,0.7665E-01
428.0000000000,0.9952,0.5595,0.9911,0.6891,0.9995,0.9204,0.9999,0.1480,0.3801E-04,0.8101E-01
430.0000000000,0.9953,0.5605,0.9912,0.6903,0.9996,0.9211,0.9999,0.1511,0.4467E-04,0.8546E-01
432.0000000000,0.9954,0.5616,0.9914,0.6916,0.9996,0.9218,0.9999,0.1541,0.5238E-04,0.9000E-01
434.0000000000,0.9954,0.5627,0.9915,0.6928,0.9996,0.9225,0.9999,0.1571,0.6128E-04,0.9461E-01
436.0000000000,0.9955,0.5638,0.9917,0.6940,0.9996,0.9232,0.9999,0.1601,0.7154E-04,0.9930E-01
438.0000000000,0.9955,0.5649,0.9918,0.6952,0.9996,0.9238,0.9999,0.1630,0.8332E-04,0.1041
440.0000000000,0.9956,0.5660,0.9920,0.6964,0.9996,0.9245,0.9999,0.1659,0.9683E-04,0.1089
442.0000000000,0.9957,0.5671,0.9921,0.6976,0.9996,0.9251,0.9999,0.1688,0.1123E-03,0.1137
444.0000000000,0.9957,0.5683,0.9922,0.6988,0.9996,0.9258,1.000,0.1717,0.1299E-03,0.1187
446.0000000000,0.9958,0.5694,0.9924,0.6999,0.9997,0.9264,1.000,0.1746,0.1497E-03,0.1236
448.0000000000,0.9958,0.5706,0.9925,0.7010,0.9997,0.9270,1.000,0.1774,0.1723E-03,0.1286
450.0000000000,0.9959,0.5717,0.9926,0.7022,0.9997,0.9276,1.000,0.1802,0.1978E-03,0.1336
452.0000000000,0.9959,0.5729,0.9927,0.7033,0.9997,0.9282,1.000,0.1830,0.2265E-03,0.1387
454.0000000000,0.9960,0.5740,0.9928,0.7044,0.9997,0.9288,1.000,0.1857,0.2590E-03,0.1438
456.0000000000,0.9960,0.5752,0.9930,0.7054,0.9997,0.9294,1.000,0.1884,0.2955E-03,0.1489
458.0000000000,0.9961,0.5764,0.9931,0.7065,0.9997,0.9300,1.000,0.1911,0.3364E-03,0.1540
460.0000000000,0.9961,0.5776,0.9932,0.7076,0.9997,0.9306,1.000,0.1938,0.3823E-03,0.1591
462.0000000000,0.9962,0.5788,0.9933,0.7086,0.9997,0.9312,1.000,0.1964,0.4335E-03,0.1642
464.0000000000,0.9962,0.5800,0.9934,0.7096,0.9997,0.9318,1.000,0.1990,0.4906E-03,0.1693
466.0000000000,0.9963,0.5812,0.9935,0.7107,0.9997,0.9323,1.000,0.2016,0.5541E-03,0.1743
468.0000000000,0.9963,0.5825,0.9936,0.7117,0.9998,0.9329,1.000,0.2041,0.6246E-03,0.1794
470.0000000000,0.9964,0.5837,0.9937,0.7127,0.9998,0.9334,1.000,0.2067,0.7027E-03,0.1845
472.0000000000,0.9964,0.5849,0.9938,0.7136,0.9998,0.9339,1.000,0.2092,0.7890E-03,0.1895
474.0000000000,0.9965,0.5862,0.9939,0.7146,0.9998,0.9344,1.000,0.2116,0.8842E-03,0.1945
476.0000000000,0.9965,0.5875,0.9940,0.7156,0.9998,0.9349,1.000,0.2141,0.9890E-03,0.1995
478.0000000000,0.9966,0.5887,0.9941,0.7165,0.9998,0.9354,1.000,0.2165,0.1104E-02,0.2045
480.0000000000,0.9966,0.5900,0.9942,0.7175,0.9998,0.9359,1.000,0.2188,0.1230E-02,0.2094
482.0000000000,0.9967,0.5913,0.9943,0.7184,0.9998,0.9364,1.000,0.2212,0.1368E-02,0.2143
484.0000000000,0.9967,0.5926,0.9943,0.7193,0.9998,0.9369,1.000,0.2235,0.1519E-02,0.2191
486.0000000000,0.9968,0.5939,0.9944,0.7202,0.9998,0.9373,1.000,0.2258,0.1683E-02,0.2239
488.0000000000,0.9968,0.5953,0.9945,0.7211,0.9998,0.9378,1.000,0.2281,0.1862E-02,0.2287
490.0000000000,0.9968,0.5966,0.9946,0.7220,0.9998,0.9383,1.000,0.2304,0.2056E-02,0.2334
492.0000000000,0.9969,0.5980,0.9947,0.7229,0.9998,0.9387,1.000,0.2326,0.2266E-02,0.2381
494.0000000000,0.9969,0.5993,0.9948,0.7238,0.9998,0.9392,1.000,0.2348,0.2493E-02,0.2427
496.0000000000,0.9970,0.6007,0.9948,0.7246,0.9999,0.9397,1.000,0.2370,0.2738E-02,0.2473
498.0000000000,0.9970,0.6021,0.9949,0.7255,0.9999,0.9401,1.000,0.2391,0.3003E-02,0.2518
500.0000000000,0.9970,0.6035,0.9950,0.7263,0.9999,0.9406,1.000,0.2412,0.3287E-02,0.2563
502.0000000000,0.9971,0.6048,0.9951,0.7271,0.9999,0.9410,1.000,0.2433,0.3592E-02,0.2607
504.0000000000,0.9971,0.6062,0.9951,0.7280,0.9999,0.9414,1.000,0.2454,0.3919E-02,0.2651
506.0000000000,0.9972,0.6077,0.9952,0.7288,0.9999,0.9419,1.000,0.2475,0.4269E-02,0.2694
508.0000000000,0.9972,0.6091,0.9953,0.7296,0.9999,0.9423,1.000,0.2495,0.4642E-02,0.2737
510.0000000000,0.9972,0.6105,0.9953,0.7304,0.9999,0.9428,1.000,0.2515,0.5041E-02,0.2779
512.0000000000,0.9973,0.6120,0.9954,0.7312,0.9999,0.9432,1.000,0.2534,0.5465E-02,0.2820
514.0000000000,0.9973,0.6134,0.9955,0.7319,0.9999,0.9436,1.000,0.2554,0.5916E-02,0.2861
516.0000000000,0.9973,0.6149,0.9955,0.7327,0.9999,0.9440,1.000,0.2573,0.6394E-02,0.2902
518.0000000000,0.9974,0.6163,0.9956,0.7335,0.9999,0.9445,1.000,0.2592,0.6901E-02,0.2942
520.0000000000,0.9974,0.6178,0.9956,0.7342,0.9999,0.9449,1.000,0.2610,0.7438E-02,0.2981
522.0000000000,0.9974,0.6193,0.9957,0.7350,0.9999,0.9453,1.000,0.2627,0.8005E-02,0.3020
524.0000000000,0.9975,0.6208,0.9958,0.7357,0.9999,0.9457,1.000,0.2647,0.8604E-02,0.3059
526.0000000000,0.9975,0.6223,0.9958,0.7364,0.9999,0.9461,1.000,0.2668,0.9235E-02,0.3097
528.0000000000,0.9975,0.6238,0.9959,0.7372,0.9999,0.9465,1.000,0.2690,0.9899E-02,0.3134
530.0000000000,0.9976,0.6253,0.9959,0.7379,0.9999,0.9469,1.000,0.2712,0.1060E-01,0.3171
532.0000000000,0.9976,0.6268,0.9960,0.7386,0.9999,0.9473,1.000,0.2733,0.1133E-01,0.3207
534.0000000000,0.9976,0.6283,0.9960,0.7393,0.9999,0.9477,1.000,0.2754,0.1209E-01,0.3243
536.0000000000,0.9977,0.6299,0.9961,0.7400,0.9999,0.9481,1.000,0.2774,0.1290E-01,0.3279
538.0000000000,0.9977,0.6314,0.9962,0.7406,0.9999,0.9485,1.000,0.2794,0.1373E-01,0.3314
540.0000000000,0.9977,0.6330,0.9962,0.7413,0.9999,0.9488,1.000,0.2813,0.1461E-01,0.3348
542.0000000000,0.9978,0.6345,0.9963,0.7420,1.000,0.9492,1.000,0.2832,0.1552E-01,0.3382
544.0000000000,0.9978,0.6361,0.9963,0.7427,1.000,0.9496,1.000,0.2851,0.1647E-01,0.3416
546.0000000000,0.9978,0.6377,0.9963,0.7433,1.000,0.9500,1.000,0.2869,0.1746E-01,0.3449
548.0000000000,0.9978,0.6392,0.9964,0.7440,1.000,0.9503,1.000,0.2888,0.1848E-01,0.3481
550.0000000000,0.9979,0.6408,0.9964,0.7446,1.000,0.9507,1.000,0.2906,0.1955E-01,0.3513
552.0000000000,0.9979,0.6424,0.9965,0.7452,1.000,0.9511,1.000,0.2924,0.2065E-01,0.3545
554.0000000000,0.9979,0.6440,0.9965,0.7459,1.000,0.9514,1.000,0.2942,0.2179E-01,0.3576
556.0000000000,0.9980,0.6456,0.9966,0.7465,1.000,0.9518,1.000,0.2960,0.2297E-01,0.3607
558.0000000000,0.9980,0.6472,0.9966,0.7471,1.000,0.9521,1.000,0.2978,0.2419E-01,0.3638
560.0000000000,0.9980,0.6488,0.9967,0.7477,1.000,0.9525,1.000,0.2996,0.2545E-01,0.3668
562.0000000000,0.9980,0.6504,0.9967,0.7483,1.000,0.9528,1.000,0.3014,0.2675E-01,0.3697
564.0000000000,0.9981,0.6520,0.9967,0.7489,1.000,0.9532,1.000,0.3032,0.2809E-01,0.3727
566.0000000000,0.9981,0.6536,0.9968,0.7495,1.000,0.9535,1.000,0.3050,0.2947E-01,0.3756
568.0000000000,0.9981,0.6552,0.9968,0.7501,1.000,0.9539,1.000,0.3068,0.3088E-01,0.3784
570.0000000000,0.9981,0.6568,0.9969,0.7507,1.000,0.9542,1.000,0.3085,0.3233E-01,0.3812
572.0000000000,0.9982,0.6584,0.9969,0.7513,1.000,0.9546,1.000,0.3103,0.3382E-01,0.3839
574.0000000000,0.9982,0.6600,0.9969,0.7518,1.000,0.9549,1.000,0.3121,0.3535E-01,0.3866
576.0000000000,0.9982,0.6616,0.9970,0.7524,1.000,0.9552,1.000,0.3139,0.3692E-01,0.3891
578.0000000000,0.9982,0.6633,0.9970,0.7530,1.000,0.9556,1.000,0.3157,0.3852E-01,0.3917
580.0000000000,0.9983,0.6649,0.9970,0.7535,1.000,0.9559,1.000,0.3174,0.4016E-01,0.3943
582.0000000000,0.9983,0.6665,0.9971,0.7541,1.000,0.9562,1.000,0.3192,0.4184E-01,0.3969
584.0000000000,0.9983,0.6681,0.9971,0.7546,1.000,0.9566,1.000,0.3210,0.4355E-01,0.3995
586.0000000000,0.9983,0.6697,0.9971,0.7551,1.000,0.9569,1.000,0.3227,0.4529E-01,0.4021
588.0000000000,0.9984,0.6713,0.9972,0.7557,1.000,0.9572,1.000,0.3245,0.4707E-01,0.4046
590.0000000000,0.9984,0.6730,0.9972,0.7562,1.000,0.9575,1.000,0.3263,0.4889E-01,0.4071
592.0000000000,0.9984,0.6746,0.9972,0.7567,1.000,0.9578,1.000,0.3280,0.5074E-01,0.4096
594.0000000000,0.9984,0.6762,0.9973,0.7572,1.000,0.9581,1.000,0.3298,0.5262E-01,0.4120
596.0000000000,0.9984,0.6778,0.9973,0.7577,1.000,0.9584,1.000,0.3315,0.5453E-01,0.4143
598.0000000000,0.9985,0.6794,0.9973,0.7582,1.000,0.9587,1.000,0.3333,0.5647E-01,0.4167
600.0000000000,0.9985,0.6810,0.9974,0.7587,1.000,0.9590,1.000,0.3351,0.5844E-01,0.4190
