name,value,group,weight
c_mw1_001,0.0005056,conc,100
c_mw1_002,0.0049999,conc,100
c_mw1_003,-0.009957,conc,100
c_mw1_004,0.0069443,conc,100
c_mw1_005,-0.0041542,conc,100
c_mw1_006,-0.01576,conc,100
c_mw1_007,-0.0062549,conc,100
c_mw1_008,0.0065043,conc,100
c_mw1_009,0.0044225,conc,100
c_mw1_010,-0.0093248,conc,100
c_mw1_011,0.0101,conc,100
c_mw1_012,0.0058051,conc,100
c_mw1_013,0.015051,conc,100
c_mw1_014,0.019913,conc,100
c_mw1_015,0.012802,conc,100
c_mw1_016,0.0379,conc,100
c_mw1_017,0.040771,conc,100
c_mw1_018,0.07725,conc,100
c_mw1_019,0.086403,conc,100
c_mw1_020,0.099331,conc,100
c_mw1_021,0.11077,conc,100
c_mw1_022,0.14474,conc,100
c_mw1_023,0.1707,conc,100
c_mw1_024,0.18291,conc,100
c_mw1_025,0.24383,conc,100
c_mw1_026,0.25244,conc,100
c_mw1_027,0.29222,conc,100
c_mw1_028,0.29057,conc,100
c_mw1_029,0.34406,conc,100
c_mw1_030,0.33929,conc,100
c_mw1_031,0.37079,conc,100
c_mw1_032,0.40612,conc,100
c_mw1_033,0.42368,conc,100
c_mw1_034,0.42102,conc,100
c_mw1_035,0.45404,conc,100
c_mw1_036,0.49288,conc,100
c_mw1_037,0.52388,conc,100
c_mw1_038,0.52975,conc,100
c_mw1_039,0.53464,conc,100
c_mw1_040,0.56127,conc,100
c_mw1_041,0.55696,conc,100
c_mw1_042,0.5879,conc,100
c_mw1_043,0.58313,conc,100
c_mw1_044,0.60951,conc,100
c_mw1_045,0.62079,conc,100
c_mw1_046,0.64202,conc,100
c_mw1_047,0.64237,conc,100
c_mw1_048,0.66832,conc,100
c_mw1_049,0.66473,conc,100
c_mw1_050,0.68497,conc,100
c_mw1_051,0.69397,conc,100
c_mw1_052,0.67689,conc,100
c_mw1_053,0.70438,conc,100
c_mw1_054,0.71276,conc,100
c_mw1_055,0.71271,conc,100
c_mw1_056,0.73009,conc,100
c_mw1_057,0.72114,conc,100
c_mw1_058,0.74846,conc,100
c_mw1_059,0.7549,conc,100
c_mw1_060,0.7593,conc,100
c_mw1_061,0.78747,conc,100
c_mw1_062,0.77232,conc,100
c_mw1_063,0.77537,conc,100
c_mw1_064,0.77308,conc,100
c_mw1_065,0.78887,conc,100
c_mw1_066,0.78168,conc,100
c_mw1_067,0.80922,conc,100
c_mw1_068,0.79502,conc,100
c_mw1_069,0.80808,conc,100
c_mw1_070,0.8312,conc,100
c_mw1_071,0.82754,conc,100
c_mw1_072,0.82293,conc,100
c_mw1_073,0.8387,conc,100
c_mw1_074,0.82865,conc,100
c_mw1_075,0.84135,conc,100
c_mw1_076,0.83759,conc,100
c_mw1_077,0.83235,conc,100
c_mw1_078,0.8495,conc,100
c_mw1_079,0.85835,conc,100
c_mw1_080,0.84914,conc,100
c_mw1_081,0.84513,conc,100
c_mw1_082,0.85422,conc,100
c_mw1_083,0.839,conc,100
c_mw1_084,0.86002,conc,100
c_mw1_085,0.85835,conc,100
c_mw1_086,0.89232,conc,100
c_mw1_087,0.86925,conc,100
c_mw1_088,0.86227,conc,100
c_mw1_089,0.88911,conc,100
c_mw1_090,0.88135,conc,100
c_mw1_091,0.88619,conc,100
c_mw1_092,0.89009,conc,100
c_mw1_093,0.89269,conc,100
c_mw1_094,0.88936,conc,100
c_mw1_095,0.90495,conc,100
c_mw1_096,0.90293,conc,100
c_mw1_097,0.89494,conc,100
c_mw1_098,0.90039,conc,100
c_mw1_099,0.89476,conc,100
c_mw1_100,0.90911,conc,100
c_mw2_001,0.0073825,conc,100
c_mw2_002,0.0065075,conc,100
c_mw2_003,0.0061474,conc,100
c_mw2_004,-0.0012657,conc,100
c_mw2_005,0.015789,conc,100
c_mw2_006,-0.0020716,conc,100
c_mw2_007,0.0003012,conc,100
c_mw2_008,-0.0033606,conc,100
c_mw2_009,0.0008151,conc,100
c_mw2_010,-0.0024,conc,100
c_mw2_011,0.020332,conc,100
c_mw2_012,0.0042786,conc,100
c_mw2_013,-0.016792,conc,100
c_mw2_014,-0.0042727,conc,100
c_mw2_015,-0.014049,conc,100
c_mw2_016,0.0089843,conc,100
c_mw2_017,0.014041,conc,100
c_mw2_018,-0.0040541,conc,100
c_mw2_019,0.0068213,conc,100
c_mw2_020,-0.0010966,conc,100
c_mw2_021,0.0055156,conc,100
c_mw2_022,0.019327,conc,100
c_mw2_023,-0.0007575,conc,100
c_mw2_024,-0.0086674,conc,100
c_mw2_025,0.011995,conc,100
c_mw2_026,0.011374,conc,100
c_mw2_027,0.014614,conc,100
c_mw2_028,0.020102,conc,100
c_mw2_029,0.0052985,conc,100
c_mw2_030,-0.0049601,conc,100
c_mw2_031,0.028029,conc,100
c_mw2_032,0.016783,conc,100
c_mw2_033,0.012386,conc,100
c_mw2_034,0.016677,conc,100
c_mw2_035,0.043854,conc,100
c_mw2_036,0.038888,conc,100
c_mw2_037,0.044899,conc,100
c_mw2_038,0.055424,conc,100
c_mw2_039,0.045421,conc,100
c_mw2_040,0.046439,conc,100
c_mw2_041,0.05484,conc,100
c_mw2_042,0.058164,conc,100
c_mw2_043,0.072289,conc,100
c_mw2_044,0.07239,conc,100
c_mw2_045,0.087886,conc,100
c_mw2_046,0.088962,conc,100
c_mw2_047,0.0993,conc,100
c_mw2_048,0.113,conc,100
c_mw2_049,0.12681,conc,100
c_mw2_050,0.13476,conc,100
c_mw2_051,0.12675,conc,100
c_mw2_052,0.13402,conc,100
c_mw2_053,0.13312,conc,100
c_mw2_054,0.15446,conc,100
c_mw2_055,0.16592,conc,100
c_mw2_056,0.15076,conc,100
c_mw2_057,0.17034,conc,100
c_mw2_058,0.1654,conc,100
c_mw2_059,0.17279,conc,100
c_mw2_060,0.18214,conc,100
c_mw2_061,0.18199,conc,100
c_mw2_062,0.20045,conc,100
c_mw2_063,0.18204,conc,100
c_mw2_064,0.19535,conc,100
c_mw2_065,0.20641,conc,100
c_mw2_066,0.20225,conc,100
c_mw2_067,0.22141,conc,100
c_mw2_068,0.20755,conc,100
c_mw2_069,0.22805,conc,100
c_mw2_070,0.2179,conc,100
c_mw2_071,0.23545,conc,100
c_mw2_072,0.24648,conc,100
c_mw2_073,0.26784,conc,100
c_mw2_074,0.26098,conc,100
c_mw2_075,0.27057,conc,100
c_mw2_076,0.25918,conc,100
c_mw2_077,0.28376,conc,100
c_mw2_078,0.26419,conc,100
c_mw2_079,0.26788,conc,100
c_mw2_080,0.26148,conc,100
c_mw2_081,0.28022,conc,100
c_mw2_082,0.29214,conc,100
c_mw2_083,0.27886,conc,100
c_mw2_084,0.28499,conc,100
c_mw2_085,0.28756,conc,100
c_mw2_086,0.29229,conc,100
c_mw2_087,0.293,conc,100
c_mw2_088,0.2887,conc,100
c_mw2_089,0.31921,conc,100
c_mw2_090,0.28878,conc,100
c_mw2_091,0.30243,conc,100
c_mw2_092,0.31814,conc,100
c_mw2_093,0.32782,conc,100
c_mw2_094,0.31861,conc,100
c_mw2_095,0.32077,conc,100
c_mw2_096,0.32699,conc,100
c_mw2_097,0.32679,conc,100
c_mw2_098,0.34097,conc,100
c_mw2_099,0.33017,conc,100
c_mw2_100,0.32785,conc,100
c_mw3_001,-0.0047266,conc,100
c_mw3_002,0.0009632,conc,100
c_mw3_003,0.012295,conc,100
c_mw3_004,0.01601,conc,100
c_mw3_005,-0.0039548,conc,100
c_mw3_006,-0.014524,conc,100
c_mw3_007,-0.013528,conc,100
c_mw3_008,0.02199,conc,100
c_mw3_009,-0.0024397,conc,100
c_mw3_010,0.0077251,conc,100
c_mw3_011,0.024953,conc,100
c_mw3_012,0.0031278,conc,100
c_mw3_013,0.014114,conc,100
c_mw3_014,0.018794,conc,100
c_mw3_015,0.024951,conc,100
c_mw3_016,0.058178,conc,100
c_mw3_017,0.078087,conc,100
c_mw3_018,0.068793,conc,100
c_mw3_019,0.12002,conc,100
c_mw3_020,0.13264,conc,100
c_mw3_021,0.16324,conc,100
c_mw3_022,0.19088,conc,100
c_mw3_023,0.20393,conc,100
c_mw3_024,0.24209,conc,100
c_mw3_025,0.26319,conc,100
c_mw3_026,0.31945,conc,100
c_mw3_027,0.34846,conc,100
c_mw3_028,0.35264,conc,100
c_mw3_029,0.36381,conc,100
c_mw3_030,0.40966,conc,100
c_mw3_031,0.4173,conc,100
c_mw3_032,0.45625,conc,100
c_mw3_033,0.47659,conc,100
c_mw3_034,0.49033,conc,100
c_mw3_035,0.48485,conc,100
c_mw3_036,0.49332,conc,100
c_mw3_037,0.51057,conc,100
c_mw3_038,0.52944,conc,100
c_mw3_039,0.53356,conc,100
c_mw3_040,0.56623,conc,100
c_mw3_041,0.57177,conc,100
c_mw3_042,0.57506,conc,100
c_mw3_043,0.5808,conc,100
c_mw3_044,0.60019,conc,100
c_mw3_045,0.61588,conc,100
c_mw3_046,0.5907,conc,100
c_mw3_047,0.61984,conc,100
c_mw3_048,0.6216,conc,100
c_mw3_049,0.62396,conc,100
c_mw3_050,0.63439,conc,100
c_mw3_051,0.64535,conc,100
c_mw3_052,0.6686,conc,100
c_mw3_053,0.65617,conc,100
c_mw3_054,0.6568,conc,100
c_mw3_055,0.65413,conc,100
c_mw3_056,0.67924,conc,100
c_mw3_057,0.66898,conc,100
c_mw3_058,0.68016,conc,100
c_mw3_059,0.69303,conc,100
c_mw3_060,0.69102,conc,100
c_mw3_061,0.69104,conc,100
c_mw3_062,0.69737,conc,100
c_mw3_063,0.71228,conc,100
c_mw3_064,0.7071,conc,100
c_mw3_065,0.71353,conc,100
c_mw3_066,0.71913,conc,100
c_mw3_067,0.71535,conc,100
c_mw3_068,0.72558,conc,100
c_mw3_069,0.72313,conc,100
c_mw3_070,0.74074,conc,100
c_mw3_071,0.73792,conc,100
c_mw3_072,0.719,conc,100
c_mw3_073,0.73753,conc,100
c_mw3_074,0.75399,conc,100
c_mw3_075,0.74397,conc,100
c_mw3_076,0.74497,conc,100
c_mw3_077,0.76224,conc,100
c_mw3_078,0.74447,conc,100
c_mw3_079,0.75895,conc,100
c_mw3_080,0.7671,conc,100
c_mw3_081,0.77262,conc,100
c_mw3_082,0.75657,conc,100
c_mw3_083,0.75714,conc,100
c_mw3_084,0.78725,conc,100
c_mw3_085,0.76712,conc,100
c_mw3_086,0.7766,conc,100
c_mw3_087,0.80431,conc,100
c_mw3_088,0.77785,conc,100
c_mw3_089,0.76288,conc,100
c_mw3_090,0.81507,conc,100
c_mw3_091,0.79973,conc,100
c_mw3_092,0.79539,conc,100
c_mw3_093,0.82177,conc,100
c_mw3_094,0.79545,conc,100
c_mw3_095,0.81276,conc,100
c_mw3_096,0.80052,conc,100
c_mw3_097,0.79964,conc,100
c_mw3_098,0.81073,conc,100
c_mw3_099,0.81524,conc,100
c_mw3_100,0.82112,conc,100
c_mw4_001,0.011945,conc,100
c_mw4_002,-0.0049872,conc,100
c_mw4_003,-0.0008074,conc,100
c_mw4_004,0.019379,conc,100
c_mw4_005,0.0060884,conc,100
c_mw4_006,0.0009754,conc,100
c_mw4_007,0.013474,conc,100
c_mw4_008,0.014002,conc,100
c_mw4_009,0.0129,conc,100
c_mw4_010,-0.0054613,conc,100
c_mw4_011,-0.0038468,conc,100
c_mw4_012,0.0075233,conc,100
c_mw4_013,0.011927,conc,100
c_mw4_014,-0.011945,conc,100
c_mw4_015,-0.0045402,conc,100
c_mw4_016,-0.0022805,conc,100
c_mw4_017,0.010099,conc,100
c_mw4_018,-0.01079,conc,100
c_mw4_019,0.027111,conc,100
c_mw4_020,0.000992,conc,100
c_mw4_021,0.0063343,conc,100
c_mw4_022,0.02249,conc,100
c_mw4_023,0.006561,conc,100
c_mw4_024,0.0079245,conc,100
c_mw4_025,-0.0012102,conc,100
c_mw4_026,0.0054376,conc,100
c_mw4_027,-0.0095868,conc,100
c_mw4_028,0.0004935,conc,100
c_mw4_029,0.0019792,conc,100
c_mw4_030,-0.0078647,conc,100
c_mw4_031,0.012619,conc,100
c_mw4_032,0.0076998,conc,100
c_mw4_033,-0.014688,conc,100
c_mw4_034,0.012677,conc,100
c_mw4_035,-0.0034634,conc,100
c_mw4_036,0.012775,conc,100
c_mw4_037,0.0002669,conc,100
c_mw4_038,0.0062042,conc,100
c_mw4_039,0.015675,conc,100
c_mw4_040,0.03276,conc,100
c_mw4_041,0.0003473,conc,100
c_mw4_042,0.014299,conc,100
c_mw4_043,0.016859,conc,100
c_mw4_044,0.033935,conc,100
c_mw4_045,0.023503,conc,100
c_mw4_046,0.033289,conc,100
c_mw4_047,0.045838,conc,100
c_mw4_048,0.043775,conc,100
c_mw4_049,0.035763,conc,100
c_mw4_050,0.039619,conc,100
c_mw4_051,0.045505,conc,100
c_mw4_052,0.054134,conc,100
c_mw4_053,0.048602,conc,100
c_mw4_054,0.061401,conc,100
c_mw4_055,0.072638,conc,100
c_mw4_056,0.067277,conc,100
c_mw4_057,0.072408,conc,100
c_mw4_058,0.085394,conc,100
c_mw4_059,0.096011,conc,100
c_mw4_060,0.080214,conc,100
c_mw4_061,0.089442,conc,100
c_mw4_062,0.11793,conc,100
c_mw4_063,0.11065,conc,100
c_mw4_064,0.10588,conc,100
c_mw4_065,0.12407,conc,100
c_mw4_066,0.14469,conc,100
c_mw4_067,0.12879,conc,100
c_mw4_068,0.13146,conc,100
c_mw4_069,0.14466,conc,100
c_mw4_070,0.16927,conc,100
c_mw4_071,0.15298,conc,100
c_mw4_072,0.17104,conc,100
c_mw4_073,0.18188,conc,100
c_mw4_074,0.18422,conc,100
c_mw4_075,0.18081,conc,100
c_mw4_076,0.19692,conc,100
c_mw4_077,0.19819,conc,100
c_mw4_078,0.21072,conc,100
c_mw4_079,0.21263,conc,100
c_mw4_080,0.21614,conc,100
c_mw4_081,0.2034,conc,100
c_mw4_082,0.23305,conc,100
c_mw4_083,0.23136,conc,100
c_mw4_084,0.21819,conc,100
c_mw4_085,0.24497,conc,100
c_mw4_086,0.25466,conc,100
c_mw4_087,0.25692,conc,100
c_mw4_088,0.23993,conc,100
c_mw4_089,0.26327,conc,100
c_mw4_090,0.26708,conc,100
c_mw4_091,0.27964,conc,100
c_mw4_092,0.26597,conc,100
c_mw4_093,0.29792,conc,100
c_mw4_094,0.30654,conc,100
c_mw4_095,0.31305,conc,100
c_mw4_096,0.31287,conc,100
c_mw4_097,0.31842,conc,100
c_mw4_098,0.33556,conc,100
c_mw4_099,0.33614,conc,100
c_mw4_100,0.33356,conc,100
c_mw5_001,0.0030101,conc,100
c_mw5_002,0.006992,conc,100
c_mw5_003,0.012232,conc,100
c_mw5_004,0.0055887,conc,100
c_mw5_005,-0.0051731,conc,100
c_mw5_006,0.0015276,conc,100
c_mw5_007,0.015634,conc,100
c_mw5_008,0.028047,conc,100
c_mw5_009,0.05222,conc,100
c_mw5_010,0.046502,conc,100
c_mw5_011,0.087223,conc,100
c_mw5_012,0.11745,conc,100
c_mw5_013,0.17853,conc,100
c_mw5_014,0.21744,conc,100
c_mw5_015,0.25711,conc,100
c_mw5_016,0.30654,conc,100
c_mw5_017,0.33717,conc,100
c_mw5_018,0.39124,conc,100
c_mw5_019,0.42814,conc,100
c_mw5_020,0.46766,conc,100
c_mw5_021,0.5016,conc,100
c_mw5_022,0.54512,conc,100
c_mw5_023,0.57661,conc,100
c_mw5_024,0.58005,conc,100
c_mw5_025,0.6154,conc,100
c_mw5_026,0.64575,conc,100
c_mw5_027,0.67312,conc,100
c_mw5_028,0.67205,conc,100
c_mw5_029,0.69764,conc,100
c_mw5_030,0.72094,conc,100
c_mw5_031,0.75706,conc,100
c_mw5_032,0.74538,conc,100
c_mw5_033,0.7631,conc,100
c_mw5_034,0.77858,conc,100
c_mw5_035,0.78886,conc,100
c_mw5_036,0.80142,conc,100
c_mw5_037,0.80889,conc,100
c_mw5_038,0.81591,conc,100
c_mw5_039,0.82849,conc,100
c_mw5_040,0.83571,conc,100
c_mw5_041,0.84352,conc,100
c_mw5_042,0.85005,conc,100
c_mw5_043,0.8404,conc,100
c_mw5_044,0.85921,conc,100
c_mw5_045,0.86419,conc,100
c_mw5_046,0.87523,conc,100
c_mw5_047,0.87883,conc,100
c_mw5_048,0.89158,conc,100
c_mw5_049,0.87229,conc,100
c_mw5_050,0.8827,conc,100
c_mw5_051,0.88974,conc,100
c_mw5_052,0.88476,conc,100
c_mw5_053,0.89154,conc,100
c_mw5_054,0.89356,conc,100
c_mw5_055,0.89539,conc,100
c_mw5_056,0.9254,conc,100
c_mw5_057,0.90478,conc,100
c_mw5_058,0.92254,conc,100
c_mw5_059,0.90187,conc,100
c_mw5_060,0.91544,conc,100
c_mw5_061,0.90859,conc,100
c_mw5_062,0.92022,conc,100
c_mw5_063,0.9354,conc,100
c_mw5_064,0.94015,conc,100
c_mw5_065,0.93077,conc,100
c_mw5_066,0.92905,conc,100
c_mw5_067,0.92629,conc,100
c_mw5_068,0.93171,conc,100
c_mw5_069,0.94307,conc,100
c_mw5_070,0.9149,conc,100
c_mw5_071,0.92936,conc,100
c_mw5_072,0.92417,conc,100
c_mw5_073,0.94516,conc,100
c_mw5_074,0.92423,conc,100
c_mw5_075,0.94609,conc,100
c_mw5_076,0.9276,conc,100
c_mw5_077,0.92956,conc,100
c_mw5_078,0.95625,conc,100
c_mw5_079,0.9526,conc,100
c_mw5_080,0.93464,conc,100
c_mw5_081,0.92743,conc,100
c_mw5_082,0.9363,conc,100
c_mw5_083,0.95243,conc,100
c_mw5_084,0.94731,conc,100
c_mw5_085,0.93919,conc,100
c_mw5_086,0.95472,conc,100
c_mw5_087,0.96387,conc,100
c_mw5_088,0.93993,conc,100
c_mw5_089,0.95118,conc,100
c_mw5_090,0.94483,conc,100
c_mw5_091,0.96439,conc,100
c_mw5_092,0.95539,conc,100
c_mw5_093,0.94861,conc,100
c_mw5_094,0.93945,conc,100
c_mw5_095,0.96334,conc,100
c_mw5_096,0.95434,conc,100
c_mw5_097,0.95919,conc,100
c_mw5_098,0.95674,conc,100
c_mw5_099,0.96315,conc,100
c_mw5_100,0.94258,conc,100
c_mw6_001,-0.0078436,conc,100
c_mw6_002,0.0035652,conc,100
c_mw6_003,0.018159,conc,100
c_mw6_004,0.0033837,conc,100
c_mw6_005,-0.0004906,conc,100
c_mw6_006,-0.006088,conc,100
c_mw6_007,-0.0063794,conc,100
c_mw6_008,-0.0019011,conc,100
c_mw6_009,-0.0075165,conc,100
c_mw6_010,0.0016156,conc,100
c_mw6_011,0.0006182,conc,100
c_mw6_012,0.02042,conc,100
c_mw6_013,7.41e-05,conc,100
c_mw6_014,0.012364,conc,100
c_mw6_015,-0.002191,conc,100
c_mw6_016,0.012209,conc,100
c_mw6_017,0.027981,conc,100
c_mw6_018,-0.0004785,conc,100
c_mw6_019,-0.0045663,conc,100
c_mw6_020,0.019533,conc,100
c_mw6_021,0.012125,conc,100
c_mw6_022,0.012075,conc,100
c_mw6_023,0.022732,conc,100
c_mw6_024,0.025515,conc,100
c_mw6_025,0.039952,conc,100
c_mw6_026,0.037621,conc,100
c_mw6_027,0.034448,conc,100
c_mw6_028,0.036581,conc,100
c_mw6_029,0.038823,conc,100
c_mw6_030,0.054155,conc,100
c_mw6_031,0.08536,conc,100
c_mw6_032,0.070523,conc,100
c_mw6_033,0.095793,conc,100
c_mw6_034,0.11869,conc,100
c_mw6_035,0.12475,conc,100
c_mw6_036,0.14758,conc,100
c_mw6_037,0.15423,conc,100
c_mw6_038,0.17763,conc,100
c_mw6_039,0.17213,conc,100
c_mw6_040,0.18581,conc,100
c_mw6_041,0.22968,conc,100
c_mw6_042,0.23024,conc,100
c_mw6_043,0.2441,conc,100
c_mw6_044,0.25399,conc,100
c_mw6_045,0.29168,conc,100
c_mw6_046,0.29662,conc,100
c_mw6_047,0.31245,conc,100
c_mw6_048,0.31651,conc,100
c_mw6_049,0.33884,conc,100
c_mw6_050,0.34847,conc,100
c_mw6_051,0.3661,conc,100
c_mw6_052,0.38418,conc,100
c_mw6_053,0.38943,conc,100
c_mw6_054,0.39933,conc,100
c_mw6_055,0.42818,conc,100
c_mw6_056,0.4226,conc,100
c_mw6_057,0.4584,conc,100
c_mw6_058,0.47124,conc,100
c_mw6_059,0.45345,conc,100
c_mw6_060,0.49402,conc,100
c_mw6_061,0.48029,conc,100
c_mw6_062,0.51156,conc,100
c_mw6_063,0.50252,conc,100
c_mw6_064,0.52533,conc,100
c_mw6_065,0.51646,conc,100
c_mw6_066,0.54206,conc,100
c_mw6_067,0.54504,conc,100
c_mw6_068,0.56836,conc,100
c_mw6_069,0.56814,conc,100
c_mw6_070,0.55969,conc,100
c_mw6_071,0.57931,conc,100
c_mw6_072,0.57687,conc,100
c_mw6_073,0.5926,conc,100
c_mw6_074,0.61315,conc,100
c_mw6_075,0.62038,conc,100
c_mw6_076,0.61315,conc,100
c_mw6_077,0.60995,conc,100
c_mw6_078,0.62529,conc,100
c_mw6_079,0.65138,conc,100
c_mw6_080,0.63564,conc,100
c_mw6_081,0.62849,conc,100
c_mw6_082,0.63509,conc,100
c_mw6_083,0.64279,conc,100
c_mw6_084,0.67105,conc,100
c_mw6_085,0.66254,conc,100
c_mw6_086,0.66393,conc,100
c_mw6_087,0.68021,conc,100
c_mw6_088,0.69159,conc,100
c_mw6_089,0.68571,conc,100
c_mw6_090,0.68434,conc,100
c_mw6_091,0.6995,conc,100
c_mw6_092,0.7104,conc,100
c_mw6_093,0.69077,conc,100
c_mw6_094,0.69807,conc,100
c_mw6_095,0.73656,conc,100
c_mw6_096,0.72566,conc,100
c_mw6_097,0.72966,conc,100
c_mw6_098,0.71673,conc,100
c_mw6_099,0.72529,conc,100
c_mw6_100,0.73695,conc,100
c_mw7_001,0.01278,conc,100
c_mw7_002,0.0013045,conc,100
c_mw7_003,-0.015502,conc,100
c_mw7_004,0.016573,conc,100
c_mw7_005,0.018875,conc,100
c_mw7_006,0.015815,conc,100
c_mw7_007,0.0036716,conc,100
c_mw7_008,0.02037,conc,100
c_mw7_009,0.042108,conc,100
c_mw7_010,0.070358,conc,100
c_mw7_011,0.1175,conc,100
c_mw7_012,0.12247,conc,100
c_mw7_013,0.1695,conc,100
c_mw7_014,0.22041,conc,100
c_mw7_015,0.26078,conc,100
c_mw7_016,0.30795,conc,100
c_mw7_017,0.34436,conc,100
c_mw7_018,0.40437,conc,100
c_mw7_019,0.44361,conc,100
c_mw7_020,0.48926,conc,100
c_mw7_021,0.53487,conc,100
c_mw7_022,0.55845,conc,100
c_mw7_023,0.59266,conc,100
c_mw7_024,0.62664,conc,100
c_mw7_025,0.64711,conc,100
c_mw7_026,0.67864,conc,100
c_mw7_027,0.68226,conc,100
c_mw7_028,0.71184,conc,100
c_mw7_029,0.74423,conc,100
c_mw7_030,0.75824,conc,100
c_mw7_031,0.77989,conc,100
c_mw7_032,0.77255,conc,100
c_mw7_033,0.79296,conc,100
c_mw7_034,0.80835,conc,100
c_mw7_035,0.81808,conc,100
c_mw7_036,0.82603,conc,100
c_mw7_037,0.85087,conc,100
c_mw7_038,0.84025,conc,100
c_mw7_039,0.84923,conc,100
c_mw7_040,0.86445,conc,100
c_mw7_041,0.87048,conc,100
c_mw7_042,0.87291,conc,100
c_mw7_043,0.89334,conc,100
c_mw7_044,0.88739,conc,100
c_mw7_045,0.88408,conc,100
c_mw7_046,0.88116,conc,100
c_mw7_047,0.90691,conc,100
c_mw7_048,0.89243,conc,100
c_mw7_049,0.90604,conc,100
c_mw7_050,0.90038,conc,100
c_mw7_051,0.92974,conc,100
c_mw7_052,0.91908,conc,100
c_mw7_053,0.89748,conc,100
c_mw7_054,0.92042,conc,100
c_mw7_055,0.90661,conc,100
c_mw7_056,0.91719,conc,100
c_mw7_057,0.93302,conc,100
c_mw7_058,0.91455,conc,100
c_mw7_059,0.93269,conc,100
c_mw7_060,0.93079,conc,100
c_mw7_061,0.94087,conc,100
c_mw7_062,0.9257,conc,100
c_mw7_063,0.94322,conc,100
c_mw7_064,0.93523,conc,100
c_mw7_065,0.95056,conc,100
c_mw7_066,0.9423,conc,100
c_mw7_067,0.94987,conc,100
c_mw7_068,0.95803,conc,100
c_mw7_069,0.95698,conc,100
c_mw7_070,0.94714,conc,100
c_mw7_071,0.95571,conc,100
c_mw7_072,0.94992,conc,100
c_mw7_073,0.95532,conc,100
c_mw7_074,0.96826,conc,100
c_mw7_075,0.9447,conc,100
c_mw7_076,0.94257,conc,100
c_mw7_077,0.96002,conc,100
c_mw7_078,0.95059,conc,100
c_mw7_079,0.96934,conc,100
c_mw7_080,0.96643,conc,100
c_mw7_081,0.96505,conc,100
c_mw7_082,0.95947,conc,100
c_mw7_083,0.95586,conc,100
c_mw7_084,0.95253,conc,100
c_mw7_085,0.95659,conc,100
c_mw7_086,0.96244,conc,100
c_mw7_087,0.95398,conc,100
c_mw7_088,0.97424,conc,100
c_mw7_089,0.97102,conc,100
c_mw7_090,0.95238,conc,100
c_mw7_091,0.93935,conc,100
c_mw7_092,0.97753,conc,100
c_mw7_093,0.95512,conc,100
c_mw7_094,0.93917,conc,100
c_mw7_095,0.95184,conc,100
c_mw7_096,0.97093,conc,100
c_mw7_097,0.98279,conc,100
c_mw7_098,0.97909,conc,100
c_mw7_099,0.98501,conc,100
c_mw7_100,0.9885,conc,100
c_mw8_001,0.018394,conc,100
c_mw8_002,-0.0095454,conc,100
c_mw8_003,-0.0019548,conc,100
c_mw8_004,-0.0062119,conc,100
c_mw8_005,0.0005386,conc,100
c_mw8_006,-0.0034816,conc,100
c_mw8_007,0.0026195,conc,100
c_mw8_008,0.018152,conc,100
c_mw8_009,-0.0070196,conc,100
c_mw8_010,0.0073567,conc,100
c_mw8_011,-0.0096254,conc,100
c_mw8_012,-0.012814,conc,100
c_mw8_013,0.010056,conc,100
c_mw8_014,-0.0013574,conc,100
c_mw8_015,0.0007072,conc,100
c_mw8_016,0.014373,conc,100
c_mw8_017,-0.013186,conc,100
c_mw8_018,0.0007637,conc,100
c_mw8_019,0.014557,conc,100
c_mw8_020,-0.010209,conc,100
c_mw8_021,0.0025925,conc,100
c_mw8_022,0.0092315,conc,100
c_mw8_023,0.0092485,conc,100
c_mw8_024,0.0067213,conc,100
c_mw8_025,0.0097227,conc,100
c_mw8_026,0.0048437,conc,100
c_mw8_027,0.0078541,conc,100
c_mw8_028,0.0038691,conc,100
c_mw8_029,-0.0088904,conc,100
c_mw8_030,0.0011764,conc,100
c_mw8_031,-0.0010429,conc,100
c_mw8_032,0.011328,conc,100
c_mw8_033,0.0051196,conc,100
c_mw8_034,0.0052098,conc,100
c_mw8_035,0.0019616,conc,100
c_mw8_036,0.0066409,conc,100
c_mw8_037,-0.0052853,conc,100
c_mw8_038,0.0028742,conc,100
c_mw8_039,-0.0066448,conc,100
c_mw8_040,-0.0033342,conc,100
c_mw8_041,-0.01092,conc,100
c_mw8_042,0.02215,conc,100
c_mw8_043,0.0061431,conc,100
c_mw8_044,-0.0092928,conc,100
c_mw8_045,-0.0035366,conc,100
c_mw8_046,0.0035142,conc,100
c_mw8_047,-0.0042648,conc,100
c_mw8_048,0.0074805,conc,100
c_mw8_049,0.0045123,conc,100
c_mw8_050,0.011482,conc,100
c_mw8_051,-0.027879,conc,100
c_mw8_052,0.007607,conc,100
c_mw8_053,0.0024594,conc,100
c_mw8_054,0.010071,conc,100
c_mw8_055,-0.0054427,conc,100
c_mw8_056,-0.0071478,conc,100
c_mw8_057,-0.011103,conc,100
c_mw8_058,0.0047853,conc,100
c_mw8_059,0.0017288,conc,100
c_mw8_060,-0.016722,conc,100
c_mw8_061,-0.0054797,conc,100
c_mw8_062,-0.0001463,conc,100
c_mw8_063,-0.011718,conc,100
c_mw8_064,-0.003554,conc,100
c_mw8_065,-0.0009439,conc,100
c_mw8_066,-0.0055588,conc,100
c_mw8_067,-0.016017,conc,100
c_mw8_068,0.011437,conc,100
c_mw8_069,0.0025334,conc,100
c_mw8_070,0.0034984,conc,100
c_mw8_071,-0.0056257,conc,100
c_mw8_072,0.0018129,conc,100
c_mw8_073,-0.0066382,conc,100
c_mw8_074,-0.001126,conc,100
c_mw8_075,0.0014362,conc,100
c_mw8_076,0.0058637,conc,100
c_mw8_077,-0.005715,conc,100
c_mw8_078,-0.0075408,conc,100
c_mw8_079,0.012443,conc,100
c_mw8_080,-0.01363,conc,100
c_mw8_081,0.0020106,conc,100
c_mw8_082,-0.0009791,conc,100
c_mw8_083,0.0068544,conc,100
c_mw8_084,-0.0041773,conc,100
c_mw8_085,-0.010121,conc,100
c_mw8_086,0.0012379,conc,100
c_mw8_087,-0.013312,conc,100
c_mw8_088,-0.010365,conc,100
c_mw8_089,-0.0001984,conc,100
c_mw8_090,0.001201,conc,100
c_mw8_091,-0.014391,conc,100
c_mw8_092,0.012533,conc,100
c_mw8_093,-0.0003682,conc,100
c_mw8_094,0.012269,conc,100
c_mw8_095,0.010971,conc,100
c_mw8_096,0.0005943,conc,100
c_mw8_097,-0.003945,conc,100
c_mw8_098,-0.013931,conc,100
c_mw8_099,0.0099302,conc,100
c_mw8_100,0.0153,conc,100
c_mw9_001,0.0016955,conc,100
c_mw9_002,0.0006433,conc,100
c_mw9_003,-0.0088441,conc,100
c_mw9_004,-0.0099463,conc,100
c_mw9_005,-0.0009922,conc,100
c_mw9_006,0.012096,conc,100
c_mw9_007,-0.0026185,conc,100
c_mw9_008,0.0087571,conc,100
c_mw9_009,0.004033,conc,100
c_mw9_010,-0.0009754,conc,100
c_mw9_011,-0.0081171,conc,100
c_mw9_012,-0.003547,conc,100
c_mw9_013,-0.011701,conc,100
c_mw9_014,0.0085563,conc,100
c_mw9_015,0.0051167,conc,100
c_mw9_016,-0.009434,conc,100
c_mw9_017,-0.0065059,conc,100
c_mw9_018,-0.012786,conc,100
c_mw9_019,0.0016999,conc,100
c_mw9_020,0.0061285,conc,100
c_mw9_021,-0.0086016,conc,100
c_mw9_022,-0.0041012,conc,100
c_mw9_023,0.0039515,conc,100
c_mw9_024,-0.016081,conc,100
c_mw9_025,0.0025568,conc,100
c_mw9_026,0.015735,conc,100
c_mw9_027,0.016317,conc,100
c_mw9_028,-0.0010229,conc,100
c_mw9_029,-0.0001779,conc,100
c_mw9_030,0.0076962,conc,100
c_mw9_031,0.0069395,conc,100
c_mw9_032,0.014862,conc,100
c_mw9_033,0.002911,conc,100
c_mw9_034,0.0038216,conc,100
c_mw9_035,0.0037822,conc,100
c_mw9_036,0.017212,conc,100
c_mw9_037,-0.0085913,conc,100
c_mw9_038,0.013373,conc,100
c_mw9_039,0.0033256,conc,100
c_mw9_040,0.0039055,conc,100
c_mw9_041,-0.0070446,conc,100
c_mw9_042,0.0007552,conc,100
c_mw9_043,-0.0075935,conc,100
c_mw9_044,-0.024255,conc,100
c_mw9_045,0.0035238,conc,100
c_mw9_046,-0.011977,conc,100
c_mw9_047,0.0017038,conc,100
c_mw9_048,-0.011616,conc,100
c_mw9_049,-0.0024094,conc,100
c_mw9_050,-0.0027612,conc,100
c_mw9_051,-0.015755,conc,100
c_mw9_052,0.0012895,conc,100
c_mw9_053,-0.004687,conc,100
c_mw9_054,-0.022235,conc,100
c_mw9_055,0.018986,conc,100
c_mw9_056,0.005982,conc,100
c_mw9_057,0.004709,conc,100
c_mw9_058,0.0015207,conc,100
c_mw9_059,0.0094451,conc,100
c_mw9_060,-0.0035922,conc,100
c_mw9_061,0.0082898,conc,100
c_mw9_062,0.010499,conc,100
c_mw9_063,-0.0036923,conc,100
c_mw9_064,0.0016629,conc,100
c_mw9_065,0.0027055,conc,100
c_mw9_066,-0.013247,conc,100
c_mw9_067,0.0047168,conc,100
c_mw9_068,0.0005529,conc,100
c_mw9_069,0.01319,conc,100
c_mw9_070,0.0027913,conc,100
c_mw9_071,-0.0074169,conc,100
c_mw9_072,0.0023773,conc,100
c_mw9_073,-0.0039804,conc,100
c_mw9_074,-0.021998,conc,100
c_mw9_075,-0.00113,conc,100
c_mw9_076,-0.011684,conc,100
c_mw9_077,0.013265,conc,100
c_mw9_078,0.0039103,conc,100
c_mw9_079,0.0093296,conc,100
c_mw9_080,0.0042142,conc,100
c_mw9_081,-0.0012587,conc,100
c_mw9_082,0.0074671,conc,100
c_mw9_083,-0.014327,conc,100
c_mw9_084,0.0084396,conc,100
c_mw9_085,-0.0006365,conc,100
c_mw9_086,-0.018745,conc,100
c_mw9_087,-0.0009704,conc,100
c_mw9_088,0.0064796,conc,100
c_mw9_089,-0.0040511,conc,100
c_mw9_090,0.014082,conc,100
c_mw9_091,0.013211,conc,100
c_mw9_092,-0.0052778,conc,100
c_mw9_093,-0.0068231,conc,100
c_mw9_094,-0.0015358,conc,100
c_mw9_095,-0.0039922,conc,100
c_mw9_096,0.0076859,conc,100
c_mw9_097,0.011351,conc,100
c_mw9_098,0.0070923,conc,100
c_mw9_099,0.0073852,conc,100
c_mw9_100,0.0001575,conc,100
c_mw10_001,-0.0005705,conc,100
c_mw10_002,-0.0060527,conc,100
c_mw10_003,0.023604,conc,100
c_mw10_004,0.009695,conc,100
c_mw10_005,0.0065361,conc,100
c_mw10_006,-0.0057683,conc,100
c_mw10_007,-0.014179,conc,100
c_mw10_008,-0.006731,conc,100
c_mw10_009,-0.0035662,conc,100
c_mw10_010,-0.0028948,conc,100
c_mw10_011,0.0069204,conc,100
c_mw10_012,-0.0031307,conc,100
c_mw10_013,0.0069138,conc,100
c_mw10_014,0.0054951,conc,100
c_mw10_015,0.0073858,conc,100
c_mw10_016,-0.0004402,conc,100
c_mw10_017,0.0083006,conc,100
c_mw10_018,0.0021432,conc,100
c_mw10_019,0.0025491,conc,100
c_mw10_020,-0.000945,conc,100
c_mw10_021,-0.0005741,conc,100
c_mw10_022,0.0028715,conc,100
c_mw10_023,0.0073049,conc,100
c_mw10_024,-0.0063109,conc,100
c_mw10_025,-0.0022766,conc,100
c_mw10_026,0.0011799,conc,100
c_mw10_027,0.011606,conc,100
c_mw10_028,0.0007763,conc,100
c_mw10_029,0.0069574,conc,100
c_mw10_030,0.0097149,conc,100
c_mw10_031,0.0009711,conc,100
c_mw10_032,0.016069,conc,100
c_mw10_033,-0.0088311,conc,100
c_mw10_034,-0.012624,conc,100
c_mw10_035,-0.010541,conc,100
c_mw10_036,-0.0075086,conc,100
c_mw10_037,-0.005132,conc,100
c_mw10_038,-0.0021386,conc,100
c_mw10_039,0.0041102,conc,100
c_mw10_040,-0.004097,conc,100
c_mw10_041,-0.0047857,conc,100
c_mw10_042,0.006232,conc,100
c_mw10_043,-0.0012281,conc,100
c_mw10_044,0.0026838,conc,100
c_mw10_045,-0.0036893,conc,100
c_mw10_046,-0.012237,conc,100
c_mw10_047,-0.0001207,conc,100
c_mw10_048,-0.000773,conc,100
c_mw10_049,0.0040371,conc,100
c_mw10_050,0.0003916,conc,100
c_mw10_051,-0.0077392,conc,100
c_mw10_052,0.014882,conc,100
c_mw10_053,-0.011825,conc,100
c_mw10_054,-0.01822,conc,100
c_mw10_055,-0.0062531,conc,100
c_mw10_056,-0.0051199,conc,100
c_mw10_057,0.0050251,conc,100
c_mw10_058,-0.0055972,conc,100
c_mw10_059,5.64e-05,conc,100
c_mw10_060,0.00238,conc,100
c_mw10_061,0.0068126,conc,100
c_mw10_062,-0.016014,conc,100
c_mw10_063,0.0023587,conc,100
c_mw10_064,-0.012147,conc,100
c_mw10_065,0.010914,conc,100
c_mw10_066,-0.0075782,conc,100
c_mw10_067,-0.0068492,conc,100
c_mw10_068,0.0050369,conc,100
c_mw10_069,-0.0003399,conc,100
c_mw10_070,-0.0010286,conc,100
c_mw10_071,0.0068624,conc,100
c_mw10_072,-0.0049431,conc,100
c_mw10_073,-0.0060965,conc,100
c_mw10_074,0.0099647,conc,100
c_mw10_075,-0.0054803,conc,100
c_mw10_076,0.0017775,conc,100
c_mw10_077,-0.012138,conc,100
c_mw10_078,-0.0002708,conc,100
c_mw10_079,-0.0031794,conc,100
c_mw10_080,0.0037497,conc,100
c_mw10_081,0.021935,conc,100
c_mw10_082,-0.01901,conc,100
c_mw10_083,-0.0096559,conc,100
c_mw10_084,-0.0032786,conc,100
c_mw10_085,0.0013468,conc,100
c_mw10_086,-0.014426,conc,100
c_mw10_087,-0.0004943,conc,100
c_mw10_088,-0.0082378,conc,100
c_mw10_089,0.0006483,conc,100
c_mw10_090,-0.0093254,conc,100
c_mw10_091,0.027548,conc,100
c_mw10_092,0.0020726,conc,100
c_mw10_093,0.0069819,conc,100
c_mw10_094,-0.023049,conc,100
c_mw10_095,-0.0080449,conc,100
c_mw10_096,-0.0016745,conc,100
c_mw10_097,0.01681,conc,100
c_mw10_098,-0.0082853,conc,100
c_mw10_099,0.0036938,conc,100
c_mw10_100,-0.0089412,conc,100
pc_mw1_001,0.9246,pconc,0
pc_mw1_002,0.9382,pconc,0
pc_mw1_003,0.9487,pconc,0
pc_mw1_004,0.9567,pconc,0
pc_mw1_005,0.9632,pconc,0
pc_mw1_006,0.9684,pconc,0
pc_mw1_007,0.9727,pconc,0
pc_mw1_008,0.9763,pconc,0
pc_mw1_009,0.9792,pconc,0
pc_mw1_010,0.9817,pconc,0
pc_mw1_011,0.9839,pconc,0
pc_mw1_012,0.9856,pconc,0
pc_mw1_013,0.9872,pconc,0
pc_mw1_014,0.9884,pconc,0
pc_mw1_015,0.9896,pconc,0
pc_mw1_016,0.9905,pconc,0
pc_mw1_017,0.9913,pconc,0
pc_mw1_018,0.992,pconc,0
pc_mw1_019,0.9927,pconc,0
pc_mw1_020,0.9932,pconc,0
pc_mw1_021,0.9937,pconc,0
pc_mw1_022,0.9941,pconc,0
pc_mw1_023,0.9945,pconc,0
pc_mw1_024,0.9949,pconc,0
pc_mw1_025,0.9952,pconc,0
pc_mw1_026,0.9954,pconc,0
pc_mw1_027,0.9957,pconc,0
pc_mw1_028,0.9959,pconc,0
pc_mw1_029,0.9961,pconc,0
pc_mw1_030,0.9963,pconc,0
pc_mw1_031,0.9965,pconc,0
pc_mw1_032,0.9967,pconc,0
pc_mw1_033,0.9968,pconc,0
pc_mw1_034,0.997,pconc,0
pc_mw1_035,0.9971,pconc,0
pc_mw1_036,0.9972,pconc,0
pc_mw1_037,0.9973,pconc,0
pc_mw1_038,0.9974,pconc,0
pc_mw1_039,0.9975,pconc,0
pc_mw1_040,0.9976,pconc,0
pc_mw1_041,0.9977,pconc,0
pc_mw1_042,0.9978,pconc,0
pc_mw1_043,0.9979,pconc,0
pc_mw1_044,0.998,pconc,0
pc_mw1_045,0.9981,pconc,0
pc_mw1_046,0.9981,pconc,0
pc_mw1_047,0.9982,pconc,0
pc_mw1_048,0.9983,pconc,0
pc_mw1_049,0.9983,pconc,0
pc_mw1_050,0.9984,pconc,0
pc_mw1_051,0.9984,pconc,0
pc_mw1_052,0.9985,pconc,0
pc_mw1_053,0.9985,pconc,0
pc_mw1_054,0.9986,pconc,0
pc_mw1_055,0.9986,pconc,0
pc_mw1_056,0.9986,pconc,0
pc_mw1_057,0.9987,pconc,0
pc_mw1_058,0.9987,pconc,0
pc_mw1_059,0.9987,pconc,0
pc_mw1_060,0.9988,pconc,0
pc_mw1_061,0.9988,pconc,0
pc_mw1_062,0.9988,pconc,0
pc_mw1_063,0.9989,pconc,0
pc_mw1_064,0.9989,pconc,0
pc_mw1_065,0.9989,pconc,0
pc_mw1_066,0.999,pconc,0
pc_mw1_067,0.999,pconc,0
pc_mw1_068,0.999,pconc,0
pc_mw1_069,0.999,pconc,0
pc_mw1_070,0.9991,pconc,0
pc_mw1_071,0.9991,pconc,0
pc_mw1_072,0.9991,pconc,0
pc_mw1_073,0.9991,pconc,0
pc_mw1_074,0.9991,pconc,0
pc_mw1_075,0.9992,pconc,0
pc_mw1_076,0.9992,pconc,0
pc_mw1_077,0.9992,pconc,0
pc_mw1_078,0.9992,pconc,0
pc_mw1_079,0.9992,pconc,0
pc_mw1_080,0.9992,pconc,0
pc_mw1_081,0.9992,pconc,0
pc_mw1_082,0.9993,pconc,0
pc_mw1_083,0.9993,pconc,0
pc_mw1_084,0.9993,pconc,0
pc_mw1_085,0.9993,pconc,0
pc_mw1_086,0.9993,pconc,0
pc_mw1_087,0.9993,pconc,0
pc_mw1_088,0.9993,pconc,0
pc_mw1_089,0.9993,pconc,0
pc_mw1_090,0.9994,pconc,0
pc_mw1_091,0.9994,pconc,0
pc_mw1_092,0.9994,pconc,0
pc_mw1_093,0.9994,pconc,0
pc_mw1_094,0.9994,pconc,0
pc_mw1_095,0.9994,pconc,0
pc_mw1_096,0.9994,pconc,0
pc_mw1_097,0.9994,pconc,0
pc_mw1_098,0.9994,pconc,0
pc_mw1_099,0.9994,pconc,0
pc_mw1_100,0.9995,pconc,0
pc_mw1_101,0.9995,pconc,0
pc_mw1_102,0.9995,pconc,0
pc_mw1_103,0.9995,pconc,0
pc_mw1_104,0.9995,pconc,0
pc_mw1_105,0.9995,pconc,0
pc_mw1_106,0.9995,pconc,0
pc_mw1_107,0.9995,pconc,0
pc_mw1_108,0.9995,pconc,0
pc_mw1_109,0.9995,pconc,0
pc_mw1_110,0.9995,pconc,0
pc_mw1_111,0.9995,pconc,0
pc_mw1_112,0.9995,pconc,0
pc_mw1_113,0.9995,pconc,0
pc_mw1_114,0.9996,pconc,0
pc_mw1_115,0.9996,pconc,0
pc_mw1_116,0.9996,pconc,0
pc_mw1_117,0.9996,pconc,0
pc_mw1_118,0.9996,pconc,0
pc_mw1_119,0.9996,pconc,0
pc_mw1_120,0.9996,pconc,0
pc_mw1_121,0.9996,pconc,0
pc_mw1_122,0.9996,pconc,0
pc_mw1_123,0.9996,pconc,0
pc_mw1_124,0.9996,pconc,0
pc_mw1_125,0.9996,pconc,0
pc_mw1_126,0.9996,pconc,0
pc_mw1_127,0.9996,pconc,0
pc_mw1_128,0.9996,pconc,0
pc_mw1_129,0.9996,pconc,0
pc_mw1_130,0.9996,pconc,0
pc_mw1_131,0.9996,pconc,0
pc_mw1_132,0.9996,pconc,0
pc_mw1_133,0.9996,pconc,0
pc_mw1_134,0.9997,pconc,0
pc_mw1_135,0.9997,pconc,0
pc_mw1_136,0.9997,pconc,0
pc_mw1_137,0.9997,pconc,0
pc_mw1_138,0.9997,pconc,0
pc_mw1_139,0.9997,pconc,0
pc_mw1_140,0.9997,pconc,0
pc_mw1_141,0.9997,pconc,0
pc_mw1_142,0.9997,pconc,0
pc_mw1_143,0.9997,pconc,0
pc_mw1_144,0.9997,pconc,0
pc_mw1_145,0.9997,pconc,0
pc_mw1_146,0.9997,pconc,0
pc_mw1_147,0.9997,pconc,0
pc_mw1_148,0.9997,pconc,0
pc_mw1_149,0.9997,pconc,0
pc_mw1_150,0.9997,pconc,0
pc_mw1_151,0.9997,pconc,0
pc_mw1_152,0.9997,pconc,0
pc_mw1_153,0.9997,pconc,0
pc_mw1_154,0.9997,pconc,0
pc_mw1_155,0.9997,pconc,0
pc_mw1_156,0.9997,pconc,0
pc_mw1_157,0.9997,pconc,0
pc_mw1_158,0.9997,pconc,0
pc_mw1_159,0.9997,pconc,0
pc_mw1_160,0.9997,pconc,0
pc_mw1_161,0.9997,pconc,0
pc_mw1_162,0.9997,pconc,0
pc_mw1_163,0.9997,pconc,0
pc_mw1_164,0.9997,pconc,0
pc_mw1_165,0.9997,pconc,0
pc_mw1_166,0.9997,pconc,0
pc_mw1_167,0.9998,pconc,0
pc_mw1_168,0.9998,pconc,0
pc_mw1_169,0.9998,pconc,0
pc_mw1_170,0.9998,pconc,0
pc_mw1_171,0.9998,pconc,0
pc_mw1_172,0.9998,pconc,0
pc_mw1_173,0.9998,pconc,0
pc_mw1_174,0.9998,pconc,0
pc_mw1_175,0.9998,pconc,0
pc_mw1_176,0.9998,pconc,0
pc_mw1_177,0.9998,pconc,0
pc_mw1_178,0.9998,pconc,0
pc_mw1_179,0.9998,pconc,0
pc_mw1_180,0.9998,pconc,0
pc_mw1_181,0.9998,pconc,0
pc_mw1_182,0.9998,pconc,0
pc_mw1_183,0.9998,pconc,0
pc_mw1_184,0.9998,pconc,0
pc_mw1_185,0.9998,pconc,0
pc_mw1_186,0.9998,pconc,0
pc_mw1_187,0.9998,pconc,0
pc_mw1_188,0.9998,pconc,0
pc_mw1_189,0.9998,pconc,0
pc_mw1_190,0.9998,pconc,0
pc_mw1_191,0.9998,pconc,0
pc_mw1_192,0.9998,pconc,0
pc_mw1_193,0.9998,pconc,0
pc_mw1_194,0.9998,pconc,0
pc_mw1_195,0.9998,pconc,0
pc_mw1_196,0.9998,pconc,0
pc_mw1_197,0.9998,pconc,0
pc_mw1_198,0.9998,pconc,0
pc_mw1_199,0.9998,pconc,0
pc_mw1_200,0.9998,pconc,0
pc_mw2_001,0.3409,pconc,0
pc_mw2_002,0.3439,pconc,0
pc_mw2_003,0.3466,pconc,0
pc_mw2_004,0.3491,pconc,0
pc_mw2_005,0.3516,pconc,0
pc_mw2_006,0.354,pconc,0
pc_mw2_007,0.3564,pconc,0
pc_mw2_008,0.3587,pconc,0
pc_mw2_009,0.361,pconc,0
pc_mw2_010,0.3632,pconc,0
pc_mw2_011,0.3654,pconc,0
pc_mw2_012,0.3676,pconc,0
pc_mw2_013,0.3697,pconc,0
pc_mw2_014,0.3717,pconc,0
pc_mw2_015,0.3737,pconc,0
pc_mw2_016,0.3757,pconc,0
pc_mw2_017,0.3777,pconc,0
pc_mw2_018,0.3796,pconc,0
pc_mw2_019,0.3815,pconc,0
pc_mw2_020,0.3833,pconc,0
pc_mw2_021,0.3851,pconc,0
pc_mw2_022,0.3869,pconc,0
pc_mw2_023,0.3887,pconc,0
pc_mw2_024,0.3904,pconc,0
pc_mw2_025,0.3921,pconc,0
pc_mw2_026,0.3938,pconc,0
pc_mw2_027,0.3955,pconc,0
pc_mw2_028,0.3972,pconc,0
pc_mw2_029,0.3988,pconc,0
pc_mw2_030,0.4004,pconc,0
pc_mw2_031,0.402,pconc,0
pc_mw2_032,0.4035,pconc,0
pc_mw2_033,0.405,pconc,0
pc_mw2_034,0.4065,pconc,0
pc_mw2_035,0.4079,pconc,0
pc_mw2_036,0.4092,pconc,0
pc_mw2_037,0.4106,pconc,0
pc_mw2_038,0.4124,pconc,0
pc_mw2_039,0.4144,pconc,0
pc_mw2_040,0.4164,pconc,0
pc_mw2_041,0.4183,pconc,0
pc_mw2_042,0.4202,pconc,0
pc_mw2_043,0.422,pconc,0
pc_mw2_044,0.4237,pconc,0
pc_mw2_045,0.4254,pconc,0
pc_mw2_046,0.4271,pconc,0
pc_mw2_047,0.4287,pconc,0
pc_mw2_048,0.4302,pconc,0
pc_mw2_049,0.4317,pconc,0
pc_mw2_050,0.4332,pconc,0
pc_mw2_051,0.4347,pconc,0
pc_mw2_052,0.4362,pconc,0
pc_mw2_053,0.4376,pconc,0
pc_mw2_054,0.4391,pconc,0
pc_mw2_055,0.4405,pconc,0
pc_mw2_056,0.442,pconc,0
pc_mw2_057,0.4434,pconc,0
pc_mw2_058,0.4449,pconc,0
pc_mw2_059,0.4463,pconc,0
pc_mw2_060,0.4478,pconc,0
pc_mw2_061,0.4492,pconc,0
pc_mw2_062,0.4506,pconc,0
pc_mw2_063,0.4521,pconc,0
pc_mw2_064,0.4535,pconc,0
pc_mw2_065,0.4549,pconc,0
pc_mw2_066,0.4563,pconc,0
pc_mw2_067,0.4578,pconc,0
pc_mw2_068,0.4592,pconc,0
pc_mw2_069,0.4606,pconc,0
pc_mw2_070,0.462,pconc,0
pc_mw2_071,0.4634,pconc,0
pc_mw2_072,0.4648,pconc,0
pc_mw2_073,0.4661,pconc,0
pc_mw2_074,0.4675,pconc,0
pc_mw2_075,0.4689,pconc,0
pc_mw2_076,0.4703,pconc,0
pc_mw2_077,0.4717,pconc,0
pc_mw2_078,0.4731,pconc,0
pc_mw2_079,0.4745,pconc,0
pc_mw2_080,0.4759,pconc,0
pc_mw2_081,0.4773,pconc,0
pc_mw2_082,0.4786,pconc,0
pc_mw2_083,0.48,pconc,0
pc_mw2_084,0.4814,pconc,0
pc_mw2_085,0.4828,pconc,0
pc_mw2_086,0.4841,pconc,0
pc_mw2_087,0.4855,pconc,0
pc_mw2_088,0.4869,pconc,0
pc_mw2_089,0.4882,pconc,0
pc_mw2_090,0.4896,pconc,0
pc_mw2_091,0.4909,pconc,0
pc_mw2_092,0.4923,pconc,0
pc_mw2_093,0.4937,pconc,0
pc_mw2_094,0.495,pconc,0
pc_mw2_095,0.4964,pconc,0
pc_mw2_096,0.4977,pconc,0
pc_mw2_097,0.4991,pconc,0
pc_mw2_098,0.5004,pconc,0
pc_mw2_099,0.5018,pconc,0
pc_mw2_100,0.5031,pconc,0
pc_mw2_101,0.5045,pconc,0
pc_mw2_102,0.5058,pconc,0
pc_mw2_103,0.5072,pconc,0
pc_mw2_104,0.5086,pconc,0
pc_mw2_105,0.5099,pconc,0
pc_mw2_106,0.5113,pconc,0
pc_mw2_107,0.5126,pconc,0
pc_mw2_108,0.514,pconc,0
pc_mw2_109,0.5154,pconc,0
pc_mw2_110,0.5167,pconc,0
pc_mw2_111,0.5181,pconc,0
pc_mw2_112,0.5194,pconc,0
pc_mw2_113,0.5208,pconc,0
pc_mw2_114,0.5222,pconc,0
pc_mw2_115,0.5235,pconc,0
pc_mw2_116,0.5249,pconc,0
pc_mw2_117,0.5263,pconc,0
pc_mw2_118,0.5276,pconc,0
pc_mw2_119,0.529,pconc,0
pc_mw2_120,0.5304,pconc,0
pc_mw2_121,0.5317,pconc,0
pc_mw2_122,0.5331,pconc,0
pc_mw2_123,0.5344,pconc,0
pc_mw2_124,0.5358,pconc,0
pc_mw2_125,0.5371,pconc,0
pc_mw2_126,0.5385,pconc,0
pc_mw2_127,0.5398,pconc,0
pc_mw2_128,0.5412,pconc,0
pc_mw2_129,0.5424,pconc,0
pc_mw2_130,0.5436,pconc,0
pc_mw2_131,0.5449,pconc,0
pc_mw2_132,0.5463,pconc,0
pc_mw2_133,0.5477,pconc,0
pc_mw2_134,0.5492,pconc,0
pc_mw2_135,0.5506,pconc,0
pc_mw2_136,0.5521,pconc,0
pc_mw2_137,0.5535,pconc,0
pc_mw2_138,0.555,pconc,0
pc_mw2_139,0.5564,pconc,0
pc_mw2_140,0.5579,pconc,0
pc_mw2_141,0.5593,pconc,0
pc_mw2_142,0.5607,pconc,0
pc_mw2_143,0.5622,pconc,0
pc_mw2_144,0.5636,pconc,0
pc_mw2_145,0.565,pconc,0
pc_mw2_146,0.5664,pconc,0
pc_mw2_147,0.5678,pconc,0
pc_mw2_148,0.5693,pconc,0
pc_mw2_149,0.5707,pconc,0
pc_mw2_150,0.5721,pconc,0
pc_mw2_151,0.5735,pconc,0
pc_mw2_152,0.5749,pconc,0
pc_mw2_153,0.5763,pconc,0
pc_mw2_154,0.5777,pconc,0
pc_mw2_155,0.579,pconc,0
pc_mw2_156,0.5804,pconc,0
pc_mw2_157,0.5818,pconc,0
pc_mw2_158,0.5832,pconc,0
pc_mw2_159,0.5846,pconc,0
pc_mw2_160,0.5859,pconc,0
pc_mw2_161,0.5873,pconc,0
pc_mw2_162,0.5887,pconc,0
pc_mw2_163,0.59,pconc,0
pc_mw2_164,0.5914,pconc,0
pc_mw2_165,0.5928,pconc,0
pc_mw2_166,0.5941,pconc,0
pc_mw2_167,0.5955,pconc,0
pc_mw2_168,0.5968,pconc,0
pc_mw2_169,0.5982,pconc,0
pc_mw2_170,0.5995,pconc,0
pc_mw2_171,0.6009,pconc,0
pc_mw2_172,0.6022,pconc,0
pc_mw2_173,0.6035,pconc,0
pc_mw2_174,0.6049,pconc,0
pc_mw2_175,0.6062,pconc,0
pc_mw2_176,0.6075,pconc,0
pc_mw2_177,0.6088,pconc,0
pc_mw2_178,0.6101,pconc,0
pc_mw2_179,0.6115,pconc,0
pc_mw2_180,0.6128,pconc,0
pc_mw2_181,0.6141,pconc,0
pc_mw2_182,0.6154,pconc,0
pc_mw2_183,0.6167,pconc,0
pc_mw2_184,0.618,pconc,0
pc_mw2_185,0.6193,pconc,0
pc_mw2_186,0.6205,pconc,0
pc_mw2_187,0.6218,pconc,0
pc_mw2_188,0.6231,pconc,0
pc_mw2_189,0.6244,pconc,0
pc_mw2_190,0.6256,pconc,0
pc_mw2_191,0.6269,pconc,0
pc_mw2_192,0.6282,pconc,0
pc_mw2_193,0.6294,pconc,0
pc_mw2_194,0.6307,pconc,0
pc_mw2_195,0.6319,pconc,0
pc_mw2_196,0.6331,pconc,0
pc_mw2_197,0.6344,pconc,0
pc_mw2_198,0.6356,pconc,0
pc_mw2_199,0.6368,pconc,0
pc_mw2_200,0.638,pconc,0
pc_mw3_001,0.8141,pconc,0
pc_mw3_002,0.8186,pconc,0
pc_mw3_003,0.8224,pconc,0
pc_mw3_004,0.8258,pconc,0
pc_mw3_005,0.8289,pconc,0
pc_mw3_006,0.8318,pconc,0
pc_mw3_007,0.8345,pconc,0
pc_mw3_008,0.8372,pconc,0
pc_mw3_009,0.8397,pconc,0
pc_mw3_010,0.8421,pconc,0
pc_mw3_011,0.8444,pconc,0
pc_mw3_012,0.8466,pconc,0
pc_mw3_013,0.8488,pconc,0
pc_mw3_014,0.8509,pconc,0
pc_mw3_015,0.8529,pconc,0
pc_mw3_016,0.8549,pconc,0
pc_mw3_017,0.8568,pconc,0
pc_mw3_018,0.8586,pconc,0
pc_mw3_019,0.8604,pconc,0
pc_mw3_020,0.8621,pconc,0
pc_mw3_021,0.8638,pconc,0
pc_mw3_022,0.8654,pconc,0
pc_mw3_023,0.8671,pconc,0
pc_mw3_024,0.8686,pconc,0
pc_mw3_025,0.8701,pconc,0
pc_mw3_026,0.8716,pconc,0
pc_mw3_027,0.8731,pconc,0
pc_mw3_028,0.8745,pconc,0
pc_mw3_029,0.8759,pconc,0
pc_mw3_030,0.8773,pconc,0
pc_mw3_031,0.8786,pconc,0
pc_mw3_032,0.8799,pconc,0
pc_mw3_033,0.8812,pconc,0
pc_mw3_034,0.8825,pconc,0
pc_mw3_035,0.8837,pconc,0
pc_mw3_036,0.8849,pconc,0
pc_mw3_037,0.8861,pconc,0
pc_mw3_038,0.8873,pconc,0
pc_mw3_039,0.8884,pconc,0
pc_mw3_040,0.8896,pconc,0
pc_mw3_041,0.8907,pconc,0
pc_mw3_042,0.8918,pconc,0
pc_mw3_043,0.8929,pconc,0
pc_mw3_044,0.894,pconc,0
pc_mw3_045,0.895,pconc,0
pc_mw3_046,0.8961,pconc,0
pc_mw3_047,0.8971,pconc,0
pc_mw3_048,0.8981,pconc,0
pc_mw3_049,0.8991,pconc,0
pc_mw3_050,0.9001,pconc,0
pc_mw3_051,0.901,pconc,0
pc_mw3_052,0.902,pconc,0
pc_mw3_053,0.9029,pconc,0
pc_mw3_054,0.9039,pconc,0
pc_mw3_055,0.9048,pconc,0
pc_mw3_056,0.9057,pconc,0
pc_mw3_057,0.9066,pconc,0
pc_mw3_058,0.9075,pconc,0
pc_mw3_059,0.9083,pconc,0
pc_mw3_060,0.9092,pconc,0
pc_mw3_061,0.9101,pconc,0
pc_mw3_062,0.9109,pconc,0
pc_mw3_063,0.9117,pconc,0
pc_mw3_064,0.9125,pconc,0
pc_mw3_065,0.9133,pconc,0
pc_mw3_066,0.9141,pconc,0
pc_mw3_067,0.9149,pconc,0
pc_mw3_068,0.9157,pconc,0
pc_mw3_069,0.9165,pconc,0
pc_mw3_070,0.9173,pconc,0
pc_mw3_071,0.918,pconc,0
pc_mw3_072,0.9188,pconc,0
pc_mw3_073,0.9195,pconc,0
pc_mw3_074,0.9202,pconc,0
pc_mw3_075,0.9209,pconc,0
pc_mw3_076,0.9216,pconc,0
pc_mw3_077,0.9223,pconc,0
pc_mw3_078,0.923,pconc,0
pc_mw3_079,0.9237,pconc,0
pc_mw3_080,0.9244,pconc,0
pc_mw3_081,0.9251,pconc,0
pc_mw3_082,0.9257,pconc,0
pc_mw3_083,0.9264,pconc,0
pc_mw3_084,0.9271,pconc,0
pc_mw3_085,0.9277,pconc,0
pc_mw3_086,0.9283,pconc,0
pc_mw3_087,0.929,pconc,0
pc_mw3_088,0.9296,pconc,0
pc_mw3_089,0.9302,pconc,0
pc_mw3_090,0.9308,pconc,0
pc_mw3_091,0.9314,pconc,0
pc_mw3_092,0.932,pconc,0
pc_mw3_093,0.9326,pconc,0
pc_mw3_094,0.9332,pconc,0
pc_mw3_095,0.9338,pconc,0
pc_mw3_096,0.9344,pconc,0
pc_mw3_097,0.935,pconc,0
pc_mw3_098,0.9355,pconc,0
pc_mw3_099,0.9361,pconc,0
pc_mw3_100,0.9366,pconc,0
pc_mw3_101,0.9372,pconc,0
pc_mw3_102,0.9377,pconc,0
pc_mw3_103,0.9383,pconc,0
pc_mw3_104,0.9388,pconc,0
pc_mw3_105,0.9393,pconc,0
pc_mw3_106,0.9398,pconc,0
pc_mw3_107,0.9404,pconc,0
pc_mw3_108,0.9409,pconc,0
pc_mw3_109,0.9414,pconc,0
pc_mw3_110,0.9419,pconc,0
pc_mw3_111,0.9424,pconc,0
pc_mw3_112,0.9429,pconc,0
pc_mw3_113,0.9433,pconc,0
pc_mw3_114,0.9438,pconc,0
pc_mw3_115,0.9443,pconc,0
pc_mw3_116,0.9448,pconc,0
pc_mw3_117,0.9452,pconc,0
pc_mw3_118,0.9457,pconc,0
pc_mw3_119,0.9462,pconc,0
pc_mw3_120,0.9466,pconc,0
pc_mw3_121,0.9471,pconc,0
pc_mw3_122,0.9475,pconc,0
pc_mw3_123,0.9479,pconc,0
pc_mw3_124,0.9484,pconc,0
pc_mw3_125,0.9488,pconc,0
pc_mw3_126,0.9492,pconc,0
pc_mw3_127,0.9496,pconc,0
pc_mw3_128,0.9501,pconc,0
pc_mw3_129,0.9505,pconc,0
pc_mw3_130,0.9509,pconc,0
pc_mw3_131,0.9513,pconc,0
pc_mw3_132,0.9517,pconc,0
pc_mw3_133,0.9521,pconc,0
pc_mw3_134,0.9525,pconc,0
pc_mw3_135,0.9529,pconc,0
pc_mw3_136,0.9533,pconc,0
pc_mw3_137,0.9536,pconc,0
pc_mw3_138,0.954,pconc,0
pc_mw3_139,0.9544,pconc,0
pc_mw3_140,0.9548,pconc,0
pc_mw3_141,0.9551,pconc,0
pc_mw3_142,0.9555,pconc,0
pc_mw3_143,0.9559,pconc,0
pc_mw3_144,0.9562,pconc,0
pc_mw3_145,0.9566,pconc,0
pc_mw3_146,0.9569,pconc,0
pc_mw3_147,0.9573,pconc,0
pc_mw3_148,0.9576,pconc,0
pc_mw3_149,0.958,pconc,0
pc_mw3_150,0.9583,pconc,0
pc_mw3_151,0.9586,pconc,0
pc_mw3_152,0.959,pconc,0
pc_mw3_153,0.9593,pconc,0
pc_mw3_154,0.9596,pconc,0
pc_mw3_155,0.9599,pconc,0
pc_mw3_156,0.9603,pconc,0
pc_mw3_157,0.9606,pconc,0
pc_mw3_158,0.9609,pconc,0
pc_mw3_159,0.9612,pconc,0
pc_mw3_160,0.9615,pconc,0
pc_mw3_161,0.9618,pconc,0
pc_mw3_162,0.9621,pconc,0
pc_mw3_163,0.9624,pconc,0
pc_mw3_164,0.9627,pconc,0
pc_mw3_165,0.963,pconc,0
pc_mw3_166,0.9633,pconc,0
pc_mw3_167,0.9636,pconc,0
pc_mw3_168,0.9639,pconc,0
pc_mw3_169,0.9642,pconc,0
pc_mw3_170,0.9644,pconc,0
pc_mw3_171,0.9647,pconc,0
pc_mw3_172,0.965,pconc,0
pc_mw3_173,0.9653,pconc,0
pc_mw3_174,0.9655,pconc,0
pc_mw3_175,0.9658,pconc,0
pc_mw3_176,0.9661,pconc,0
pc_mw3_177,0.9663,pconc,0
pc_mw3_178,0.9666,pconc,0
pc_mw3_179,0.9668,pconc,0
pc_mw3_180,0.9671,pconc,0
pc_mw3_181,0.9674,pconc,0
pc_mw3_182,0.9676,pconc,0
pc_mw3_183,0.9679,pconc,0
pc_mw3_184,0.9681,pconc,0
pc_mw3_185,0.9684,pconc,0
pc_mw3_186,0.9686,pconc,0
pc_mw3_187,0.9688,pconc,0
pc_mw3_188,0.9691,pconc,0
pc_mw3_189,0.9693,pconc,0
pc_mw3_190,0.9696,pconc,0
pc_mw3_191,0.9698,pconc,0
pc_mw3_192,0.97,pconc,0
pc_mw3_193,0.9702,pconc,0
pc_mw3_194,0.9705,pconc,0
pc_mw3_195,0.9707,pconc,0
pc_mw3_196,0.9709,pconc,0
pc_mw3_197,0.9711,pconc,0
pc_mw3_198,0.9714,pconc,0
pc_mw3_199,0.9716,pconc,0
pc_mw3_200,0.9718,pconc,0
pc_mw4_001,0.3785,pconc,0
pc_mw4_002,0.4059,pconc,0
pc_mw4_003,0.4259,pconc,0
pc_mw4_004,0.4421,pconc,0
pc_mw4_005,0.4566,pconc,0
pc_mw4_006,0.4698,pconc,0
pc_mw4_007,0.4822,pconc,0
pc_mw4_008,0.4941,pconc,0
pc_mw4_009,0.5055,pconc,0
pc_mw4_010,0.5164,pconc,0
pc_mw4_011,0.5274,pconc,0
pc_mw4_012,0.5383,pconc,0
pc_mw4_013,0.5492,pconc,0
pc_mw4_014,0.56,pconc,0
pc_mw4_015,0.5707,pconc,0
pc_mw4_016,0.5813,pconc,0
pc_mw4_017,0.5918,pconc,0
pc_mw4_018,0.6022,pconc,0
pc_mw4_019,0.6124,pconc,0
pc_mw4_020,0.6226,pconc,0
pc_mw4_021,0.6327,pconc,0
pc_mw4_022,0.6426,pconc,0
pc_mw4_023,0.6524,pconc,0
pc_mw4_024,0.6621,pconc,0
pc_mw4_025,0.6716,pconc,0
pc_mw4_026,0.681,pconc,0
pc_mw4_027,0.6901,pconc,0
pc_mw4_028,0.6991,pconc,0
pc_mw4_029,0.7079,pconc,0
pc_mw4_030,0.7165,pconc,0
pc_mw4_031,0.7249,pconc,0
pc_mw4_032,0.7331,pconc,0
pc_mw4_033,0.7411,pconc,0
pc_mw4_034,0.7489,pconc,0
pc_mw4_035,0.7565,pconc,0
pc_mw4_036,0.7639,pconc,0
pc_mw4_037,0.771,pconc,0
pc_mw4_038,0.778,pconc,0
pc_mw4_039,0.7847,pconc,0
pc_mw4_040,0.7912,pconc,0
pc_mw4_041,0.7974,pconc,0
pc_mw4_042,0.8035,pconc,0
pc_mw4_043,0.8094,pconc,0
pc_mw4_044,0.8151,pconc,0
pc_mw4_045,0.8207,pconc,0
pc_mw4_046,0.826,pconc,0
pc_mw4_047,0.8312,pconc,0
pc_mw4_048,0.8363,pconc,0
pc_mw4_049,0.8411,pconc,0
pc_mw4_050,0.8459,pconc,0
pc_mw4_051,0.8504,pconc,0
pc_mw4_052,0.8549,pconc,0
pc_mw4_053,0.8591,pconc,0
pc_mw4_054,0.8633,pconc,0
pc_mw4_055,0.8673,pconc,0
pc_mw4_056,0.8711,pconc,0
pc_mw4_057,0.8749,pconc,0
pc_mw4_058,0.8785,pconc,0
pc_mw4_059,0.882,pconc,0
pc_mw4_060,0.8853,pconc,0
pc_mw4_061,0.8886,pconc,0
pc_mw4_062,0.8917,pconc,0
pc_mw4_063,0.8948,pconc,0
pc_mw4_064,0.8977,pconc,0
pc_mw4_065,0.9006,pconc,0
pc_mw4_066,0.9034,pconc,0
pc_mw4_067,0.906,pconc,0
pc_mw4_068,0.9086,pconc,0
pc_mw4_069,0.9111,pconc,0
pc_mw4_070,0.9135,pconc,0
pc_mw4_071,0.9159,pconc,0
pc_mw4_072,0.9182,pconc,0
pc_mw4_073,0.9204,pconc,0
pc_mw4_074,0.9225,pconc,0
pc_mw4_075,0.9246,pconc,0
pc_mw4_076,0.9266,pconc,0
pc_mw4_077,0.9285,pconc,0
pc_mw4_078,0.9304,pconc,0
pc_mw4_079,0.9322,pconc,0
pc_mw4_080,0.934,pconc,0
pc_mw4_081,0.9357,pconc,0
pc_mw4_082,0.9374,pconc,0
pc_mw4_083,0.939,pconc,0
pc_mw4_084,0.9406,pconc,0
pc_mw4_085,0.9421,pconc,0
pc_mw4_086,0.9436,pconc,0
pc_mw4_087,0.9451,pconc,0
pc_mw4_088,0.9465,pconc,0
pc_mw4_089,0.9478,pconc,0
pc_mw4_090,0.9491,pconc,0
pc_mw4_091,0.9504,pconc,0
pc_mw4_092,0.9517,pconc,0
pc_mw4_093,0.9529,pconc,0
pc_mw4_094,0.9541,pconc,0
pc_mw4_095,0.9552,pconc,0
pc_mw4_096,0.9563,pconc,0
pc_mw4_097,0.9574,pconc,0
pc_mw4_098,0.9584,pconc,0
pc_mw4_099,0.9595,pconc,0
pc_mw4_100,0.9605,pconc,0
pc_mw4_101,0.9614,pconc,0
pc_mw4_102,0.9624,pconc,0
pc_mw4_103,0.9633,pconc,0
pc_mw4_104,0.9642,pconc,0
pc_mw4_105,0.965,pconc,0
pc_mw4_106,0.9659,pconc,0
pc_mw4_107,0.9667,pconc,0
pc_mw4_108,0.9675,pconc,0
pc_mw4_109,0.9682,pconc,0
pc_mw4_110,0.969,pconc,0
pc_mw4_111,0.9697,pconc,0
pc_mw4_112,0.9704,pconc,0
pc_mw4_113,0.9711,pconc,0
pc_mw4_114,0.9718,pconc,0
pc_mw4_115,0.9725,pconc,0
pc_mw4_116,0.9731,pconc,0
pc_mw4_117,0.9737,pconc,0
pc_mw4_118,0.9743,pconc,0
pc_mw4_119,0.9749,pconc,0
pc_mw4_120,0.9755,pconc,0
pc_mw4_121,0.976,pconc,0
pc_mw4_122,0.9766,pconc,0
pc_mw4_123,0.9771,pconc,0
pc_mw4_124,0.9776,pconc,0
pc_mw4_125,0.9781,pconc,0
pc_mw4_126,0.9786,pconc,0
pc_mw4_127,0.9791,pconc,0
pc_mw4_128,0.9796,pconc,0
pc_mw4_129,0.98,pconc,0
pc_mw4_130,0.9804,pconc,0
pc_mw4_131,0.9809,pconc,0
pc_mw4_132,0.9813,pconc,0
pc_mw4_133,0.9817,pconc,0
pc_mw4_134,0.9821,pconc,0
pc_mw4_135,0.9825,pconc,0
pc_mw4_136,0.9828,pconc,0
pc_mw4_137,0.9832,pconc,0
pc_mw4_138,0.9836,pconc,0
pc_mw4_139,0.9839,pconc,0
pc_mw4_140,0.9842,pconc,0
pc_mw4_141,0.9846,pconc,0
pc_mw4_142,0.9849,pconc,0
pc_mw4_143,0.9852,pconc,0
pc_mw4_144,0.9855,pconc,0
pc_mw4_145,0.9858,pconc,0
pc_mw4_146,0.9861,pconc,0
pc_mw4_147,0.9864,pconc,0
pc_mw4_148,0.9866,pconc,0
pc_mw4_149,0.9869,pconc,0
pc_mw4_150,0.9872,pconc,0
pc_mw4_151,0.9874,pconc,0
pc_mw4_152,0.9877,pconc,0
pc_mw4_153,0.9879,pconc,0
pc_mw4_154,0.9882,pconc,0
pc_mw4_155,0.9884,pconc,0
pc_mw4_156,0.9886,pconc,0
pc_mw4_157,0.9888,pconc,0
pc_mw4_158,0.989,pconc,0
pc_mw4_159,0.9892,pconc,0
pc_mw4_160,0.9894,pconc,0
pc_mw4_161,0.9896,pconc,0
pc_mw4_162,0.9898,pconc,0
pc_mw4_163,0.99,pconc,0
pc_mw4_164,0.9902,pconc,0
pc_mw4_165,0.9904,pconc,0
pc_mw4_166,0.9906,pconc,0
pc_mw4_167,0.9907,pconc,0
pc_mw4_168,0.9909,pconc,0
pc_mw4_169,0.9911,pconc,0
pc_mw4_170,0.9912,pconc,0
pc_mw4_171,0.9914,pconc,0
pc_mw4_172,0.9915,pconc,0
pc_mw4_173,0.9917,pconc,0
pc_mw4_174,0.9918,pconc,0
pc_mw4_175,0.992,pconc,0
pc_mw4_176,0.9921,pconc,0
pc_mw4_177,0.9922,pconc,0
pc_mw4_178,0.9924,pconc,0
pc_mw4_179,0.9925,pconc,0
pc_mw4_180,0.9926,pconc,0
pc_mw4_181,0.9928,pconc,0
pc_mw4_182,0.9929,pconc,0
pc_mw4_183,0.993,pconc,0
pc_mw4_184,0.9931,pconc,0
pc_mw4_185,0.9932,pconc,0
pc_mw4_186,0.9933,pconc,0
pc_mw4_187,0.9934,pconc,0
pc_mw4_188,0.9936,pconc,0
pc_mw4_189,0.9937,pconc,0
pc_mw4_190,0.9938,pconc,0
pc_mw4_191,0.9939,pconc,0
pc_mw4_192,0.994,pconc,0
pc_mw4_193,0.9941,pconc,0
pc_mw4_194,0.9942,pconc,0
pc_mw4_195,0.9942,pconc,0
pc_mw4_196,0.9943,pconc,0
pc_mw4_197,0.9944,pconc,0
pc_mw4_198,0.9945,pconc,0
pc_mw4_199,0.9946,pconc,0
pc_mw4_200,0.9947,pconc,0
pc_mw5_001,0.9688,pconc,0
pc_mw5_002,0.9735,pconc,0
pc_mw5_003,0.9764,pconc,0
pc_mw5_004,0.9785,pconc,0
pc_mw5_005,0.9801,pconc,0
pc_mw5_006,0.9816,pconc,0
pc_mw5_007,0.9828,pconc,0
pc_mw5_008,0.984,pconc,0
pc_mw5_009,0.9851,pconc,0
pc_mw5_010,0.9862,pconc,0
pc_mw5_011,0.9871,pconc,0
pc_mw5_012,0.988,pconc,0
pc_mw5_013,0.9889,pconc,0
pc_mw5_014,0.9896,pconc,0
pc_mw5_015,0.9904,pconc,0
pc_mw5_016,0.991,pconc,0
pc_mw5_017,0.9917,pconc,0
pc_mw5_018,0.9923,pconc,0
pc_mw5_019,0.9928,pconc,0
pc_mw5_020,0.9933,pconc,0
pc_mw5_021,0.9938,pconc,0
pc_mw5_022,0.9942,pconc,0
pc_mw5_023,0.9946,pconc,0
pc_mw5_024,0.995,pconc,0
pc_mw5_025,0.9953,pconc,0
pc_mw5_026,0.9956,pconc,0
pc_mw5_027,0.9959,pconc,0
pc_mw5_028,0.9962,pconc,0
pc_mw5_029,0.9965,pconc,0
pc_mw5_030,0.9967,pconc,0
pc_mw5_031,0.9969,pconc,0
pc_mw5_032,0.9971,pconc,0
pc_mw5_033,0.9973,pconc,0
pc_mw5_034,0.9975,pconc,0
pc_mw5_035,0.9977,pconc,0
pc_mw5_036,0.9978,pconc,0
pc_mw5_037,0.998,pconc,0
pc_mw5_038,0.9981,pconc,0
pc_mw5_039,0.9983,pconc,0
pc_mw5_040,0.9984,pconc,0
pc_mw5_041,0.9985,pconc,0
pc_mw5_042,0.9986,pconc,0
pc_mw5_043,0.9987,pconc,0
pc_mw5_044,0.9988,pconc,0
pc_mw5_045,0.9989,pconc,0
pc_mw5_046,0.9989,pconc,0
pc_mw5_047,0.999,pconc,0
pc_mw5_048,0.9991,pconc,0
pc_mw5_049,0.9991,pconc,0
pc_mw5_050,0.9992,pconc,0
pc_mw5_051,0.9993,pconc,0
pc_mw5_052,0.9993,pconc,0
pc_mw5_053,0.9994,pconc,0
pc_mw5_054,0.9994,pconc,0
pc_mw5_055,0.9994,pconc,0
pc_mw5_056,0.9995,pconc,0
pc_mw5_057,0.9995,pconc,0
pc_mw5_058,0.9996,pconc,0
pc_mw5_059,0.9996,pconc,0
pc_mw5_060,0.9996,pconc,0
pc_mw5_061,0.9997,pconc,0
pc_mw5_062,0.9997,pconc,0
pc_mw5_063,0.9997,pconc,0
pc_mw5_064,0.9997,pconc,0
pc_mw5_065,0.9998,pconc,0
pc_mw5_066,0.9998,pconc,0
pc_mw5_067,0.9998,pconc,0
pc_mw5_068,0.9998,pconc,0
pc_mw5_069,0.9998,pconc,0
pc_mw5_070,0.9998,pconc,0
pc_mw5_071,0.9999,pconc,0
pc_mw5_072,0.9999,pconc,0
pc_mw5_073,0.9999,pconc,0
pc_mw5_074,0.9999,pconc,0
pc_mw5_075,0.9999,pconc,0
pc_mw5_076,0.9999,pconc,0
pc_mw5_077,0.9999,pconc,0
pc_mw5_078,1,pconc,0
pc_mw5_079,1,pconc,0
pc_mw5_080,1,pconc,0
pc_mw5_081,1,pconc,0
pc_mw5_082,1,pconc,0
pc_mw5_083,1,pconc,0
pc_mw5_084,1,pconc,0
pc_mw5_085,1,pconc,0
pc_mw5_086,1,pconc,0
pc_mw5_087,1,pconc,0
pc_mw5_088,1,pconc,0
pc_mw5_089,1,pconc,0
pc_mw5_090,1,pconc,0
pc_mw5_091,1,pconc,0
pc_mw5_092,1,pconc,0
pc_mw5_093,1,pconc,0
pc_mw5_094,1,pconc,0
pc_mw5_095,1,pconc,0
pc_mw5_096,1,pconc,0
pc_mw5_097,1,pconc,0
pc_mw5_098,1,pconc,0
pc_mw5_099,1,pconc,0
pc_mw5_100,1,pconc,0
pc_mw5_101,1,pconc,0
pc_mw5_102,1,pconc,0
pc_mw5_103,1,pconc,0
pc_mw5_104,1,pconc,0
pc_mw5_105,1,pconc,0
pc_mw5_106,1,pconc,0
pc_mw5_107,1,pconc,0
pc_mw5_108,1,pconc,0
pc_mw5_109,1,pconc,0
pc_mw5_110,1,pconc,0
pc_mw5_111,1,pconc,0
pc_mw5_112,1,pconc,0
pc_mw5_113,1,pconc,0
pc_mw5_114,1,pconc,0
pc_mw5_115,1,pconc,0
pc_mw5_116,1,pconc,0
pc_mw5_117,1,pconc,0
pc_mw5_118,1,pconc,0
pc_mw5_119,1,pconc,0
pc_mw5_120,1,pconc,0
pc_mw5_121,1,pconc,0
pc_mw5_122,1,pconc,0
pc_mw5_123,1,pconc,0
pc_mw5_124,1,pconc,0
pc_mw5_125,1,pconc,0
pc_mw5_126,1,pconc,0
pc_mw5_127,1,pconc,0
pc_mw5_128,1,pconc,0
pc_mw5_129,1,pconc,0
pc_mw5_130,1,pconc,0
pc_mw5_131,1,pconc,0
pc_mw5_132,1,pconc,0
pc_mw5_133,1,pconc,0
pc_mw5_134,1,pconc,0
pc_mw5_135,1,pconc,0
pc_mw5_136,1,pconc,0
pc_mw5_137,1,pconc,0
pc_mw5_138,1,pconc,0
pc_mw5_139,1,pconc,0
pc_mw5_140,1,pconc,0
pc_mw5_141,1,pconc,0
pc_mw5_142,1,pconc,0
pc_mw5_143,1,pconc,0
pc_mw5_144,1,pconc,0
pc_mw5_145,1,pconc,0
pc_mw5_146,1,pconc,0
pc_mw5_147,1,pconc,0
pc_mw5_148,1,pconc,0
pc_mw5_149,1,pconc,0
pc_mw5_150,1,pconc,0
pc_mw5_151,1,pconc,0
pc_mw5_152,1,pconc,0
pc_mw5_153,1,pconc,0
pc_mw5_154,1,pconc,0
pc_mw5_155,1,pconc,0
pc_mw5_156,1,pconc,0
pc_mw5_157,1,pconc,0
pc_mw5_158,1,pconc,0
pc_mw5_159,1,pconc,0
pc_mw5_160,1,pconc,0
pc_mw5_161,1,pconc,0
pc_mw5_162,1,pconc,0
pc_mw5_163,1,pconc,0
pc_mw5_164,1,pconc,0
pc_mw5_165,1,pconc,0
pc_mw5_166,1,pconc,0
pc_mw5_167,1,pconc,0
pc_mw5_168,1,pconc,0
pc_mw5_169,1,pconc,0
pc_mw5_170,1,pconc,0
pc_mw5_171,1,pconc,0
pc_mw5_172,1,pconc,0
pc_mw5_173,1,pconc,0
pc_mw5_174,1,pconc,0
pc_mw5_175,1,pconc,0
pc_mw5_176,1,pconc,0
pc_mw5_177,1,pconc,0
pc_mw5_178,1,pconc,0
pc_mw5_179,1,pconc,0
pc_mw5_180,1,pconc,0
pc_mw5_181,1,pconc,0
pc_mw5_182,1,pconc,0
pc_mw5_183,1,pconc,0
pc_mw5_184,1,pconc,0
pc_mw5_185,1,pconc,0
pc_mw5_186,1,pconc,0
pc_mw5_187,1,pconc,0
pc_mw5_188,1,pconc,0
pc_mw5_189,1,pconc,0
pc_mw5_190,1,pconc,0
pc_mw5_191,1,pconc,0
pc_mw5_192,1,pconc,0
pc_mw5_193,1,pconc,0
pc_mw5_194,1,pconc,0
pc_mw5_195,1,pconc,0
pc_mw5_196,1,pconc,0
pc_mw5_197,1,pconc,0
pc_mw5_198,1,pconc,0
pc_mw5_199,1,pconc,0
pc_mw5_200,1,pconc,0
pc_mw6_001,0.7459,pconc,0
pc_mw6_002,0.751,pconc,0
pc_mw6_003,0.7554,pconc,0
pc_mw6_004,0.7595,pconc,0
pc_mw6_005,0.7635,pconc,0
pc_mw6_006,0.7674,pconc,0
pc_mw6_007,0.7713,pconc,0
pc_mw6_008,0.7752,pconc,0
pc_mw6_009,0.779,pconc,0
pc_mw6_010,0.7828,pconc,0
pc_mw6_011,0.7867,pconc,0
pc_mw6_012,0.7904,pconc,0
pc_mw6_013,0.7942,pconc,0
pc_mw6_014,0.7979,pconc,0
pc_mw6_015,0.8015,pconc,0
pc_mw6_016,0.8051,pconc,0
pc_mw6_017,0.8086,pconc,0
pc_mw6_018,0.8121,pconc,0
pc_mw6_019,0.8154,pconc,0
pc_mw6_020,0.8187,pconc,0
pc_mw6_021,0.8219,pconc,0
pc_mw6_022,0.8251,pconc,0
pc_mw6_023,0.8282,pconc,0
pc_mw6_024,0.8312,pconc,0
pc_mw6_025,0.8342,pconc,0
pc_mw6_026,0.8372,pconc,0
pc_mw6_027,0.8401,pconc,0
pc_mw6_028,0.843,pconc,0
pc_mw6_029,0.8458,pconc,0
pc_mw6_030,0.8486,pconc,0
pc_mw6_031,0.8513,pconc,0
pc_mw6_032,0.854,pconc,0
pc_mw6_033,0.8567,pconc,0
pc_mw6_034,0.8593,pconc,0
pc_mw6_035,0.8619,pconc,0
pc_mw6_036,0.8645,pconc,0
pc_mw6_037,0.867,pconc,0
pc_mw6_038,0.8695,pconc,0
pc_mw6_039,0.8719,pconc,0
pc_mw6_040,0.8744,pconc,0
pc_mw6_041,0.8766,pconc,0
pc_mw6_042,0.8788,pconc,0
pc_mw6_043,0.8809,pconc,0
pc_mw6_044,0.8831,pconc,0
pc_mw6_045,0.8852,pconc,0
pc_mw6_046,0.8872,pconc,0
pc_mw6_047,0.8893,pconc,0
pc_mw6_048,0.8914,pconc,0
pc_mw6_049,0.8934,pconc,0
pc_mw6_050,0.8954,pconc,0
pc_mw6_051,0.8974,pconc,0
pc_mw6_052,0.8993,pconc,0
pc_mw6_053,0.9013,pconc,0
pc_mw6_054,0.9031,pconc,0
pc_mw6_055,0.905,pconc,0
pc_mw6_056,0.9068,pconc,0
pc_mw6_057,0.9086,pconc,0
pc_mw6_058,0.9104,pconc,0
pc_mw6_059,0.9122,pconc,0
pc_mw6_060,0.9139,pconc,0
pc_mw6_061,0.9156,pconc,0
pc_mw6_062,0.9172,pconc,0
pc_mw6_063,0.9188,pconc,0
pc_mw6_064,0.9204,pconc,0
pc_mw6_065,0.922,pconc,0
pc_mw6_066,0.9236,pconc,0
pc_mw6_067,0.9251,pconc,0
pc_mw6_068,0.9266,pconc,0
pc_mw6_069,0.928,pconc,0
pc_mw6_070,0.9294,pconc,0
pc_mw6_071,0.9309,pconc,0
pc_mw6_072,0.9322,pconc,0
pc_mw6_073,0.9336,pconc,0
pc_mw6_074,0.9349,pconc,0
pc_mw6_075,0.9362,pconc,0
pc_mw6_076,0.9375,pconc,0
pc_mw6_077,0.9387,pconc,0
pc_mw6_078,0.94,pconc,0
pc_mw6_079,0.9412,pconc,0
pc_mw6_080,0.9423,pconc,0
pc_mw6_081,0.9435,pconc,0
pc_mw6_082,0.9446,pconc,0
pc_mw6_083,0.9457,pconc,0
pc_mw6_084,0.9468,pconc,0
pc_mw6_085,0.9479,pconc,0
pc_mw6_086,0.9489,pconc,0
pc_mw6_087,0.95,pconc,0
pc_mw6_088,0.951,pconc,0
pc_mw6_089,0.952,pconc,0
pc_mw6_090,0.9529,pconc,0
pc_mw6_091,0.9539,pconc,0
pc_mw6_092,0.9548,pconc,0
pc_mw6_093,0.9557,pconc,0
pc_mw6_094,0.9566,pconc,0
pc_mw6_095,0.9575,pconc,0
pc_mw6_096,0.9583,pconc,0
pc_mw6_097,0.9591,pconc,0
pc_mw6_098,0.96,pconc,0
pc_mw6_099,0.9608,pconc,0
pc_mw6_100,0.9615,pconc,0
pc_mw6_101,0.9623,pconc,0
pc_mw6_102,0.9631,pconc,0
pc_mw6_103,0.9638,pconc,0
pc_mw6_104,0.9645,pconc,0
pc_mw6_105,0.9652,pconc,0
pc_mw6_106,0.9659,pconc,0
pc_mw6_107,0.9666,pconc,0
pc_mw6_108,0.9673,pconc,0
pc_mw6_109,0.9679,pconc,0
pc_mw6_110,0.9686,pconc,0
pc_mw6_111,0.9692,pconc,0
pc_mw6_112,0.9698,pconc,0
pc_mw6_113,0.9704,pconc,0
pc_mw6_114,0.971,pconc,0
pc_mw6_115,0.9715,pconc,0
pc_mw6_116,0.9721,pconc,0
pc_mw6_117,0.9726,pconc,0
pc_mw6_118,0.9732,pconc,0
pc_mw6_119,0.9737,pconc,0
pc_mw6_120,0.9742,pconc,0
pc_mw6_121,0.9747,pconc,0
pc_mw6_122,0.9752,pconc,0
pc_mw6_123,0.9757,pconc,0
pc_mw6_124,0.9762,pconc,0
pc_mw6_125,0.9766,pconc,0
pc_mw6_126,0.9771,pconc,0
pc_mw6_127,0.9775,pconc,0
pc_mw6_128,0.978,pconc,0
pc_mw6_129,0.9784,pconc,0
pc_mw6_130,0.9788,pconc,0
pc_mw6_131,0.9792,pconc,0
pc_mw6_132,0.9796,pconc,0
pc_mw6_133,0.98,pconc,0
pc_mw6_134,0.9804,pconc,0
pc_mw6_135,0.9807,pconc,0
pc_mw6_136,0.9811,pconc,0
pc_mw6_137,0.9815,pconc,0
pc_mw6_138,0.9818,pconc,0
pc_mw6_139,0.9822,pconc,0
pc_mw6_140,0.9825,pconc,0
pc_mw6_141,0.9828,pconc,0
pc_mw6_142,0.9831,pconc,0
pc_mw6_143,0.9834,pconc,0
pc_mw6_144,0.9838,pconc,0
pc_mw6_145,0.9841,pconc,0
pc_mw6_146,0.9843,pconc,0
pc_mw6_147,0.9846,pconc,0
pc_mw6_148,0.9849,pconc,0
pc_mw6_149,0.9852,pconc,0
pc_mw6_150,0.9855,pconc,0
pc_mw6_151,0.9857,pconc,0
pc_mw6_152,0.986,pconc,0
pc_mw6_153,0.9862,pconc,0
pc_mw6_154,0.9865,pconc,0
pc_mw6_155,0.9867,pconc,0
pc_mw6_156,0.9869,pconc,0
pc_mw6_157,0.9872,pconc,0
pc_mw6_158,0.9874,pconc,0
pc_mw6_159,0.9876,pconc,0
pc_mw6_160,0.9878,pconc,0
pc_mw6_161,0.988,pconc,0
pc_mw6_162,0.9882,pconc,0
pc_mw6_163,0.9884,pconc,0
pc_mw6_164,0.9886,pconc,0
pc_mw6_165,0.9888,pconc,0
pc_mw6_166,0.989,pconc,0
pc_mw6_167,0.9892,pconc,0
pc_mw6_168,0.9893,pconc,0
pc_mw6_169,0.9895,pconc,0
pc_mw6_170,0.9897,pconc,0
pc_mw6_171,0.9898,pconc,0
pc_mw6_172,0.99,pconc,0
pc_mw6_173,0.9901,pconc,0
pc_mw6_174,0.9903,pconc,0
pc_mw6_175,0.9905,pconc,0
pc_mw6_176,0.9906,pconc,0
pc_mw6_177,0.9907,pconc,0
pc_mw6_178,0.9909,pconc,0
pc_mw6_179,0.991,pconc,0
pc_mw6_180,0.9912,pconc,0
pc_mw6_181,0.9913,pconc,0
pc_mw6_182,0.9914,pconc,0
pc_mw6_183,0.9916,pconc,0
pc_mw6_184,0.9917,pconc,0
pc_mw6_185,0.9918,pconc,0
pc_mw6_186,0.9919,pconc,0
pc_mw6_187,0.9921,pconc,0
pc_mw6_188,0.9922,pconc,0
pc_mw6_189,0.9923,pconc,0
pc_mw6_190,0.9924,pconc,0
pc_mw6_191,0.9925,pconc,0
pc_mw6_192,0.9926,pconc,0
pc_mw6_193,0.9927,pconc,0
pc_mw6_194,0.9928,pconc,0
pc_mw6_195,0.993,pconc,0
pc_mw6_196,0.9931,pconc,0
pc_mw6_197,0.9932,pconc,0
pc_mw6_198,0.9933,pconc,0
pc_mw6_199,0.9934,pconc,0
pc_mw6_200,0.9935,pconc,0
pc_mw7_001,0.9738,pconc,0
pc_mw7_002,0.9753,pconc,0
pc_mw7_003,0.9764,pconc,0
pc_mw7_004,0.9773,pconc,0
pc_mw7_005,0.9782,pconc,0
pc_mw7_006,0.979,pconc,0
pc_mw7_007,0.9797,pconc,0
pc_mw7_008,0.9804,pconc,0
pc_mw7_009,0.9811,pconc,0
pc_mw7_010,0.9818,pconc,0
pc_mw7_011,0.9824,pconc,0
pc_mw7_012,0.983,pconc,0
pc_mw7_013,0.9836,pconc,0
pc_mw7_014,0.9842,pconc,0
pc_mw7_015,0.9847,pconc,0
pc_mw7_016,0.9852,pconc,0
pc_mw7_017,0.9857,pconc,0
pc_mw7_018,0.9862,pconc,0
pc_mw7_019,0.9867,pconc,0
pc_mw7_020,0.9871,pconc,0
pc_mw7_021,0.9875,pconc,0
pc_mw7_022,0.9879,pconc,0
pc_mw7_023,0.9883,pconc,0
pc_mw7_024,0.9887,pconc,0
pc_mw7_025,0.9891,pconc,0
pc_mw7_026,0.9894,pconc,0
pc_mw7_027,0.9898,pconc,0
pc_mw7_028,0.9901,pconc,0
pc_mw7_029,0.9904,pconc,0
pc_mw7_030,0.9907,pconc,0
pc_mw7_031,0.991,pconc,0
pc_mw7_032,0.9913,pconc,0
pc_mw7_033,0.9916,pconc,0
pc_mw7_034,0.9918,pconc,0
pc_mw7_035,0.9921,pconc,0
pc_mw7_036,0.9923,pconc,0
pc_mw7_037,0.9926,pconc,0
pc_mw7_038,0.9928,pconc,0
pc_mw7_039,0.993,pconc,0
pc_mw7_040,0.9932,pconc,0
pc_mw7_041,0.9934,pconc,0
pc_mw7_042,0.9936,pconc,0
pc_mw7_043,0.9938,pconc,0
pc_mw7_044,0.994,pconc,0
pc_mw7_045,0.9941,pconc,0
pc_mw7_046,0.9943,pconc,0
pc_mw7_047,0.9945,pconc,0
pc_mw7_048,0.9946,pconc,0
pc_mw7_049,0.9948,pconc,0
pc_mw7_050,0.9949,pconc,0
pc_mw7_051,0.995,pconc,0
pc_mw7_052,0.9952,pconc,0
pc_mw7_053,0.9953,pconc,0
pc_mw7_054,0.9954,pconc,0
pc_mw7_055,0.9955,pconc,0
pc_mw7_056,0.9957,pconc,0
pc_mw7_057,0.9958,pconc,0
pc_mw7_058,0.9959,pconc,0
pc_mw7_059,0.996,pconc,0
pc_mw7_060,0.9961,pconc,0
pc_mw7_061,0.9962,pconc,0
pc_mw7_062,0.9963,pconc,0
pc_mw7_063,0.9964,pconc,0
pc_mw7_064,0.9965,pconc,0
pc_mw7_065,0.9966,pconc,0
pc_mw7_066,0.9966,pconc,0
pc_mw7_067,0.9967,pconc,0
pc_mw7_068,0.9968,pconc,0
pc_mw7_069,0.9969,pconc,0
pc_mw7_070,0.997,pconc,0
pc_mw7_071,0.997,pconc,0
pc_mw7_072,0.9971,pconc,0
pc_mw7_073,0.9972,pconc,0
pc_mw7_074,0.9972,pconc,0
pc_mw7_075,0.9973,pconc,0
pc_mw7_076,0.9974,pconc,0
pc_mw7_077,0.9974,pconc,0
pc_mw7_078,0.9975,pconc,0
pc_mw7_079,0.9975,pconc,0
pc_mw7_080,0.9976,pconc,0
pc_mw7_081,0.9976,pconc,0
pc_mw7_082,0.9977,pconc,0
pc_mw7_083,0.9978,pconc,0
pc_mw7_084,0.9978,pconc,0
pc_mw7_085,0.9979,pconc,0
pc_mw7_086,0.9979,pconc,0
pc_mw7_087,0.9979,pconc,0
pc_mw7_088,0.998,pconc,0
pc_mw7_089,0.998,pconc,0
pc_mw7_090,0.9981,pconc,0
pc_mw7_091,0.9981,pconc,0
pc_mw7_092,0.9982,pconc,0
pc_mw7_093,0.9982,pconc,0
pc_mw7_094,0.9982,pconc,0
pc_mw7_095,0.9983,pconc,0
pc_mw7_096,0.9983,pconc,0
pc_mw7_097,0.9983,pconc,0
pc_mw7_098,0.9984,pconc,0
pc_mw7_099,0.9984,pconc,0
pc_mw7_100,0.9985,pconc,0
pc_mw7_101,0.9985,pconc,0
pc_mw7_102,0.9985,pconc,0
pc_mw7_103,0.9985,pconc,0
pc_mw7_104,0.9986,pconc,0
pc_mw7_105,0.9986,pconc,0
pc_mw7_106,0.9986,pconc,0
pc_mw7_107,0.9987,pconc,0
pc_mw7_108,0.9987,pconc,0
pc_mw7_109,0.9987,pconc,0
pc_mw7_110,0.9987,pconc,0
pc_mw7_111,0.9988,pconc,0
pc_mw7_112,0.9988,pconc,0
pc_mw7_113,0.9988,pconc,0
pc_mw7_114,0.9988,pconc,0
pc_mw7_115,0.9989,pconc,0
pc_mw7_116,0.9989,pconc,0
pc_mw7_117,0.9989,pconc,0
pc_mw7_118,0.9989,pconc,0
pc_mw7_119,0.999,pconc,0
pc_mw7_120,0.999,pconc,0
pc_mw7_121,0.999,pconc,0
pc_mw7_122,0.999,pconc,0
pc_mw7_123,0.999,pconc,0
pc_mw7_124,0.9991,pconc,0
pc_mw7_125,0.9991,pconc,0
pc_mw7_126,0.9991,pconc,0
pc_mw7_127,0.9991,pconc,0
pc_mw7_128,0.9991,pconc,0
pc_mw7_129,0.9992,pconc,0
pc_mw7_130,0.9992,pconc,0
pc_mw7_131,0.9992,pconc,0
pc_mw7_132,0.9992,pconc,0
pc_mw7_133,0.9992,pconc,0
pc_mw7_134,0.9992,pconc,0
pc_mw7_135,0.9992,pconc,0
pc_mw7_136,0.9993,pconc,0
pc_mw7_137,0.9993,pconc,0
pc_mw7_138,0.9993,pconc,0
pc_mw7_139,0.9993,pconc,0
pc_mw7_140,0.9993,pconc,0
pc_mw7_141,0.9993,pconc,0
pc_mw7_142,0.9994,pconc,0
pc_mw7_143,0.9994,pconc,0
pc_mw7_144,0.9994,pconc,0
pc_mw7_145,0.9994,pconc,0
pc_mw7_146,0.9994,pconc,0
pc_mw7_147,0.9994,pconc,0
pc_mw7_148,0.9994,pconc,0
pc_mw7_149,0.9994,pconc,0
pc_mw7_150,0.9994,pconc,0
pc_mw7_151,0.9995,pconc,0
pc_mw7_152,0.9995,pconc,0
pc_mw7_153,0.9995,pconc,0
pc_mw7_154,0.9995,pconc,0
pc_mw7_155,0.9995,pconc,0
pc_mw7_156,0.9995,pconc,0
pc_mw7_157,0.9995,pconc,0
pc_mw7_158,0.9995,pconc,0
pc_mw7_159,0.9995,pconc,0
pc_mw7_160,0.9996,pconc,0
pc_mw7_161,0.9996,pconc,0
pc_mw7_162,0.9996,pconc,0
pc_mw7_163,0.9996,pconc,0
pc_mw7_164,0.9996,pconc,0
pc_mw7_165,0.9996,pconc,0
pc_mw7_166,0.9996,pconc,0
pc_mw7_167,0.9996,pconc,0
pc_mw7_168,0.9996,pconc,0
pc_mw7_169,0.9996,pconc,0
pc_mw7_170,0.9996,pconc,0
pc_mw7_171,0.9997,pconc,0
pc_mw7_172,0.9997,pconc,0
pc_mw7_173,0.9997,pconc,0
pc_mw7_174,0.9997,pconc,0
pc_mw7_175,0.9997,pconc,0
pc_mw7_176,0.9997,pconc,0
pc_mw7_177,0.9997,pconc,0
pc_mw7_178,0.9997,pconc,0
pc_mw7_179,0.9997,pconc,0
pc_mw7_180,0.9997,pconc,0
pc_mw7_181,0.9997,pconc,0
pc_mw7_182,0.9997,pconc,0
pc_mw7_183,0.9997,pconc,0
pc_mw7_184,0.9997,pconc,0
pc_mw7_185,0.9997,pconc,0
pc_mw7_186,0.9998,pconc,0
pc_mw7_187,0.9998,pconc,0
pc_mw7_188,0.9998,pconc,0
pc_mw7_189,0.9998,pconc,0
pc_mw7_190,0.9998,pconc,0
pc_mw7_191,0.9998,pconc,0
pc_mw7_192,0.9998,pconc,0
pc_mw7_193,0.9998,pconc,0
pc_mw7_194,0.9998,pconc,0
pc_mw7_195,0.9998,pconc,0
pc_mw7_196,0.9998,pconc,0
pc_mw7_197,0.9998,pconc,0
pc_mw7_198,0.9998,pconc,0
pc_mw7_199,0.9998,pconc,0
pc_mw7_200,0.9998,pconc,0
pc_mw8_001,0,pconc,0
pc_mw8_002,0,pconc,0
pc_mw8_003,0,pconc,0
pc_mw8_004,0,pconc,0
pc_mw8_005,0,pconc,0
pc_mw8_006,0,pconc,0
pc_mw8_007,0,pconc,0
pc_mw8_008,0,pconc,0
pc_mw8_009,0,pconc,0
pc_mw8_010,0,pconc,0
pc_mw8_011,0,pconc,0
pc_mw8_012,0,pconc,0
pc_mw8_013,0,pconc,0
pc_mw8_014,0,pconc,0
pc_mw8_015,0,pconc,0
pc_mw8_016,0,pconc,0
pc_mw8_017,0,pconc,0
pc_mw8_018,0,pconc,0
pc_mw8_019,0,pconc,0
pc_mw8_020,0,pconc,0
pc_mw8_021,0,pconc,0
pc_mw8_022,0,pconc,0
pc_mw8_023,0,pconc,0
pc_mw8_024,1e-07,pconc,0
pc_mw8_025,1e-07,pconc,0
pc_mw8_026,2e-07,pconc,0
pc_mw8_027,4e-07,pconc,0
pc_mw8_028,7e-07,pconc,0
pc_mw8_029,1.1e-06,pconc,0
pc_mw8_030,1.8e-06,pconc,0
pc_mw8_031,2.9e-06,pconc,0
pc_mw8_032,4.4e-06,pconc,0
pc_mw8_033,6.8e-06,pconc,0
pc_mw8_034,1.02e-05,pconc,0
pc_mw8_035,1.51e-05,pconc,0
pc_mw8_036,2.2e-05,pconc,0
pc_mw8_037,3.17e-05,pconc,0
pc_mw8_038,4.5e-05,pconc,0
pc_mw8_039,6.31e-05,pconc,0
pc_mw8_040,8.75e-05,pconc,0
pc_mw8_041,0.0001199,pconc,0
pc_mw8_042,0.0001623,pconc,0
pc_mw8_043,0.0002174,pconc,0
pc_mw8_044,0.0002879,pconc,0
pc_mw8_045,0.0003774,pconc,0
pc_mw8_046,0.0004896,pconc,0
pc_mw8_047,0.000629,pconc,0
pc_mw8_048,0.0008005,pconc,0
pc_mw8_049,0.00101,pconc,0
pc_mw8_050,0.001262,pconc,0
pc_mw8_051,0.001564,pconc,0
pc_mw8_052,0.001923,pconc,0
pc_mw8_053,0.002346,pconc,0
pc_mw8_054,0.002841,pconc,0
pc_mw8_055,0.003414,pconc,0
pc_mw8_056,0.004075,pconc,0
pc_mw8_057,0.00483,pconc,0
pc_mw8_058,0.005688,pconc,0
pc_mw8_059,0.006657,pconc,0
pc_mw8_060,0.007744,pconc,0
pc_mw8_061,0.008957,pconc,0
pc_mw8_062,0.0103,pconc,0
pc_mw8_063,0.01179,pconc,0
pc_mw8_064,0.01342,pconc,0
pc_mw8_065,0.01519,pconc,0
pc_mw8_066,0.01712,pconc,0
pc_mw8_067,0.01921,pconc,0
pc_mw8_068,0.02145,pconc,0
pc_mw8_069,0.02385,pconc,0
pc_mw8_070,0.02642,pconc,0
pc_mw8_071,0.02914,pconc,0
pc_mw8_072,0.03204,pconc,0
pc_mw8_073,0.03509,pconc,0
pc_mw8_074,0.03831,pconc,0
pc_mw8_075,0.04169,pconc,0
pc_mw8_076,0.04523,pconc,0
pc_mw8_077,0.04893,pconc,0
pc_mw8_078,0.05279,pconc,0
pc_mw8_079,0.05679,pconc,0
pc_mw8_080,0.06093,pconc,0
pc_mw8_081,0.06522,pconc,0
pc_mw8_082,0.06964,pconc,0
pc_mw8_083,0.07419,pconc,0
pc_mw8_084,0.07886,pconc,0
pc_mw8_085,0.08365,pconc,0
pc_mw8_086,0.08855,pconc,0
pc_mw8_087,0.09355,pconc,0
pc_mw8_088,0.09865,pconc,0
pc_mw8_089,0.1038,pconc,0
pc_mw8_090,0.1091,pconc,0
pc_mw8_091,0.1145,pconc,0
pc_mw8_092,0.1199,pconc,0
pc_mw8_093,0.1254,pconc,0
pc_mw8_094,0.1309,pconc,0
pc_mw8_095,0.1365,pconc,0
pc_mw8_096,0.1422,pconc,0
pc_mw8_097,0.1479,pconc,0
pc_mw8_098,0.1536,pconc,0
pc_mw8_099,0.1594,pconc,0
pc_mw8_100,0.1652,pconc,0
pc_mw8_101,0.171,pconc,0
pc_mw8_102,0.1768,pconc,0
pc_mw8_103,0.1826,pconc,0
pc_mw8_104,0.1885,pconc,0
pc_mw8_105,0.1943,pconc,0
pc_mw8_106,0.2002,pconc,0
pc_mw8_107,0.206,pconc,0
pc_mw8_108,0.2118,pconc,0
pc_mw8_109,0.2175,pconc,0
pc_mw8_110,0.2233,pconc,0
pc_mw8_111,0.229,pconc,0
pc_mw8_112,0.2347,pconc,0
pc_mw8_113,0.2403,pconc,0
pc_mw8_114,0.246,pconc,0
pc_mw8_115,0.2516,pconc,0
pc_mw8_116,0.2571,pconc,0
pc_mw8_117,0.2626,pconc,0
pc_mw8_118,0.2681,pconc,0
pc_mw8_119,0.2736,pconc,0
pc_mw8_120,0.279,pconc,0
pc_mw8_121,0.2844,pconc,0
pc_mw8_122,0.2897,pconc,0
pc_mw8_123,0.295,pconc,0
pc_mw8_124,0.3002,pconc,0
pc_mw8_125,0.3054,pconc,0
pc_mw8_126,0.3106,pconc,0
pc_mw8_127,0.3157,pconc,0
pc_mw8_128,0.3207,pconc,0
pc_mw8_129,0.3257,pconc,0
pc_mw8_130,0.3307,pconc,0
pc_mw8_131,0.3356,pconc,0
pc_mw8_132,0.3404,pconc,0
pc_mw8_133,0.3452,pconc,0
pc_mw8_134,0.35,pconc,0
pc_mw8_135,0.3547,pconc,0
pc_mw8_136,0.3593,pconc,0
pc_mw8_137,0.364,pconc,0
pc_mw8_138,0.3685,pconc,0
pc_mw8_139,0.373,pconc,0
pc_mw8_140,0.3775,pconc,0
pc_mw8_141,0.3819,pconc,0
pc_mw8_142,0.3862,pconc,0
pc_mw8_143,0.3905,pconc,0
pc_mw8_144,0.3948,pconc,0
pc_mw8_145,0.399,pconc,0
pc_mw8_146,0.4032,pconc,0
pc_mw8_147,0.4073,pconc,0
pc_mw8_148,0.4114,pconc,0
pc_mw8_149,0.4154,pconc,0
pc_mw8_150,0.4194,pconc,0
pc_mw8_151,0.4233,pconc,0
pc_mw8_152,0.4272,pconc,0
pc_mw8_153,0.431,pconc,0
pc_mw8_154,0.4348,pconc,0
pc_mw8_155,0.4385,pconc,0
pc_mw8_156,0.4422,pconc,0
pc_mw8_157,0.4459,pconc,0
pc_mw8_158,0.4495,pconc,0
pc_mw8_159,0.453,pconc,0
pc_mw8_160,0.4565,pconc,0
pc_mw8_161,0.46,pconc,0
pc_mw8_162,0.4634,pconc,0
pc_mw8_163,0.4668,pconc,0
pc_mw8_164,0.4702,pconc,0
pc_mw8_165,0.4735,pconc,0
pc_mw8_166,0.4767,pconc,0
pc_mw8_167,0.48,pconc,0
pc_mw8_168,0.4832,pconc,0
pc_mw8_169,0.4863,pconc,0
pc_mw8_170,0.4894,pconc,0
pc_mw8_171,0.4925,pconc,0
pc_mw8_172,0.4956,pconc,0
pc_mw8_173,0.4986,pconc,0
pc_mw8_174,0.5016,pconc,0
pc_mw8_175,0.5045,pconc,0
pc_mw8_176,0.5074,pconc,0
pc_mw8_177,0.5103,pconc,0
pc_mw8_178,0.5131,pconc,0
pc_mw8_179,0.5159,pconc,0
pc_mw8_180,0.5187,pconc,0
pc_mw8_181,0.5214,pconc,0
pc_mw8_182,0.5241,pconc,0
pc_mw8_183,0.5268,pconc,0
pc_mw8_184,0.5295,pconc,0
pc_mw8_185,0.5321,pconc,0
pc_mw8_186,0.5347,pconc,0
pc_mw8_187,0.5372,pconc,0
pc_mw8_188,0.5397,pconc,0
pc_mw8_189,0.5422,pconc,0
pc_mw8_190,0.5447,pconc,0
pc_mw8_191,0.5472,pconc,0
pc_mw8_192,0.5496,pconc,0
pc_mw8_193,0.552,pconc,0
pc_mw8_194,0.5543,pconc,0
pc_mw8_195,0.5567,pconc,0
pc_mw8_196,0.559,pconc,0
pc_mw8_197,0.5613,pconc,0
pc_mw8_198,0.5635,pconc,0
pc_mw8_199,0.5657,pconc,0
pc_mw8_200,0.5679,pconc,0
pc_mw9_001,0,pconc,0
pc_mw9_002,0,pconc,0
pc_mw9_003,0,pconc,0
pc_mw9_004,0,pconc,0
pc_mw9_005,0,pconc,0
pc_mw9_006,0,pconc,0
pc_mw9_007,0,pconc,0
pc_mw9_008,0,pconc,0
pc_mw9_009,0,pconc,0
pc_mw9_010,0,pconc,0
pc_mw9_011,0,pconc,0
pc_mw9_012,1e-07,pconc,0
pc_mw9_013,2e-07,pconc,0
pc_mw9_014,4e-07,pconc,0
pc_mw9_015,8e-07,pconc,0
pc_mw9_016,1.6e-06,pconc,0
pc_mw9_017,3.2e-06,pconc,0
pc_mw9_018,6.1e-06,pconc,0
pc_mw9_019,1.11e-05,pconc,0
pc_mw9_020,1.96e-05,pconc,0
pc_mw9_021,3.33e-05,pconc,0
pc_mw9_022,5.49e-05,pconc,0
pc_mw9_023,8.78e-05,pconc,0
pc_mw9_024,0.0001363,pconc,0
pc_mw9_025,0.0002063,pconc,0
pc_mw9_026,0.0003048,pconc,0
pc_mw9_027,0.0004402,pconc,0
pc_mw9_028,0.0006224,pconc,0
pc_mw9_029,0.0008629,pconc,0
pc_mw9_030,0.001174,pconc,0
pc_mw9_031,0.00157,pconc,0
pc_mw9_032,0.002066,pconc,0
pc_mw9_033,0.002678,pconc,0
pc_mw9_034,0.003423,pconc,0
pc_mw9_035,0.004318,pconc,0
pc_mw9_036,0.00538,pconc,0
pc_mw9_037,0.006628,pconc,0
pc_mw9_038,0.008078,pconc,0
pc_mw9_039,0.009744,pconc,0
pc_mw9_040,0.01164,pconc,0
pc_mw9_041,0.01379,pconc,0
pc_mw9_042,0.0162,pconc,0
pc_mw9_043,0.01889,pconc,0
pc_mw9_044,0.02186,pconc,0
pc_mw9_045,0.02514,pconc,0
pc_mw9_046,0.02872,pconc,0
pc_mw9_047,0.03262,pconc,0
pc_mw9_048,0.03684,pconc,0
pc_mw9_049,0.0414,pconc,0
pc_mw9_050,0.04629,pconc,0
pc_mw9_051,0.05152,pconc,0
pc_mw9_052,0.0571,pconc,0
pc_mw9_053,0.06302,pconc,0
pc_mw9_054,0.06928,pconc,0
pc_mw9_055,0.07587,pconc,0
pc_mw9_056,0.0828,pconc,0
pc_mw9_057,0.09004,pconc,0
pc_mw9_058,0.09761,pconc,0
pc_mw9_059,0.1055,pconc,0
pc_mw9_060,0.1136,pconc,0
pc_mw9_061,0.1221,pconc,0
pc_mw9_062,0.1307,pconc,0
pc_mw9_063,0.1397,pconc,0
pc_mw9_064,0.1488,pconc,0
pc_mw9_065,0.1582,pconc,0
pc_mw9_066,0.1678,pconc,0
pc_mw9_067,0.1775,pconc,0
pc_mw9_068,0.1873,pconc,0
pc_mw9_069,0.1973,pconc,0
pc_mw9_070,0.2073,pconc,0
pc_mw9_071,0.2175,pconc,0
pc_mw9_072,0.2277,pconc,0
pc_mw9_073,0.2379,pconc,0
pc_mw9_074,0.2482,pconc,0
pc_mw9_075,0.2585,pconc,0
pc_mw9_076,0.2687,pconc,0
pc_mw9_077,0.279,pconc,0
pc_mw9_078,0.2892,pconc,0
pc_mw9_079,0.2994,pconc,0
pc_mw9_080,0.3095,pconc,0
pc_mw9_081,0.3196,pconc,0
pc_mw9_082,0.3295,pconc,0
pc_mw9_083,0.3393,pconc,0
pc_mw9_084,0.3491,pconc,0
pc_mw9_085,0.3587,pconc,0
pc_mw9_086,0.3682,pconc,0
pc_mw9_087,0.3775,pconc,0
pc_mw9_088,0.3868,pconc,0
pc_mw9_089,0.3958,pconc,0
pc_mw9_090,0.4048,pconc,0
pc_mw9_091,0.4136,pconc,0
pc_mw9_092,0.4222,pconc,0
pc_mw9_093,0.4307,pconc,0
pc_mw9_094,0.439,pconc,0
pc_mw9_095,0.4472,pconc,0
pc_mw9_096,0.4553,pconc,0
pc_mw9_097,0.4631,pconc,0
pc_mw9_098,0.4709,pconc,0
pc_mw9_099,0.4784,pconc,0
pc_mw9_100,0.4859,pconc,0
pc_mw9_101,0.4931,pconc,0
pc_mw9_102,0.5003,pconc,0
pc_mw9_103,0.5073,pconc,0
pc_mw9_104,0.5141,pconc,0
pc_mw9_105,0.5208,pconc,0
pc_mw9_106,0.5274,pconc,0
pc_mw9_107,0.5338,pconc,0
pc_mw9_108,0.5401,pconc,0
pc_mw9_109,0.5462,pconc,0
pc_mw9_110,0.5522,pconc,0
pc_mw9_111,0.558,pconc,0
pc_mw9_112,0.5637,pconc,0
pc_mw9_113,0.5692,pconc,0
pc_mw9_114,0.5746,pconc,0
pc_mw9_115,0.5799,pconc,0
pc_mw9_116,0.5851,pconc,0
pc_mw9_117,0.5901,pconc,0
pc_mw9_118,0.5951,pconc,0
pc_mw9_119,0.6,pconc,0
pc_mw9_120,0.6047,pconc,0
pc_mw9_121,0.6094,pconc,0
pc_mw9_122,0.614,pconc,0
pc_mw9_123,0.6185,pconc,0
pc_mw9_124,0.6229,pconc,0
pc_mw9_125,0.6272,pconc,0
pc_mw9_126,0.6315,pconc,0
pc_mw9_127,0.6356,pconc,0
pc_mw9_128,0.6397,pconc,0
pc_mw9_129,0.6437,pconc,0
pc_mw9_130,0.6476,pconc,0
pc_mw9_131,0.6515,pconc,0
pc_mw9_132,0.6552,pconc,0
pc_mw9_133,0.6589,pconc,0
pc_mw9_134,0.6626,pconc,0
pc_mw9_135,0.6661,pconc,0
pc_mw9_136,0.6696,pconc,0
pc_mw9_137,0.673,pconc,0
pc_mw9_138,0.6764,pconc,0
pc_mw9_139,0.6797,pconc,0
pc_mw9_140,0.6829,pconc,0
pc_mw9_141,0.6861,pconc,0
pc_mw9_142,0.6892,pconc,0
pc_mw9_143,0.6922,pconc,0
pc_mw9_144,0.6952,pconc,0
pc_mw9_145,0.6982,pconc,0
pc_mw9_146,0.7011,pconc,0
pc_mw9_147,0.7039,pconc,0
pc_mw9_148,0.7067,pconc,0
pc_mw9_149,0.7094,pconc,0
pc_mw9_150,0.7121,pconc,0
pc_mw9_151,0.7148,pconc,0
pc_mw9_152,0.7174,pconc,0
pc_mw9_153,0.7199,pconc,0
pc_mw9_154,0.7224,pconc,0
pc_mw9_155,0.7248,pconc,0
pc_mw9_156,0.7272,pconc,0
pc_mw9_157,0.7295,pconc,0
pc_mw9_158,0.7316,pconc,0
pc_mw9_159,0.7336,pconc,0
pc_mw9_160,0.7356,pconc,0
pc_mw9_161,0.7376,pconc,0
pc_mw9_162,0.7396,pconc,0
pc_mw9_163,0.7416,pconc,0
pc_mw9_164,0.7436,pconc,0
pc_mw9_165,0.7456,pconc,0
pc_mw9_166,0.7476,pconc,0
pc_mw9_167,0.7496,pconc,0
pc_mw9_168,0.7516,pconc,0
pc_mw9_169,0.7536,pconc,0
pc_mw9_170,0.7555,pconc,0
pc_mw9_171,0.7575,pconc,0
pc_mw9_172,0.7594,pconc,0
pc_mw9_173,0.7614,pconc,0
pc_mw9_174,0.7632,pconc,0
pc_mw9_175,0.7651,pconc,0
pc_mw9_176,0.7669,pconc,0
pc_mw9_177,0.7687,pconc,0
pc_mw9_178,0.7705,pconc,0
pc_mw9_179,0.7723,pconc,0
pc_mw9_180,0.774,pconc,0
pc_mw9_181,0.7757,pconc,0
pc_mw9_182,0.7774,pconc,0
pc_mw9_183,0.779,pconc,0
pc_mw9_184,0.7806,pconc,0
pc_mw9_185,0.7822,pconc,0
pc_mw9_186,0.7838,pconc,0
pc_mw9_187,0.7853,pconc,0
pc_mw9_188,0.7868,pconc,0
pc_mw9_189,0.7883,pconc,0
pc_mw9_190,0.7898,pconc,0
pc_mw9_191,0.7912,pconc,0
pc_mw9_192,0.7927,pconc,0
pc_mw9_193,0.7941,pconc,0
pc_mw9_194,0.7955,pconc,0
pc_mw9_195,0.7968,pconc,0
pc_mw9_196,0.7982,pconc,0
pc_mw9_197,0.7995,pconc,0
pc_mw9_198,0.8009,pconc,0
pc_mw9_199,0.8022,pconc,0
pc_mw9_200,0.8034,pconc,0
pc_mw10_001,0,pconc,0
pc_mw10_002,0,pconc,0
pc_mw10_003,0,pconc,0
pc_mw10_004,0,pconc,0
pc_mw10_005,0,pconc,0
pc_mw10_006,0,pconc,0
pc_mw10_007,0,pconc,0
pc_mw10_008,0,pconc,0
pc_mw10_009,0,pconc,0
pc_mw10_010,0,pconc,0
pc_mw10_011,0,pconc,0
pc_mw10_012,0,pconc,0
pc_mw10_013,0,pconc,0
pc_mw10_014,0,pconc,0
pc_mw10_015,0,pconc,0
pc_mw10_016,0,pconc,0
pc_mw10_017,0,pconc,0
pc_mw10_018,0,pconc,0
pc_mw10_019,0,pconc,0
pc_mw10_020,0,pconc,0
pc_mw10_021,0,pconc,0
pc_mw10_022,0,pconc,0
pc_mw10_023,0,pconc,0
pc_mw10_024,0,pconc,0
pc_mw10_025,0,pconc,0
pc_mw10_026,0,pconc,0
pc_mw10_027,0,pconc,0
pc_mw10_028,0,pconc,0
pc_mw10_029,0,pconc,0
pc_mw10_030,0,pconc,0
pc_mw10_031,0,pconc,0
pc_mw10_032,0,pconc,0
pc_mw10_033,0,pconc,0
pc_mw10_034,0,pconc,0
pc_mw10_035,0,pconc,0
pc_mw10_036,0,pconc,0
pc_mw10_037,0,pconc,0
pc_mw10_038,0,pconc,0
pc_mw10_039,0,pconc,0
pc_mw10_040,0,pconc,0
pc_mw10_041,0,pconc,0
pc_mw10_042,0,pconc,0
pc_mw10_043,0,pconc,0
pc_mw10_044,0,pconc,0
pc_mw10_045,0,pconc,0
pc_mw10_046,0,pconc,0
pc_mw10_047,0,pconc,0
pc_mw10_048,0,pconc,0
pc_mw10_049,0,pconc,0
pc_mw10_050,0,pconc,0
pc_mw10_051,0,pconc,0
pc_mw10_052,0,pconc,0
pc_mw10_053,0,pconc,0
pc_mw10_054,0,pconc,0
pc_mw10_055,0,pconc,0
pc_mw10_056,0,pconc,0
pc_mw10_057,0,pconc,0
pc_mw10_058,0,pconc,0
pc_mw10_059,0,pconc,0
pc_mw10_060,0,pconc,0
pc_mw10_061,0,pconc,0
pc_mw10_062,0,pconc,0
pc_mw10_063,0,pconc,0
pc_mw10_064,0,pconc,0
pc_mw10_065,0,pconc,0
pc_mw10_066,0,pconc,0
pc_mw10_067,0,pconc,0
pc_mw10_068,0,pconc,0
pc_mw10_069,0,pconc,0
pc_mw10_070,0,pconc,0
pc_mw10_071,0,pconc,0
pc_mw10_072,0,pconc,0
pc_mw10_073,0,pconc,0
pc_mw10_074,0,pconc,0
pc_mw10_075,0,pconc,0
pc_mw10_076,0,pconc,0
pc_mw10_077,0,pconc,0
pc_mw10_078,0,pconc,0
pc_mw10_079,0,pconc,0
pc_mw10_080,0,pconc,0
pc_mw10_081,0,pconc,0
pc_mw10_082,0,pconc,0
pc_mw10_083,0,pconc,0
pc_mw10_084,0,pconc,0
pc_mw10_085,0,pconc,0
pc_mw10_086,0,pconc,0
pc_mw10_087,0,pconc,0
pc_mw10_088,0,pconc,0
pc_mw10_089,0,pconc,0
pc_mw10_090,0,pconc,0
pc_mw10_091,0,pconc,0
pc_mw10_092,0,pconc,0
pc_mw10_093,0,pconc,0
pc_mw10_094,0,pconc,0
pc_mw10_095,0,pconc,0
pc_mw10_096,1e-07,pconc,0
pc_mw10_097,1e-07,pconc,0
pc_mw10_098,1e-07,pconc,0
pc_mw10_099,1e-07,pconc,0
pc_mw10_100,2e-07,pconc,0
pc_mw10_101,2e-07,pconc,0
pc_mw10_102,2e-07,pconc,0
pc_mw10_103,3e-07,pconc,0
pc_mw10_104,4e-07,pconc,0
pc_mw10_105,5e-07,pconc,0
pc_mw10_106,6e-07,pconc,0
pc_mw10_107,7e-07,pconc,0
pc_mw10_108,9e-07,pconc,0
pc_mw10_109,1.1e-06,pconc,0
pc_mw10_110,1.4e-06,pconc,0
pc_mw10_111,1.7e-06,pconc,0
pc_mw10_112,2.1e-06,pconc,0
pc_mw10_113,2.5e-06,pconc,0
pc_mw10_114,3.1e-06,pconc,0
pc_mw10_115,3.8e-06,pconc,0
pc_mw10_116,4.6e-06,pconc,0
pc_mw10_117,5.5e-06,pconc,0
pc_mw10_118,6.6e-06,pconc,0
pc_mw10_119,8e-06,pconc,0
pc_mw10_120,9.6e-06,pconc,0
pc_mw10_121,1.15e-05,pconc,0
pc_mw10_122,1.38e-05,pconc,0
pc_mw10_123,1.64e-05,pconc,0
pc_mw10_124,1.95e-05,pconc,0
pc_mw10_125,2.31e-05,pconc,0
pc_mw10_126,2.74e-05,pconc,0
pc_mw10_127,3.23e-05,pconc,0
pc_mw10_128,3.81e-05,pconc,0
pc_mw10_129,4.48e-05,pconc,0
pc_mw10_130,5.25e-05,pconc,0
pc_mw10_131,6.15e-05,pconc,0
pc_mw10_132,7.18e-05,pconc,0
pc_mw10_133,8.37e-05,pconc,0
pc_mw10_134,9.74e-05,pconc,0
pc_mw10_135,0.000113,pconc,0
pc_mw10_136,0.0001308,pconc,0
pc_mw10_137,0.0001511,pconc,0
pc_mw10_138,0.0001742,pconc,0
pc_mw10_139,0.0002004,pconc,0
pc_mw10_140,0.00023,pconc,0
pc_mw10_141,0.0002635,pconc,0
pc_mw10_142,0.0003012,pconc,0
pc_mw10_143,0.0003436,pconc,0
pc_mw10_144,0.0003913,pconc,0
pc_mw10_145,0.0004446,pconc,0
pc_mw10_146,0.0005041,pconc,0
pc_mw10_147,0.0005706,pconc,0
pc_mw10_148,0.0006445,pconc,0
pc_mw10_149,0.0007266,pconc,0
pc_mw10_150,0.0008177,pconc,0
pc_mw10_151,0.0009185,pconc,0
pc_mw10_152,0.00103,pconc,0
pc_mw10_153,0.001152,pconc,0
pc_mw10_154,0.001287,pconc,0
pc_mw10_155,0.001435,pconc,0
pc_mw10_156,0.001597,pconc,0
pc_mw10_157,0.001773,pconc,0
pc_mw10_158,0.001966,pconc,0
pc_mw10_159,0.002176,pconc,0
pc_mw10_160,0.002405,pconc,0
pc_mw10_161,0.002654,pconc,0
pc_mw10_162,0.002923,pconc,0
pc_mw10_163,0.003214,pconc,0
pc_mw10_164,0.003529,pconc,0
pc_mw10_165,0.003869,pconc,0
pc_mw10_166,0.004235,pconc,0
pc_mw10_167,0.004629,pconc,0
pc_mw10_168,0.005051,pconc,0
pc_mw10_169,0.005503,pconc,0
pc_mw10_170,0.005985,pconc,0
pc_mw10_171,0.006499,pconc,0
pc_mw10_172,0.007046,pconc,0
pc_mw10_173,0.007629,pconc,0
pc_mw10_174,0.008247,pconc,0
pc_mw10_175,0.008904,pconc,0
pc_mw10_176,0.0096,pconc,0
pc_mw10_177,0.01034,pconc,0
pc_mw10_178,0.01111,pconc,0
pc_mw10_179,0.01194,pconc,0
pc_mw10_180,0.0128,pconc,0
pc_mw10_181,0.01371,pconc,0
pc_mw10_182,0.01467,pconc,0
pc_mw10_183,0.01568,pconc,0
pc_mw10_184,0.01674,pconc,0
pc_mw10_185,0.01784,pconc,0
pc_mw10_186,0.019,pconc,0
pc_mw10_187,0.02021,pconc,0
pc_mw10_188,0.02148,pconc,0
pc_mw10_189,0.02279,pconc,0
pc_mw10_190,0.02417,pconc,0
pc_mw10_191,0.0256,pconc,0
pc_mw10_192,0.02708,pconc,0
pc_mw10_193,0.02862,pconc,0
pc_mw10_194,0.03022,pconc,0
pc_mw10_195,0.03188,pconc,0
pc_mw10_196,0.0336,pconc,0
pc_mw10_197,0.03537,pconc,0
pc_mw10_198,0.03721,pconc,0
pc_mw10_199,0.0391,pconc,0
pc_mw10_200,0.04105,pconc,0
