name,obs_mean,obs_std,obs_min,obs_max,obs_stat_min,obs_stat_max,sim_mean,sim_std,sim_min,sim_max,sim_stat_min,sim_stat_max,distance
C_MW1_001,0.0005056,1.51864e-18,0.0005056,0.0005056,0.0005056,0.0005056,3.82487e-08,3.69696e-08,1.86338e-09,5.62313e-07,7.52183e-08,1.27905e-09,0.000505038
C_MW1_002,0.0049999,2.16949e-17,0.0049999,0.0049999,0.0049999,0.0049999,5.52161e-07,3.95697e-07,5.35151e-08,4.91674e-06,9.47858e-07,1.56464e-07,0.00499498
C_MW1_003,-0.009957,2.25627e-17,-0.009957,-0.009957,-0.009957,-0.009957,3.1035e-06,2.12573e-06,4.62074e-07,2.70478e-05,5.22924e-06,9.77767e-07,0.00995746
C_MW1_004,0.0069443,1.82237e-17,0.0069443,0.0069443,0.0069443,0.0069443,1.28541e-05,8.96085e-06,1.83344e-06,0.00011092,2.18149e-05,3.89325e-06,0.00683338
C_MW1_005,-0.0041542,6.94237e-18,-0.0041542,-0.0041542,-0.0041542,-0.0041542,4.48888e-05,3.01679e-05,5.90394e-06,0.000361253,7.50567e-05,1.47209e-05,0.0041601
C_MW1_006,-0.01576,5.20677e-17,-0.01576,-0.01576,-0.01576,-0.01576,0.000134086,8.49e-05,1.76279e-05,0.000982923,0.000218986,4.91865e-05,0.0157776
C_MW1_007,-0.0062549,3.03729e-17,-0.0062549,-0.0062549,-0.0062549,-0.0062549,0.000349489,0.000206489,4.70963e-05,0.00231201,0.000555978,0.000142999,0.006302
C_MW1_008,0.0065043,2.25627e-17,0.0065043,0.0065043,0.0065043,0.0065043,0.000810719,0.000444999,0.000114094,0.00482467,0.00125572,0.00036572,0.00167963
C_MW1_010,-0.0093248,3.29762e-17,-0.0093248,-0.0093248,-0.0093248,-0.0093248,0.00328074,0.00154146,0.000523401,0.015784,0.0048222,0.00173929,0.0098482
C_MW2_001,0.0073825,2.34305e-17,0.0073825,0.0073825,0.0073825,0.0073825,4.72469e-11,6.5674e-10,-1.12709e-09,9.28655e-09,7.03987e-10,-6.09493e-10,0.00738249
C_MW2_002,0.0065075,3.55796e-17,0.0065075,0.0065075,0.0065075,0.0065075,1.45773e-09,6.58402e-09,-6.53855e-10,1.46211e-07,8.04175e-09,-5.12628e-09,0.00650735
C_MW2_003,0.0061474,1.82237e-17,0.0061474,0.0061474,0.0061474,0.0061474,9.86777e-09,4.38493e-08,-2.46199e-11,9.2495e-07,5.37171e-08,-3.39815e-08,0.00614648
C_MW2_004,-0.0012657,1.51864e-18,-0.0012657,-0.0012657,-0.0012657,-0.0012657,4.79513e-08,1.91067e-07,-1.45493e-13,4.08268e-06,2.39018e-07,-1.43116e-07,0.0012657
C_MW2_005,0.015789,6.59525e-17,0.015789,0.015789,0.015789,0.015789,1.5804e-07,6.23594e-07,-2.19524e-16,1.32074e-05,7.81634e-07,-4.65553e-07,0.0157758
C_MW2_006,-0.0020716,8.67796e-19,-0.0020716,-0.0020716,-0.0020716,-0.0020716,4.22094e-07,1.84553e-06,1.4006e-16,3.94786e-05,2.26762e-06,-1.42344e-06,0.0020716
C_MW2_007,0.0003012,5.42372e-19,0.0003012,0.0003012,0.0003012,0.0003012,1.0689e-06,4.96307e-06,9.34067e-16,0.000105033,6.03198e-06,-3.89417e-06,0.000196167
C_MW2_008,-0.0033606,1.51864e-17,-0.0033606,-0.0033606,-0.0033606,-0.0033606,2.59021e-06,1.20601e-05,2.95437e-15,0.000250423,1.46503e-05,-9.46993e-06,0.0033606
C_MW2_009,0.0008151,3.25423e-18,0.0008151,0.0008151,0.0008151,0.0008151,5.86066e-06,2.68417e-05,5.39619e-15,0.000544607,3.27023e-05,-2.0981e-05,0.000270493
C_MW2_010,-0.0024,1.73559e-18,-0.0024,-0.0024,-0.0024,-0.0024,1.24058e-05,5.51607e-05,1.1771e-14,0.00109056,6.75665e-05,-4.2755e-05,0.0024
C_MW2_011,0.020332,1.04135e-17,0.020332,0.020332,0.020332,0.020332,2.47307e-05,0.000105657,1.8546e-14,0.0020305,0.000130387,-8.09259e-05,0.0183015
C_MW2_012,0.0042786,9.54575e-18,0.0042786,0.0042786,0.0042786,0.0042786,4.66344e-05,0.000190151,3.01637e-14,0.00354431,0.000236785,-0.000143517,0.000734288
C_MW2_013,-0.016792,1.73559e-17,-0.016792,-0.016792,-0.016792,-0.016792,8.36162e-05,0.000323795,4.86964e-14,0.00584148,0.000407411,-0.000240179,0.016792
C_MW2_014,-0.0042727,8.67796e-19,-0.0042727,-0.0042727,-0.0042727,-0.0042727,0.000143137,0.000524769,8.23224e-14,0.00914588,0.000667906,-0.000381632,0.0042727
C_MW2_015,-0.014049,2.08271e-17,-0.014049,-0.014049,-0.014049,-0.014049,0.000234872,0.000813664,1.2725e-13,0.0136761,0.00104854,-0.000578792,0.014049
C_MW2_018,-0.0040541,1.82237e-17,-0.0040541,-0.0040541,-0.0040541,-0.0040541,0.000836414,0.00242904,3.54217e-13,0.0363131,0.00326545,-0.00159263,0.0040541
C_MW2_020,-0.0010966,2.60339e-18,-0.0010966,-0.0010966,-0.0010966,-0.0010966,0.00168163,0.00433368,6.87201e-13,0.0596653,0.00601531,-0.00265205,0.0010966
C_MW2_023,-0.0007575,3.03729e-18,-0.0007575,-0.0007575,-0.0007575,-0.0007575,0.0040278,0.0087023,1.7471e-12,0.105872,0.0127301,-0.0046745,0.0007575
C_MW2_024,-0.0086674,1.56203e-17,-0.0086674,-0.0086674,-0.0086674,-0.0086674,0.00518334,0.0105769,2.3501e-12,0.123608,0.0157603,-0.00539358,0.0086674
C_MW2_030,-0.0049601,8.67796e-19,-0.0049601,-0.0049601,-0.0049601,-0.0049601,0.0172243,0.0256095,1.16694e-11,0.24069,0.0428337,-0.00838519,0.0049601
C_MW3_001,-0.0047266,4.33898e-18,-0.0047266,-0.0047266,-0.0047266,-0.0047266,3.17219e-07,9.15225e-08,5.52208e-08,7.06266e-07,4.08742e-07,2.25697e-07,0.00472666
C_MW3_002,0.0009632,2.16949e-18,0.0009632,0.0009632,0.0009632,0.0009632,2.74529e-06,6.71196e-07,9.32343e-07,6.41088e-06,3.41648e-06,2.07409e-06,0.000956789
C_MW3_003,0.012295,4.6861e-17,0.012295,0.012295,0.012295,0.012295,1.45127e-05,3.75418e-06,4.37638e-06,3.55516e-05,1.82669e-05,1.07585e-05,0.0122594
C_MW3_004,0.01601,0,0.01601,0.01601,0.01601,0.01601,5.70644e-05,1.50601e-05,1.69455e-05,0.000138279,7.21246e-05,4.20043e-05,0.0158717
C_MW3_005,-0.0039548,1.38847e-17,-0.0039548,-0.0039548,-0.0039548,-0.0039548,0.00018253,4.77853e-05,5.3794e-05,0.000430072,0.000230315,0.000134744,0.00400859
C_MW3_006,-0.014524,8.15728e-17,-0.014524,-0.014524,-0.014524,-0.014524,0.000493907,0.000126828,0.000147193,0.00112475,0.000620735,0.00036708,0.0146712
C_MW3_007,-0.013528,1.38847e-17,-0.013528,-0.013528,-0.013528,-0.013528,0.00116653,0.000291455,0.000355053,0.00255697,0.00145799,0.000875077,0.0138831
C_MW3_008,0.02199,4.85966e-17,0.02199,0.02199,0.02199,0.02199,0.0024607,0.000594197,0.000772999,0.00521757,0.00305489,0.0018665,0.0167724
C_MW3_009,-0.0024397,7.81016e-18,-0.0024397,-0.0024397,-0.0024397,-0.0024397,0.00471687,0.00109412,0.00153905,0.00965656,0.00581099,0.00362275,0.00397875
C_MW3_012,0.0031278,1.38847e-17,0.0031278,0.0031278,0.0031278,0.0031278,0.0211509,0.0042259,0.00793375,0.0386773,0.0253768,0.016925,0.00480595
C_MW3_015,0.024951,6.24813e-17,0.024951,0.024951,0.024951,0.024951,0.0577558,0.00967842,0.0252973,0.0961496,0.0674342,0.0480774,0.000346258
C_MW4_001,0.011945,1.38847e-17,0.011945,0.011945,0.011945,0.011945,-1.23796e-10,1.46137e-10,-4.49806e-10,5.63954e-10,2.23408e-11,-2.69933e-10,0.011945
C_MW4_002,-0.0049872,2.51661e-17,-0.0049872,-0.0049872,-0.0049872,-0.0049872,2.14445e-10,4.32022e-10,-3.77343e-10,7.54025e-09,6.46468e-10,-2.17577e-10,0.0049872
C_MW4_003,-0.0008074,3.90508e-18,-0.0008074,-0.0008074,-0.0008074,-0.0008074,1.77115e-09,1.98081e-09,8.71595e-11,5.29086e-08,3.75196e-09,-2.09665e-10,0.0008074
C_MW4_004,0.019379,1.04135e-17,0.019379,0.019379,0.019379,0.019379,7.35151e-09,9.5938e-09,5.51703e-10,2.21824e-07,1.69453e-08,-2.24229e-09,0.0193788
C_MW4_005,0.0060884,1.99593e-17,0.0060884,0.0060884,0.0060884,0.0060884,2.7422e-08,3.04827e-08,1.65538e-09,7.0761e-07,5.79047e-08,-3.06075e-09,0.00608769
C_MW4_006,0.0009754,6.29152e-18,0.0009754,0.0009754,0.0009754,0.0009754,6.58898e-08,8.3373e-08,3.49587e-09,1.94742e-06,1.49263e-07,-1.74832e-08,0.000973453
C_MW4_007,0.013474,1.21491e-17,0.013474,0.013474,0.013474,0.013474,1.5189e-07,2.02531e-07,9.84457e-09,4.89361e-06,3.54422e-07,-5.06414e-08,0.0134691
C_MW4_008,0.014002,4.51254e-17,0.014002,0.014002,0.014002,0.014002,3.43271e-07,4.62437e-07,2.53977e-08,1.12866e-05,8.05708e-07,-1.19166e-07,0.0139907
C_MW4_009,0.0129,2.77695e-17,0.0129,0.0129,0.0129,0.0129,7.26074e-07,9.92679e-07,4.41667e-08,2.42747e-05,1.71875e-06,-2.66605e-07,0.0128757
C_MW4_010,-0.0054613,1.73559e-17,-0.0054613,-0.0054613,-0.0054613,-0.0054613,1.425e-06,2.0123e-06,7.86571e-08,4.89987e-05,3.43729e-06,-5.873e-07,0.00546138
C_MW4_011,-0.0038468,1.60542e-17,-0.0038468,-0.0038468,-0.0038468,-0.0038468,2.72106e-06,3.87046e-06,1.57995e-07,9.33748e-05,6.59152e-06,-1.14941e-06,0.00384696
C_MW4_012,0.0075233,3.55796e-17,0.0075233,0.0075233,0.0075233,0.0075233,5.04654e-06,7.09137e-06,2.78189e-07,0.000169246,1.21379e-05,-2.04484e-06,0.00735405
C_MW4_013,0.011927,1.73559e-17,0.011927,0.011927,0.011927,0.011927,9.0707e-06,1.24541e-05,4.92535e-07,0.000293416,2.15248e-05,-3.38344e-06,0.0116336
C_MW4_014,-0.011945,1.38847e-17,-0.011945,-0.011945,-0.011945,-0.011945,1.57878e-05,2.10594e-05,8.46976e-07,0.000488684,3.68472e-05,-5.27166e-06,0.0119458
C_MW4_015,-0.0045402,8.67796e-19,-0.0045402,-0.0045402,-0.0045402,-0.0045402,2.66126e-05,3.43959e-05,1.40626e-06,0.000784681,6.10086e-05,-7.78331e-06,0.00454161
C_MW4_016,-0.0022805,8.67796e-18,-0.0022805,-0.0022805,-0.0022805,-0.0022805,4.35107e-05,5.4418e-05,2.29286e-06,0.00121837,9.79287e-05,-1.09072e-05,0.00228279
C_MW4_017,0.010099,1.73559e-18,0.010099,0.010099,0.010099,0.010099,6.91437e-05,8.33397e-05,3.66363e-06,0.00182382,0.000152483,-1.41959e-05,0.00827518
C_MW4_018,-0.01079,4.51254e-17,-0.01079,-0.01079,-0.01079,-0.01079,0.000107081,0.000124432,5.73138e-06,0.00265988,0.000231513,-1.73508e-05,0.0107957
C_MW4_019,0.027111,1.59674e-16,0.027111,0.027111,0.027111,0.027111,0.000161942,0.000181578,8.7843e-06,0.00379104,0.00034352,-1.96364e-05,0.02332
C_MW4_022,0.02249,4.85966e-17,0.02249,0.02249,0.02249,0.02249,0.000493023,0.000495934,2.82466e-05,0.00961133,0.000988957,-2.9111e-06,0.0128787
C_MW4_025,-0.0012102,4.12203e-18,-0.0012102,-0.0012102,-0.0012102,-0.0012102,0.00127203,0.00114166,7.86448e-05,0.0203969,0.00241369,0.000130374,0.00128884
C_MW4_027,-0.0095868,6.24813e-17,-0.0095868,-0.0095868,-0.0095868,-0.0095868,0.00221168,0.00183732,0.000145558,0.0309848,0.00404899,0.000374361,0.00973236
C_MW4_030,-0.0078647,2.25627e-17,-0.0078647,-0.0078647,-0.0078647,-0.0078647,0.00457364,0.00338624,0.000335031,0.0522632,0.00795989,0.0011874,0.00819973
C_MW4_033,-0.014688,2.77695e-17,-0.014688,-0.014688,-0.014688,-0.014688,0.00848838,0.00561428,0.000701795,0.0794896,0.0141027,0.0028741,0.0153898
C_MW4_035,-0.0034634,1.12813e-17,-0.0034634,-0.0034634,-0.0034634,-0.0034634,0.0121656,0.0074819,0.00109657,0.1003,0.0196475,0.00468367,0.00455997
C_MW4_037,0.0002669,3.79661e-19,0.0002669,0.0002669,0.0002669,0.0002669,0.0168025,0.00962883,0.00164331,0.122646,0.0264313,0.00717366,0.00137641
C_MW4_041,0.0003473,1.08474e-18,0.0003473,0.0003473,0.0003473,0.0003473,0.0291202,0.0145774,0.00327508,0.169881,0.0436975,0.0145428,0.00292778
C_MW5_001,0.0030101,8.67796e-18,0.0030101,0.0030101,0.0030101,0.0030101,3.76597e-06,2.21444e-06,3.48583e-07,3.10246e-05,5.98042e-06,1.55153e-06,0.00297908
C_MW5_002,0.006992,3.55796e-17,0.006992,0.006992,0.006992,0.006992,3.7794e-05,2.08731e-05,3.68841e-06,0.000285318,5.86671e-05,1.69209e-05,0.00670668
C_MW5_003,0.012232,1.73559e-17,0.012232,0.012232,0.012232,0.012232,0.000208024,0.000103835,2.03395e-05,0.00137135,0.000311859,0.000104189,0.0108607
C_MW5_004,0.0055887,2.25627e-17,0.0055887,0.0055887,0.0055887,0.0055887,0.000797949,0.000356432,8.3303e-05,0.00454779,0.00115438,0.000441517,0.00104091
C_MW5_005,-0.0051731,3.12406e-17,-0.0051731,-0.0051731,-0.0051731,-0.0051731,0.00237886,0.0009482,0.000273815,0.0117076,0.00332706,0.00143066,0.00544692
C_MW6_001,-0.0078436,2.95051e-17,-0.0078436,-0.0078436,-0.0078436,-0.0078436,1.93317e-08,6.54176e-08,6.81148e-10,1.15798e-06,8.47493e-08,-4.60858e-08,0.0078436
C_MW6_002,0.0035652,1.30169e-17,0.0035652,0.0035652,0.0035652,0.0035652,1.79024e-07,5.32789e-07,1.99874e-09,9.22042e-06,7.11813e-07,-3.53766e-07,0.00355598
C_MW6_003,0.018159,9.37219e-17,0.018159,0.018159,0.018159,0.018159,9.26062e-07,2.65686e-06,8.47548e-09,4.63228e-05,3.58292e-06,-1.7308e-06,0.0181127
C_MW6_004,0.0033837,8.24406e-18,0.0033837,0.0033837,0.0033837,0.0033837,3.29517e-06,1.00476e-05,3.19744e-08,0.000174494,1.33427e-05,-6.75239e-06,0.00320921
C_MW6_005,-0.0004906,1.95254e-18,-0.0004906,-0.0004906,-0.0004906,-0.0004906,1.01412e-05,3.074e-05,1.18201e-07,0.000524869,4.08813e-05,-2.05988e-05,0.000490718
C_MW6_006,-0.006088,1.82237e-17,-0.006088,-0.006088,-0.006088,-0.006088,2.71003e-05,7.96024e-05,2.34055e-07,0.00132799,0.000106703,-5.25022e-05,0.00608823
C_MW6_007,-0.0063794,1.90915e-17,-0.0063794,-0.0063794,-0.0063794,-0.0063794,6.48713e-05,0.000180146,5.21636e-07,0.00292428,0.000245017,-0.000115275,0.00637992
C_MW6_008,-0.0019011,7.59321e-18,-0.0019011,-0.0019011,-0.0019011,-0.0019011,0.000140884,0.00036507,1.17803e-06,0.0057451,0.000505954,-0.000224186,0.00190228
C_MW6_009,-0.0075165,2.08271e-17,-0.0075165,-0.0075165,-0.0075165,-0.0075165,0.000281825,0.000674628,2.19867e-06,0.010263,0.000956453,-0.000392803,0.0075187
C_MW6_015,-0.002191,2.60339e-18,-0.002191,-0.002191,-0.002191,-0.002191,0.00530738,0.00733929,7.28486e-05,0.0890015,0.0126467,-0.00203191,0.00226385
C_MW6_018,-0.0004785,2.7661e-18,-0.0004785,-0.0004785,-0.0004785,-0.0004785,0.013664,0.0143998,0.000286075,0.158293,0.0280638,-0.000735886,0.000764575
C_MW6_019,-0.0045663,1.99593e-17,-0.0045663,-0.0045663,-0.0045663,-0.0045663,0.0177769,0.0171823,0.000430436,0.183728,0.0349591,0.000594569,0.00499674
C_MW7_001,0.01278,6.94237e-17,0.01278,0.01278,0.01278,0.01278,5.0136e-06,5.76789e-06,2.15715e-07,0.000158501,1.07815e-05,-7.54291e-07,0.0126215
C_MW7_003,-0.015502,3.99186e-17,-0.015502,-0.015502,-0.015502,-0.015502,0.000260198,0.000234738,1.42829e-05,0.00591808,0.000494937,2.54604e-05,0.0155163
C_MW8_001,0.018394,4.16542e-17,0.018394,0.018394,0.018394,0.018394,3.7856e-26,1.03054e-24,-3.10982e-29,3.21873e-23,1.0684e-24,-9.92684e-25,0.018394
C_MW8_002,-0.0095454,4.51254e-17,-0.0095454,-0.0095454,-0.0095454,-0.0095454,3.35555e-25,8.61285e-24,-3.64542e-35,2.68347e-22,8.94841e-24,-8.2773e-24,0.0095454
C_MW8_003,-0.0019548,7.81016e-18,-0.0019548,-0.0019548,-0.0019548,-0.0019548,1.63562e-24,4.00481e-23,-1.29085e-34,1.24458e-21,4.16837e-23,-3.84125e-23,0.0019548
C_MW8_004,-0.0062119,1.04135e-17,-0.0062119,-0.0062119,-0.0062119,-0.0062119,5.55541e-24,1.29801e-22,-4.05229e-36,4.02033e-21,1.35356e-22,-1.24245e-22,0.0062119
C_MW8_005,0.0005386,1.95254e-18,0.0005386,0.0005386,0.0005386,0.0005386,1.40853e-23,3.11136e-22,-1.371e-29,9.58797e-21,3.25222e-22,-2.97051e-22,0.0005386
C_MW8_006,-0.0034816,1.86576e-17,-0.0034816,-0.0034816,-0.0034816,-0.0034816,2.854e-23,5.86951e-22,-4.59455e-28,1.79272e-20,6.15491e-22,-5.58411e-22,0.0034816
C_MW8_007,0.0026195,2.60339e-18,0.0026195,0.0026195,0.0026195,0.0026195,4.59514e-23,8.45477e-22,-9.95231e-27,2.52987e-20,8.91428e-22,-7.99525e-22,0.0026195
C_MW8_008,0.018152,2.08271e-17,0.018152,0.018152,0.018152,0.018152,4.50688e-23,5.68536e-22,-3.90831e-23,1.36671e-20,6.13605e-22,-5.23468e-22,0.018152
C_MW8_009,-0.0070196,5.20677e-18,-0.0070196,-0.0070196,-0.0070196,-0.0070196,-3.65833e-23,2.07171e-21,-6.43271e-20,6.63169e-21,2.03512e-21,-2.10829e-21,0.0070196
C_MW8_010,0.0073567,4.51254e-17,0.0073567,0.0073567,0.0073567,0.0073567,-3.2839e-22,9.62649e-21,-3.01278e-19,4.02131e-21,9.2981e-21,-9.95488e-21,0.0073567
C_MW8_011,-0.0096254,2.95051e-17,-0.0096254,-0.0096254,-0.0096254,-0.0096254,-1.05654e-21,2.68587e-20,-8.37194e-19,1.9868e-21,2.58022e-20,-2.79153e-20,0.0096254
C_MW8_012,-0.012814,6.76881e-17,-0.012814,-0.012814,-0.012814,-0.012814,-2.74527e-21,6.44525e-20,-1.99891e-18,1.70262e-23,6.17072e-20,-6.71977e-20,0.012814
C_MW8_013,0.010056,3.12406e-17,0.010056,0.010056,0.010056,0.010056,-6.13406e-21,1.35123e-19,-4.1631e-18,2.8114e-23,1.28989e-19,-1.41257e-19,0.010056
C_MW8_014,-0.0013574,4.77288e-18,-0.0013574,-0.0013574,-0.0013574,-0.0013574,-1.26249e-20,2.67239e-19,-8.19588e-18,6.2899e-23,2.54614e-19,-2.79864e-19,0.0013574
C_MW8_015,0.0007072,2.06101e-18,0.0007072,0.0007072,0.0007072,0.0007072,-2.21576e-20,4.35463e-19,-1.32011e-17,1.37466e-22,4.13305e-19,-4.5762e-19,0.0007072
C_MW8_016,0.014373,2.42983e-17,0.014373,0.014373,0.014373,0.014373,-3.74879e-20,6.93074e-19,-2.07434e-17,2.91276e-22,6.55586e-19,-7.30562e-19,0.014373
C_MW8_017,-0.013186,3.64474e-17,-0.013186,-0.013186,-0.013186,-0.013186,-6.03002e-20,1.05976e-18,-3.13888e-17,5.95448e-22,9.99465e-19,-1.12007e-18,0.013186
C_MW8_018,0.0007637,3.14576e-18,0.0007637,0.0007637,0.0007637,0.0007637,-9.46278e-20,1.60421e-18,-4.72383e-17,1.17554e-21,1.50959e-18,-1.69884e-18,0.0007637
C_MW8_019,0.014557,4.6861e-17,0.014557,0.014557,0.014557,0.014557,-1.47168e-19,2.47437e-18,-7.31992e-17,2.25545e-21,2.3272e-18,-2.62154e-18,0.014557
C_MW8_020,-0.010209,1.73559e-18,-0.010209,-0.010209,-0.010209,-0.010209,-2.11887e-19,3.41278e-18,-1.00222e-16,6.5028e-20,3.20089e-18,-3.62467e-18,0.010209
C_MW8_021,0.0025925,5.20677e-18,0.0025925,0.0025925,0.0025925,0.0025925,-2.90485e-19,4.37761e-18,-1.26072e-16,2.24819e-19,4.08712e-18,-4.66809e-18,0.0025925
C_MW8_022,0.0092315,8.67796e-18,0.0092315,0.0092315,0.0092315,0.0092315,-3.78989e-19,5.20287e-18,-1.45413e-16,5.55427e-19,4.82388e-18,-5.58185e-18,0.0092315
C_MW8_023,0.0092485,2.08271e-17,0.0092485,0.0092485,0.0092485,0.0092485,-4.73696e-19,5.79165e-18,-1.57337e-16,1.18963e-18,5.31796e-18,-6.26535e-18,0.0092485
C_MW8_024,0.0067213,1.21491e-17,0.0067213,0.0067213,0.0067213,0.0067213,-5.88693e-19,6.24755e-18,-1.57485e-16,2.37844e-18,5.65885e-18,-6.83624e-18,0.0067213
C_MW8_025,0.0097227,3.99186e-17,0.0097227,0.0097227,0.0097227,0.0097227,-7.10974e-19,6.34405e-18,-1.26884e-16,4.51881e-18,5.63308e-18,-7.05503e-18,0.0097227
C_MW8_026,0.0048437,2.60339e-18,0.0048437,0.0048437,0.0048437,0.0048437,-7.77928e-19,6.79408e-18,-1.75806e-16,8.19972e-18,6.01615e-18,-7.57201e-18,0.0048437
C_MW8_027,0.0078541,5.38033e-17,0.0078541,0.0078541,0.0078541,0.0078541,-6.98945e-19,1.31761e-17,-2.3281e-16,3.03397e-16,1.24772e-17,-1.38751e-17,0.0078541
C_MW8_028,0.0038691,1.77898e-17,0.0038691,0.0038691,0.0038691,0.0038691,-2.96582e-19,3.37991e-17,-3.26272e-16,9.86715e-16,3.35025e-17,-3.40957e-17,0.0038691
C_MW8_029,-0.0088904,1.73559e-17,-0.0088904,-0.0088904,-0.0088904,-0.0088904,8.56092e-19,8.10998e-17,-4.81822e-16,2.4808e-15,8.19559e-17,-8.02437e-17,0.0088904
C_MW8_030,0.0011764,2.16949e-19,0.0011764,0.0011764,0.0011764,0.0011764,3.19389e-18,1.66259e-16,-6.8525e-16,5.15314e-15,1.69453e-16,-1.63065e-16,0.0011764
C_MW8_031,-0.0010429,6.50847e-18,-0.0010429,-0.0010429,-0.0010429,-0.0010429,7.38523e-18,3.09604e-16,-9.4001e-16,9.64589e-15,3.16989e-16,-3.02218e-16,0.0010429
C_MW8_032,0.011328,6.07457e-17,0.011328,0.011328,0.011328,0.011328,1.47382e-17,5.46306e-16,-1.1457e-15,1.70712e-14,5.61044e-16,-5.31568e-16,0.011328
C_MW8_033,0.0051196,5.20677e-18,0.0051196,0.0051196,0.0051196,0.0051196,2.70556e-17,9.29517e-16,-1.30879e-15,2.90888e-14,9.56573e-16,-9.02462e-16,0.0051196
C_MW8_034,0.0052098,1.73559e-17,0.0052098,0.0052098,0.0052098,0.0052098,4.70802e-17,1.53852e-15,-1.36026e-15,4.81825e-14,1.5856e-15,-1.49144e-15,0.0052098
C_MW8_035,0.0019616,5.20677e-18,0.0019616,0.0019616,0.0019616,0.0019616,7.86586e-17,2.4856e-15,-1.27839e-15,7.78681e-14,2.56426e-15,-2.40694e-15,0.0019616
C_MW8_036,0.0066409,3.55796e-17,0.0066409,0.0066409,0.0066409,0.0066409,1.27528e-16,3.93814e-15,-9.97571e-16,1.23389e-13,4.06566e-15,-3.81061e-15,0.0066409
C_MW8_037,-0.0052853,1.04135e-17,-0.0052853,-0.0052853,-0.0052853,-0.0052853,2.0222e-16,6.147e-15,-5.19922e-16,1.92605e-13,6.34922e-15,-5.94478e-15,0.0052853
C_MW8_038,0.0028742,1.12813e-17,0.0028742,0.0028742,0.0028742,0.0028742,3.1582e-16,9.49241e-15,-3.00411e-16,2.97429e-13,9.80823e-15,-9.17659e-15,0.0028742
C_MW8_039,-0.0066448,3.47118e-17,-0.0066448,-0.0066448,-0.0066448,-0.0066448,4.85576e-16,1.44657e-14,-3.12558e-16,4.53254e-13,1.49512e-14,-1.39801e-14,0.0066448
C_MW8_040,-0.0033342,1.43186e-17,-0.0033342,-0.0033342,-0.0033342,-0.0033342,7.45439e-16,2.20276e-14,-3.23755e-16,6.90178e-13,2.27731e-14,-2.12822e-14,0.0033342
C_MW8_041,-0.01092,3.12406e-17,-0.01092,-0.01092,-0.01092,-0.01092,1.1436e-15,3.36246e-14,-3.34159e-16,1.05352e-12,3.47682e-14,-3.2481e-14,0.01092
C_MW8_042,0.02215,2.08271e-17,0.02215,0.02215,0.02215,0.02215,1.75869e-15,5.15384e-14,-3.29175e-16,1.61475e-12,5.32971e-14,-4.97797e-14,0.02215
C_MW8_043,0.0061431,1.73559e-17,0.0061431,0.0061431,0.0061431,0.0061431,2.71313e-15,7.93649e-14,-2.93038e-16,2.48655e-12,8.2078e-14,-7.66518e-14,0.0061431
C_MW8_044,-0.0092928,2.25627e-17,-0.0092928,-0.0092928,-0.0092928,-0.0092928,4.19706e-15,1.2271e-13,-1.81999e-16,3.84454e-12,1.26907e-13,-1.18512e-13,0.0092928
C_MW8_045,-0.0035366,5.64067e-18,-0.0035366,-0.0035366,-0.0035366,-0.0035366,6.50547e-15,1.90273e-13,-1.36296e-16,5.96135e-12,1.96779e-13,-1.83768e-13,0.0035366
C_MW8_046,0.0035142,1.56203e-17,0.0035142,0.0035142,0.0035142,0.0035142,1.00957e-14,2.95577e-13,-1.30081e-16,9.26059e-12,3.05673e-13,-2.85481e-13,0.0035142
C_MW8_047,-0.0042648,1.82237e-17,-0.0042648,-0.0042648,-0.0042648,-0.0042648,1.56567e-14,4.59176e-13,-1.15494e-16,1.43864e-11,4.74833e-13,-4.43519e-13,0.0042648
C_MW8_048,0.0074805,1.21491e-17,0.0074805,0.0074805,0.0074805,0.0074805,2.4241e-14,7.12349e-13,-8.91095e-17,2.23188e-11,7.3659e-13,-6.88108e-13,0.0074805
C_MW8_049,0.0045123,6.07457e-18,0.0045123,0.0045123,0.0045123,0.0045123,3.73937e-14,1.10122e-12,-4.22821e-17,3.45031e-11,1.13862e-12,-1.06383e-12,0.0045123
C_MW8_050,0.011482,5.20677e-18,0.011482,0.011482,0.011482,0.011482,5.74455e-14,1.69532e-12,-3.75713e-17,5.31178e-11,1.75277e-12,-1.63788e-12,0.011482
C_MW8_051,-0.027879,1.7703e-16,-0.027879,-0.027879,-0.027879,-0.027879,8.78307e-14,2.59729e-12,-2.96309e-17,8.13793e-11,2.68512e-12,-2.50946e-12,0.027879
C_MW8_052,0.007607,3.3844e-17,0.007607,0.007607,0.007607,0.007607,1.33735e-13,3.96189e-12,-1.52726e-17,1.24137e-10,4.09563e-12,-3.82816e-12,0.007607
C_MW8_053,0.0024594,6.50847e-18,0.0024594,0.0024594,0.0024594,0.0024594,2.0242e-13,6.00585e-12,-2.93099e-18,1.8818e-10,6.20827e-12,-5.80343e-12,0.0024594
C_MW8_054,0.010071,2.60339e-17,0.010071,0.010071,0.010071,0.010071,3.04323e-13,9.03961e-12,-1.23438e-19,2.83238e-10,9.34394e-12,-8.73529e-12,0.010071
C_MW8_055,-0.0054427,1.73559e-17,-0.0054427,-0.0054427,-0.0054427,-0.0054427,4.54115e-13,1.34992e-11,-1.2254e-19,4.22972e-10,1.39533e-11,-1.30451e-11,0.0054427
C_MW8_056,-0.0071478,3.90508e-17,-0.0071478,-0.0071478,-0.0071478,-0.0071478,6.73039e-13,2.00143e-11,-1.13744e-19,6.27109e-10,2.06874e-11,-1.93413e-11,0.0071478
C_MW8_057,-0.011103,1.38847e-17,-0.011103,-0.011103,-0.011103,-0.011103,9.90555e-13,2.94568e-11,-9.40537e-20,9.22966e-10,3.04474e-11,-2.84662e-11,0.011103
C_MW8_058,0.0047853,6.94237e-18,0.0047853,0.0047853,0.0047853,0.0047853,1.44764e-12,4.30324e-11,-5.99017e-20,1.34832e-09,4.44801e-11,-4.15848e-11,0.0047853
C_MW8_059,0.0017288,9.3288e-18,0.0017288,0.0017288,0.0017288,0.0017288,2.10066e-12,6.2396e-11,-6.61949e-21,1.955e-09,6.44967e-11,-6.02954e-11,0.0017288
C_MW8_060,-0.016722,1.73559e-17,-0.016722,-0.016722,-0.016722,-0.016722,3.02666e-12,8.97938e-11,2.24096e-41,2.81339e-09,9.28204e-11,-8.67671e-11,0.016722
C_MW8_061,-0.0054797,1.64881e-17,-0.0054797,-0.0054797,-0.0054797,-0.0054797,4.33004e-12,1.28255e-10,3.09463e-41,4.01833e-09,1.32585e-10,-1.23925e-10,0.0054797
C_MW8_062,-0.0001463,5.42372e-19,-0.0001463,-0.0001463,-0.0001463,-0.0001463,6.15134e-12,1.81824e-10,4.25462e-41,5.69654e-09,1.87976e-10,-1.75673e-10,0.0001463
C_MW8_063,-0.011718,3.47118e-18,-0.011718,-0.011718,-0.011718,-0.011718,8.67965e-12,2.55911e-10,5.82408e-41,8.01736e-09,2.64591e-10,-2.47232e-10,0.011718
C_MW8_064,-0.003554,1.56203e-17,-0.003554,-0.003554,-0.003554,-0.003554,1.2165e-11,3.5759e-10,7.93836e-41,1.12023e-08,3.69755e-10,-3.45425e-10,0.003554
C_MW8_065,-0.0009439,0,-0.0009439,-0.0009439,-0.0009439,-0.0009439,1.6938e-11,4.96135e-10,1.07736e-40,1.55414e-08,5.13073e-10,-4.79197e-10,0.0009439
C_MW8_066,-0.0055588,1.99593e-17,-0.0055588,-0.0055588,-0.0055588,-0.0055588,2.34327e-11,6.83575e-10,1.45592e-40,2.14112e-08,7.07008e-10,-6.60142e-10,0.0055588
C_MW8_067,-0.016017,5.90101e-17,-0.016017,-0.016017,-0.016017,-0.016017,3.2216e-11,9.35435e-10,1.95893e-40,2.9297e-08,9.67651e-10,-9.03219e-10,0.016017
C_MW8_068,0.011437,4.85966e-17,0.011437,0.011437,0.011437,0.011437,4.40229e-11,1.2715e-09,2.62441e-40,3.98171e-08,1.31553e-09,-1.22748e-09,0.011437
C_MW8_069,0.0025334,1.04135e-17,0.0025334,0.0025334,0.0025334,0.0025334,5.98014e-11,1.71696e-09,3.50075e-40,5.37576e-08,1.77676e-09,-1.65716e-09,0.00253335
C_MW8_070,0.0034984,1.34508e-17,0.0034984,0.0034984,0.0034984,0.0034984,8.077e-11,2.30355e-09,4.64991e-40,7.21085e-08,2.38432e-09,-2.22278e-09,0.00349833
C_MW8_071,-0.0056257,1.99593e-17,-0.0056257,-0.0056257,-0.0056257,-0.0056257,1.08484e-10,3.07103e-09,6.15041e-40,9.61083e-08,3.17952e-09,-2.96255e-09,0.0056257
C_MW8_072,0.0018129,4.98983e-18,0.0018129,0.0018129,0.0018129,0.0018129,1.44924e-10,4.06893e-09,8.1021e-40,1.27296e-07,4.21385e-09,-3.92401e-09,0.00181277
C_MW8_073,-0.0066382,2.42983e-17,-0.0066382,-0.0066382,-0.0066382,-0.0066382,1.92605e-10,5.35866e-09,1.06306e-39,1.67577e-07,5.55127e-09,-5.16606e-09,0.0066382
C_MW8_074,-0.001126,3.03729e-18,-0.001126,-0.001126,-0.001126,-0.001126,2.54685e-10,7.01515e-09,1.38948e-39,2.19268e-07,7.26983e-09,-6.76047e-09,0.001126
C_MW8_075,0.0014362,1.30169e-18,0.0014362,0.0014362,0.0014362,0.0014362,3.35144e-10,9.13032e-09,1.80939e-39,2.85201e-07,9.46547e-09,-8.79518e-09,0.00143591
C_MW8_076,0.0058637,1.47525e-17,0.0058637,0.0058637,0.0058637,0.0058637,4.38977e-10,1.1816e-08,2.34784e-39,3.68803e-07,1.2255e-08,-1.1377e-08,0.00586333
C_MW8_077,-0.005715,1.21491e-17,-0.005715,-0.005715,-0.005715,-0.005715,5.72419e-10,1.52074e-08,3.03603e-39,4.74198e-07,1.57799e-08,-1.4635e-08,0.005715
C_MW8_078,-0.0075408,3.3844e-17,-0.0075408,-0.0075408,-0.0075408,-0.0075408,7.43237e-10,1.94677e-08,3.91305e-39,6.06316e-07,2.0211e-08,-1.87245e-08,0.0075408
C_MW8_079,0.012443,6.42169e-17,0.012443,0.012443,0.012443,0.012443,9.61112e-10,2.47927e-08,5.02732e-39,7.71021e-07,2.57538e-08,-2.38316e-08,0.0124422
C_MW8_080,-0.01363,2.42983e-17,-0.01363,-0.01363,-0.01363,-0.01363,1.23807e-09,3.14165e-08,6.43921e-39,9.75244e-07,3.26546e-08,-3.01785e-08,0.01363
C_MW8_081,0.0020106,7.37626e-18,0.0020106,0.0020106,0.0020106,0.0020106,1.58901e-09,3.9619e-08,8.22313e-39,1.22714e-06,4.12081e-08,-3.803e-08,0.00200937
C_MW8_082,-0.0009791,3.90508e-18,-0.0009791,-0.0009791,-0.0009791,-0.0009791,2.03232e-09,4.97333e-08,1.04714e-38,1.53625e-06,5.17656e-08,-4.7701e-08,0.0009791
C_MW8_083,0.0068544,2.16949e-17,0.0068544,0.0068544,0.0068544,0.0068544,2.59077e-09,6.21568e-08,1.32971e-38,1.91371e-06,6.47475e-08,-5.9566e-08,0.00685249
C_MW8_084,-0.0041773,1.30169e-17,-0.0041773,-0.0041773,-0.0041773,-0.0041773,3.29234e-09,7.73599e-08,1.68397e-38,2.37234e-06,8.06523e-08,-7.40676e-08,0.0041773
C_MW8_085,-0.010121,1.04135e-17,-0.010121,-0.010121,-0.010121,-0.010121,4.17147e-09,9.59045e-08,2.12692e-38,2.92698e-06,1.00076e-07,-9.17331e-08,0.010121
C_MW8_086,0.0012379,2.82034e-18,0.0012379,0.0012379,0.0012379,0.0012379,5.27047e-09,1.18457e-07,2.67938e-38,3.59458e-06,1.23727e-07,-1.13186e-07,0.00123431
C_MW8_087,-0.013312,6.94237e-18,-0.013312,-0.013312,-0.013312,-0.013312,6.64163e-09,1.45827e-07,3.36661e-38,4.39495e-06,1.52469e-07,-1.39186e-07,0.013312
C_MW8_088,-0.010365,2.08271e-17,-0.010365,-0.010365,-0.010365,-0.010365,8.34775e-09,1.78947e-07,4.21941e-38,5.34949e-06,1.87295e-07,-1.70599e-07,0.010365
C_MW8_089,-0.0001984,8.40677e-19,-0.0001984,-0.0001984,-0.0001984,-0.0001984,1.0466e-08,2.18949e-07,5.2749e-38,6.48287e-06,2.29415e-07,-2.08483e-07,0.0001984
C_MW8_090,0.001201,4.33898e-19,0.001201,0.001201,0.001201,0.001201,1.30905e-08,2.67192e-07,6.57818e-38,7.82279e-06,2.80283e-07,-2.54102e-07,0.00119318
C_MW8_091,-0.014391,6.24813e-17,-0.014391,-0.014391,-0.014391,-0.014391,1.63353e-08,3.25311e-07,8.18331e-38,9.40023e-06,3.41646e-07,-3.08975e-07,0.014391
C_MW8_092,0.012533,6.24813e-17,0.012533,0.012533,0.012533,0.012533,2.03391e-08,3.95272e-07,1.01557e-37,1.12496e-05,4.15612e-07,-3.74933e-07,0.0125218
C_MW8_093,-0.0003682,5.42372e-20,-0.0003682,-0.0003682,-0.0003682,-0.0003682,2.52691e-08,4.79451e-07,1.25734e-37,1.34092e-05,5.0472e-07,-4.54182e-07,0.0003682
C_MW8_094,0.012269,2.42983e-17,0.012269,0.012269,0.012269,0.012269,3.13278e-08,5.80717e-07,1.55305e-37,1.5921e-05,6.12045e-07,-5.4939e-07,0.0122531
C_MW8_095,0.010971,3.29762e-17,0.010971,0.010971,0.010971,0.010971,3.8758e-08,7.02535e-07,1.91388e-37,1.88313e-05,7.41292e-07,-6.63777e-07,0.0109522
C_MW8_096,0.0005943,5.42372e-19,0.0005943,0.0005943,0.0005943,0.0005943,4.78515e-08,8.49079e-07,2.35325e-37,2.21906e-05,8.9693e-07,-8.01227e-07,0.000572109
C_MW8_097,-0.003945,1.64881e-17,-0.003945,-0.003945,-0.003945,-0.003945,5.89568e-08,1.02537e-06,2.88703e-37,2.6054e-05,1.08433e-06,-9.66418e-07,0.003945
C_MW8_098,-0.013931,5.55389e-17,-0.013931,-0.013931,-0.013931,-0.013931,7.24905e-08,1.23745e-06,3.53421e-37,3.04811e-05,1.30994e-06,-1.16496e-06,0.013931
C_MW8_099,0.0099302,1.56203e-17,0.0099302,0.0099302,0.0099302,0.0099302,8.89469e-08,1.49251e-06,4.31719e-37,3.55366e-05,1.58146e-06,-1.40357e-06,0.00989466
C_MW8_100,0.0153,4.16542e-17,0.0153,0.0153,0.0153,0.0153,1.08914e-07,1.79914e-06,5.26263e-37,4.12897e-05,1.90805e-06,-1.69023e-06,0.0152587
C_MW9_001,0.0016955,3.90508e-18,0.0016955,0.0016955,0.0016955,0.0016955,6.59305e-30,1.52592e-28,-8.35845e-34,4.66447e-27,1.59185e-28,-1.45999e-28,0.0016955
C_MW9_002,0.0006433,2.92881e-18,0.0006433,0.0006433,0.0006433,0.0006433,8.54143e-29,1.99331e-27,-6.92421e-39,6.10277e-26,2.07872e-27,-1.90789e-27,0.0006433
C_MW9_003,-0.0088441,2.60339e-17,-0.0088441,-0.0088441,-0.0088441,-0.0088441,5.90634e-28,1.3717e-26,-3.72699e-38,4.19797e-25,1.43077e-26,-1.31264e-26,0.0088441
C_MW9_004,-0.0099463,1.56203e-17,-0.0099463,-0.0099463,-0.0099463,-0.0099463,2.88859e-27,6.64902e-26,-2.09385e-37,2.03252e-24,6.93788e-26,-6.36016e-26,0.0099463
C_MW9_005,-0.0009922,1.73559e-18,-0.0009922,-0.0009922,-0.0009922,-0.0009922,1.1067e-26,2.51629e-25,-1.07907e-36,7.67807e-24,2.62696e-25,-2.40562e-25,0.0009922
C_MW9_006,0.012096,6.76881e-17,0.012096,0.012096,0.012096,0.012096,3.54304e-26,7.96541e-25,-1.81262e-35,2.42681e-23,8.31972e-25,-7.61111e-25,0.012096
C_MW9_007,-0.0026185,4.33898e-19,-0.0026185,-0.0026185,-0.0026185,-0.0026185,9.82237e-26,2.18529e-24,-1.4502e-34,6.64913e-23,2.28351e-24,-2.08707e-24,0.0026185
C_MW9_008,0.0087571,3.47118e-18,0.0087571,0.0087571,0.0087571,0.0087571,2.40447e-25,5.29173e-24,-6.38228e-32,1.60787e-22,5.53218e-24,-5.05128e-24,0.0087571
C_MW9_009,0.004033,8.67796e-18,0.004033,0.004033,0.004033,0.004033,5.25028e-25,1.14052e-23,-4.0539e-31,3.45874e-22,1.19303e-23,-1.08802e-23,0.004033
C_MW9_010,-0.0009754,6.29152e-18,-0.0009754,-0.0009754,-0.0009754,-0.0009754,1.01798e-24,2.1682e-23,-5.39358e-28,6.55138e-22,2.27e-23,-2.0664e-23,0.0009754
C_MW9_011,-0.0081171,1.73559e-18,-0.0081171,-0.0081171,-0.0081171,-0.0081171,1.74213e-24,3.60398e-23,-3.28659e-27,1.08209e-21,3.77819e-23,-3.42977e-23,0.0081171
C_MW9_012,-0.003547,9.11186e-18,-0.003547,-0.003547,-0.003547,-0.003547,2.52919e-24,4.96243e-23,-1.25929e-26,1.46853e-21,5.21535e-23,-4.70951e-23,0.003547
C_MW9_013,-0.011701,2.95051e-17,-0.011701,-0.011701,-0.011701,-0.011701,2.68898e-24,4.56754e-23,-4.01825e-25,1.26483e-21,4.83644e-23,-4.29864e-23,0.011701
C_MW9_014,0.0085563,4.16542e-17,0.0085563,0.0085563,0.0085563,0.0085563,5.88392e-25,2.98809e-23,-7.18272e-22,4.34359e-22,3.04693e-23,-2.92925e-23,0.0085563
C_MW9_015,0.0051167,1.64881e-17,0.0051167,0.0051167,0.0051167,0.0051167,-6.95216e-24,2.15957e-22,-6.72835e-21,3.88573e-22,2.09005e-22,-2.22909e-22,0.0051167
C_MW9_016,-0.009434,8.67796e-18,-0.009434,-0.009434,-0.009434,-0.009434,-2.54879e-23,6.66713e-22,-2.06541e-20,4.5419e-22,6.41225e-22,-6.92201e-22,0.009434
C_MW9_017,-0.0065059,1.90915e-17,-0.0065059,-0.0065059,-0.0065059,-0.0065059,-6.3523e-23,1.56462e-21,-4.82548e-20,3.97403e-22,1.5011e-21,-1.62814e-21,0.0065059
C_MW9_018,-0.012786,5.38033e-17,-0.012786,-0.012786,-0.012786,-0.012786,-1.33195e-22,3.17058e-21,-9.74839e-20,1.03555e-22,3.03739e-21,-3.30378e-21,0.012786
C_MW9_019,0.0016999,8.02711e-18,0.0016999,0.0016999,0.0016999,0.0016999,-2.49947e-22,5.7932e-21,-1.77653e-19,4.10471e-23,5.54325e-21,-6.04315e-21,0.0016999
C_MW9_020,0.0061285,1.73559e-18,0.0061285,0.0061285,0.0061285,0.0061285,-4.36005e-22,9.85568e-21,-3.01428e-19,1.55787e-24,9.41968e-21,-1.02917e-20,0.0061285
C_MW9_021,-0.0086016,1.04135e-17,-0.0086016,-0.0086016,-0.0086016,-0.0086016,-7.22809e-22,1.59379e-20,-4.86084e-19,2.78992e-25,1.52151e-20,-1.66607e-20,0.0086016
C_MW9_022,-0.0041012,1.99593e-17,-0.0041012,-0.0041012,-0.0041012,-0.0041012,-1.15394e-21,2.48347e-20,-7.553e-19,4.82385e-25,2.36807e-20,-2.59886e-20,0.0041012
C_MW9_023,0.0039515,1.12813e-17,0.0039515,0.0039515,0.0039515,0.0039515,-1.79423e-21,3.78103e-20,-1.14745e-18,7.99498e-25,3.6016e-20,-3.96045e-20,0.0039515
C_MW9_024,-0.016081,1.00664e-16,-0.016081,-0.016081,-0.016081,-0.016081,-2.73949e-21,5.67652e-20,-1.7205e-18,1.26552e-24,5.40257e-20,-5.95047e-20,0.016081
C_MW9_025,0.0025568,9.11186e-18,0.0025568,0.0025568,0.0025568,0.0025568,-4.12239e-21,8.41746e-20,-2.54865e-18,1.90553e-24,8.00522e-20,-8.8297e-20,0.0025568
C_MW9_026,0.015735,5.90101e-17,0.015735,0.015735,0.015735,0.015735,-6.10163e-21,1.22892e-19,-3.71731e-18,2.72434e-24,1.16791e-19,-1.28994e-19,0.015735
C_MW9_027,0.016317,0,0.016317,0.016317,0.016317,0.016317,-8.90045e-21,1.77502e-19,-5.36806e-18,3.7051e-24,1.68602e-19,-1.86403e-19,0.016317
C_MW9_028,-0.0010229,4.98983e-18,-0.0010229,-0.0010229,-0.0010229,-0.0010229,-1.29389e-20,2.56981e-19,-7.77705e-18,5.84002e-24,2.44042e-19,-2.6992e-19,0.0010229
C_MW9_029,-0.0001779,1.05763e-18,-0.0001779,-0.0001779,-0.0001779,-0.0001779,-1.81727e-20,3.57415e-19,-1.08115e-17,1.66562e-21,3.39242e-19,-3.75588e-19,0.0001779
C_MW9_030,0.0076962,1.47525e-17,0.0076962,0.0076962,0.0076962,0.0076962,-2.43609e-20,4.68067e-19,-1.41118e-17,5.87962e-21,4.43706e-19,-4.92428e-19,0.0076962
C_MW9_031,0.0069395,4.2522e-17,0.0069395,0.0069395,0.0069395,0.0069395,-3.2524e-20,6.15013e-19,-1.85083e-17,1.33522e-20,5.82489e-19,-6.47537e-19,0.0069395
C_MW9_032,0.014862,4.6861e-17,0.014862,0.014862,0.014862,0.014862,-4.32067e-20,8.05856e-19,-2.42063e-17,2.66733e-20,7.62649e-19,-8.49063e-19,0.014862
C_MW9_033,0.002911,2.60339e-18,0.002911,0.002911,0.002911,0.002911,-5.63816e-20,1.02831e-18,-3.07392e-17,5.07662e-20,9.71933e-19,-1.0847e-18,0.002911
C_MW9_034,0.0038216,1.34508e-17,0.0038216,0.0038216,0.0038216,0.0038216,-7.20586e-20,1.26758e-18,-3.74984e-17,9.4472e-20,1.19552e-18,-1.33964e-18,0.0038216
C_MW9_035,0.0037822,2.1261e-17,0.0037822,0.0037822,0.0037822,0.0037822,-8.99177e-20,1.50671e-18,-4.38129e-17,1.73235e-19,1.41679e-18,-1.59662e-18,0.0037822
C_MW9_036,0.017212,1.14549e-16,0.017212,0.017212,0.017212,0.017212,-1.05448e-19,1.60743e-18,-4.45978e-17,2.99434e-19,1.50198e-18,-1.71288e-18,0.017212
C_MW9_037,-0.0085913,2.95051e-17,-0.0085913,-0.0085913,-0.0085913,-0.0085913,-1.21196e-19,1.65548e-18,-4.16317e-17,4.98908e-19,1.53429e-18,-1.77668e-18,0.0085913
C_MW9_038,0.013373,5.38033e-17,0.013373,0.013373,0.013373,0.013373,-1.27973e-19,1.53524e-18,-3.02439e-17,8.03712e-19,1.40726e-18,-1.66321e-18,0.013373
C_MW9_039,0.0033256,6.07457e-18,0.0033256,0.0033256,0.0033256,0.0033256,-1.28156e-19,1.48108e-18,-2.53248e-17,1.26895e-18,1.35293e-18,-1.60924e-18,0.0033256
C_MW9_040,0.0039055,9.11186e-18,0.0039055,0.0039055,0.0039055,0.0039055,-1.36619e-19,1.75178e-18,-2.83573e-17,7.75523e-18,1.61516e-18,-1.8884e-18,0.0039055
C_MW9_041,-0.0070446,3.64474e-17,-0.0070446,-0.0070446,-0.0070446,-0.0070446,-1.33271e-19,2.41203e-18,-3.34306e-17,3.88621e-17,2.27876e-18,-2.5453e-18,0.0070446
C_MW9_042,0.0007552,1.95254e-18,0.0007552,0.0007552,0.0007552,0.0007552,-9.6165e-20,4.18502e-18,-3.74161e-17,1.0617e-16,4.08885e-18,-4.28118e-18,0.0007552
C_MW9_043,-0.0075935,1.90915e-17,-0.0075935,-0.0075935,-0.0075935,-0.0075935,3.80374e-20,9.12508e-18,-4.75031e-17,2.70722e-16,9.16312e-18,-9.08704e-18,0.0075935
C_MW9_044,-0.024255,8.33084e-17,-0.024255,-0.024255,-0.024255,-0.024255,3.65796e-19,2.02974e-17,-5.97453e-17,6.26378e-16,2.06632e-17,-1.99316e-17,0.024255
C_MW9_045,0.0035238,1.82237e-17,0.0035238,0.0035238,0.0035238,0.0035238,9.96273e-19,4.05389e-17,-7.41146e-17,1.26361e-15,4.15352e-17,-3.95426e-17,0.0035238
C_MW9_046,-0.011977,6.07457e-17,-0.011977,-0.011977,-0.011977,-0.011977,2.31906e-18,8.17951e-17,-8.79584e-17,2.55829e-15,8.41142e-17,-7.94761e-17,0.011977
C_MW9_047,0.0017038,1.95254e-18,0.0017038,0.0017038,0.0017038,0.0017038,4.60035e-18,1.5078e-16,-9.94223e-17,4.72047e-15,1.5538e-16,-1.4618e-16,0.0017038
C_MW9_048,-0.011616,4.16542e-17,-0.011616,-0.011616,-0.011616,-0.011616,8.35399e-18,2.6308e-16,-1.1047e-16,8.2391e-15,2.71434e-16,-2.54726e-16,0.011616
C_MW9_049,-0.0024094,5.20677e-18,-0.0024094,-0.0024094,-0.0024094,-0.0024094,1.4518e-17,4.44012e-16,-1.32569e-16,1.39063e-14,4.5853e-16,-4.29494e-16,0.0024094
C_MW9_050,-0.0027612,1.6922e-17,-0.0027612,-0.0027612,-0.0027612,-0.0027612,2.41115e-17,7.22508e-16,-1.56836e-16,2.26275e-14,7.46619e-16,-6.98396e-16,0.0027612
C_MW9_051,-0.015755,3.12406e-17,-0.015755,-0.015755,-0.015755,-0.015755,3.85962e-17,1.13975e-15,-1.79616e-16,3.56917e-14,1.17835e-15,-1.10116e-15,0.015755
C_MW9_052,0.0012895,8.67796e-19,0.0012895,0.0012895,0.0012895,0.0012895,6.04098e-17,1.76259e-15,-2.01519e-16,5.51896e-14,1.823e-15,-1.70218e-15,0.0012895
C_MW9_053,-0.004687,1.12813e-17,-0.004687,-0.004687,-0.004687,-0.004687,9.27474e-17,2.67879e-15,-2.17065e-16,8.38674e-14,2.77154e-15,-2.58605e-15,0.004687
C_MW9_054,-0.022235,4.85966e-17,-0.022235,-0.022235,-0.022235,-0.022235,1.40466e-16,4.02154e-15,-2.23633e-16,1.2589e-13,4.162e-15,-3.88107e-15,0.022235
C_MW9_055,0.018986,4.51254e-17,0.018986,0.018986,0.018986,0.018986,2.10329e-16,5.97188e-15,-2.14088e-16,1.86919e-13,6.18221e-15,-5.76155e-15,0.018986
C_MW9_056,0.005982,1.56203e-17,0.005982,0.005982,0.005982,0.005982,3.11579e-16,8.77521e-15,-1.97412e-16,2.74623e-13,9.08679e-15,-8.46363e-15,0.005982
C_MW9_057,0.004709,1.30169e-17,0.004709,0.004709,0.004709,0.004709,4.57264e-16,1.27793e-14,-1.58081e-16,3.99873e-13,1.32366e-14,-1.23221e-14,0.004709
C_MW9_058,0.0015207,4.77288e-18,0.0015207,0.0015207,0.0015207,0.0015207,6.67408e-16,1.85159e-14,-1.01867e-16,5.79291e-13,1.91833e-14,-1.78485e-14,0.0015207
C_MW9_059,0.0094451,2.77695e-17,0.0094451,0.0094451,0.0094451,0.0094451,9.70583e-16,2.67445e-14,-6.05255e-17,8.36617e-13,2.77151e-14,-2.5774e-14,0.0094451
C_MW9_060,-0.0035922,2.29966e-17,-0.0035922,-0.0035922,-0.0035922,-0.0035922,1.41e-15,3.85953e-14,-4.15395e-17,1.20715e-12,4.00053e-14,-3.71853e-14,0.0035922
C_MW9_061,0.0082898,1.21491e-17,0.0082898,0.0082898,0.0082898,0.0082898,2.05168e-15,5.58146e-14,-3.79462e-17,1.74547e-12,5.78663e-14,-5.37629e-14,0.0082898
C_MW9_062,0.010499,2.60339e-17,0.010499,0.010499,0.010499,0.010499,2.99651e-15,8.10894e-14,-3.62622e-17,2.53554e-12,8.40859e-14,-7.80929e-14,0.010499
C_MW9_063,-0.0036923,8.24406e-18,-0.0036923,-0.0036923,-0.0036923,-0.0036923,4.38908e-15,1.18275e-13,-3.85537e-17,3.69786e-12,1.22664e-13,-1.13886e-13,0.0036923
C_MW9_064,0.0016629,6.94237e-18,0.0016629,0.0016629,0.0016629,0.0016629,6.45328e-15,1.73363e-13,-4.01561e-17,5.41968e-12,1.79816e-13,-1.66909e-13,0.0016629
C_MW9_065,0.0027055,1.6922e-17,0.0027055,0.0027055,0.0027055,0.0027055,9.53752e-15,2.55752e-13,-4.08174e-17,7.99485e-12,2.65289e-13,-2.46214e-13,0.0027055
C_MW9_066,-0.013247,7.98372e-17,-0.013247,-0.013247,-0.013247,-0.013247,1.4152e-14,3.79195e-13,-4.00853e-17,1.18533e-11,3.93347e-13,-3.65043e-13,0.013247
C_MW9_067,0.0047168,1.99593e-17,0.0047168,0.0047168,0.0047168,0.0047168,2.10725e-14,5.647e-13,-3.74769e-17,1.76519e-11,5.85772e-13,-5.43627e-13,0.0047168
C_MW9_068,0.0005529,2.49491e-18,0.0005529,0.0005529,0.0005529,0.0005529,3.14774e-14,8.44232e-13,-3.34623e-17,2.63901e-11,8.7571e-13,-8.12755e-13,0.0005529
C_MW9_069,0.01319,5.90101e-17,0.01319,0.01319,0.01319,0.01319,4.70953e-14,1.26592e-12,-2.76171e-17,3.95739e-11,1.31301e-12,-1.21882e-12,0.01319
C_MW9_070,0.0027913,1.2583e-17,0.0027913,0.0027913,0.0027913,0.0027913,7.06303e-14,1.90321e-12,-1.84266e-17,5.94997e-11,1.97384e-12,-1.83258e-12,0.0027913
C_MW9_071,-0.0074169,2.25627e-17,-0.0074169,-0.0074169,-0.0074169,-0.0074169,1.06124e-13,2.86683e-12,-1.8365e-17,8.96307e-11,2.97295e-12,-2.76071e-12,0.0074169
C_MW9_072,0.0023773,1.30169e-18,0.0023773,0.0023773,0.0023773,0.0023773,1.5942e-13,4.31674e-12,-1.88124e-17,1.34969e-10,4.47616e-12,-4.15732e-12,0.0023773
C_MW9_073,-0.0039804,4.33898e-18,-0.0039804,-0.0039804,-0.0039804,-0.0039804,2.39464e-13,6.50073e-12,-1.88248e-17,2.0327e-10,6.7402e-12,-6.26127e-12,0.0039804
C_MW9_074,-0.021998,6.24813e-17,-0.021998,-0.021998,-0.021998,-0.021998,3.58867e-13,9.79094e-12,-1.83381e-17,3.06205e-10,1.01498e-11,-9.43207e-12,0.021998
C_MW9_075,-0.00113,0,-0.00113,-0.00113,-0.00113,-0.00113,5.38529e-13,1.47597e-11,-1.71929e-17,4.6167e-10,1.52982e-11,-1.42212e-11,0.00113
C_MW9_076,-0.011684,4.51254e-17,-0.011684,-0.011684,-0.011684,-0.011684,8.10573e-13,2.23176e-11,-1.51577e-17,6.9818e-10,2.31281e-11,-2.1507e-11,0.011684
C_MW9_077,0.013265,5.38033e-17,0.013265,0.013265,0.013265,0.013265,1.21025e-12,3.34339e-11,-1.25237e-17,1.04606e-09,3.46441e-11,-3.22236e-11,0.013265
C_MW9_078,0.0039103,1.82237e-17,0.0039103,0.0039103,0.0039103,0.0039103,1.79211e-12,4.96228e-11,-8.97711e-18,1.55269e-09,5.14149e-11,-4.78307e-11,0.0039103
C_MW9_079,0.0093296,3.47118e-17,0.0093296,0.0093296,0.0093296,0.0093296,2.65961e-12,7.3847e-11,-2.04805e-17,2.31088e-09,7.65066e-11,-7.11874e-11,0.0093296
C_MW9_080,0.0042142,1.04135e-17,0.0042142,0.0042142,0.0042142,0.0042142,3.91307e-12,1.08867e-10,-9.48327e-17,3.40699e-09,1.1278e-10,-1.04954e-10,0.0042142
C_MW9_081,-0.0012587,1.30169e-18,-0.0012587,-0.0012587,-0.0012587,-0.0012587,5.73738e-12,1.59852e-10,-1.91482e-16,5.00282e-09,1.65589e-10,-1.54114e-10,0.0012587
C_MW9_082,0.0074671,1.56203e-17,0.0074671,0.0074671,0.0074671,0.0074671,8.37642e-12,2.33741e-10,-3.07129e-16,7.31571e-09,2.42118e-10,-2.25365e-10,0.00746709
C_MW9_083,-0.014327,7.81016e-17,-0.014327,-0.014327,-0.014327,-0.014327,1.21442e-11,3.39337e-10,-4.31938e-16,1.06211e-08,3.51481e-10,-3.27192e-10,0.014327
C_MW9_084,0.0084396,3.64474e-17,0.0084396,0.0084396,0.0084396,0.0084396,1.74839e-11,4.8932e-10,-5.45598e-16,1.53163e-08,5.06804e-10,-4.71836e-10,0.00843958
C_MW9_085,-0.0006365,2.82034e-18,-0.0006365,-0.0006365,-0.0006365,-0.0006365,2.4981e-11,6.99973e-10,-6.1158e-16,2.19108e-08,7.24954e-10,-6.74992e-10,0.0006365
C_MW9_086,-0.018745,6.94237e-18,-0.018745,-0.018745,-0.018745,-0.018745,3.5489e-11,9.95427e-10,-5.72773e-16,3.11601e-08,1.03092e-09,-9.59938e-10,0.018745
C_MW9_087,-0.0009704,4.44745e-18,-0.0009704,-0.0009704,-0.0009704,-0.0009704,5.01271e-11,1.40729e-09,-4.24401e-16,4.4054e-08,1.45742e-09,-1.35716e-09,0.0009704
C_MW9_088,0.0064796,1.64881e-17,0.0064796,0.0064796,0.0064796,0.0064796,7.04323e-11,1.97906e-09,-1.5988e-16,6.19539e-08,2.04949e-09,-1.90862e-09,0.00647954
C_MW9_089,-0.0040511,1.82237e-17,-0.0040511,-0.0040511,-0.0040511,-0.0040511,9.83242e-11,2.76464e-09,-1.75497e-19,8.65481e-08,2.86297e-09,-2.66632e-09,0.0040511
C_MW9_090,0.014082,4.85966e-17,0.014082,0.014082,0.014082,0.014082,1.36454e-10,3.83881e-09,-2.57625e-19,1.20177e-07,3.97527e-09,-3.70236e-09,0.0140819
C_MW9_091,0.013211,5.20677e-17,0.013211,0.013211,0.013211,0.013211,1.88224e-10,5.29724e-09,-3.70073e-21,1.65835e-07,5.48546e-09,-5.10901e-09,0.0132108
C_MW9_092,-0.0052778,7.81016e-18,-0.0052778,-0.0052778,-0.0052778,-0.0052778,2.58107e-10,7.26566e-09,-3.98068e-21,2.2746e-07,7.52376e-09,-7.00755e-09,0.0052778
C_MW9_093,-0.0068231,2.86373e-17,-0.0068231,-0.0068231,-0.0068231,-0.0068231,3.51872e-10,9.90611e-09,-4.22371e-21,3.10122e-07,1.0258e-08,-9.55424e-09,0.0068231
C_MW9_094,-0.0015358,2.16949e-18,-0.0015358,-0.0015358,-0.0015358,-0.0015358,4.77015e-10,1.34288e-08,-4.40887e-21,4.20402e-07,1.39058e-08,-1.29518e-08,0.0015358
C_MW9_095,-0.0039922,6.07457e-18,-0.0039922,-0.0039922,-0.0039922,-0.0039922,6.43082e-10,1.81013e-08,-4.51001e-21,5.66676e-07,1.87444e-08,-1.74582e-08,0.0039922
C_MW9_096,0.0076859,2.77695e-17,0.0076859,0.0076859,0.0076859,0.0076859,8.62249e-10,2.42642e-08,-4.49483e-21,7.59604e-07,2.51265e-08,-2.3402e-08,0.00768514
C_MW9_097,0.011351,7.11593e-17,0.011351,0.011351,0.011351,0.011351,1.14986e-09,3.23461e-08,-4.32372e-21,1.0126e-06,3.3496e-08,-3.11963e-08,0.01135
C_MW9_098,0.0070923,2.86373e-17,0.0070923,0.0070923,0.0070923,0.0070923,1.52519e-09,4.28842e-08,-8.27427e-21,1.34247e-06,4.44094e-08,-4.1359e-08,0.00709096
C_MW9_099,0.0073852,2.69017e-17,0.0073852,0.0073852,0.0073852,0.0073852,2.01228e-09,5.65467e-08,-1.45711e-20,1.77014e-06,5.8559e-08,-5.45345e-08,0.00738343
C_MW9_100,0.0001575,7.05084e-19,0.0001575,0.0001575,0.0001575,0.0001575,2.64091e-09,7.416e-08,-2.4598e-20,2.32145e-06,7.68009e-08,-7.15191e-08,0.000155179
C_MW10_001,-0.0005705,0,-0.0005705,-0.0005705,-0.0005705,-0.0005705,1.30061e-28,3.17602e-27,0,9.81434e-26,3.30608e-27,-3.04596e-27,0.0005705
C_MW10_002,-0.0060527,2.51661e-17,-0.0060527,-0.0060527,-0.0060527,-0.0060527,1.34201e-27,3.15367e-26,0,9.68439e-25,3.28787e-26,-3.01947e-26,0.0060527
C_MW10_003,0.023604,3.12406e-17,0.023604,0.023604,0.023604,0.023604,8.22349e-27,1.86029e-25,0,5.67046e-24,1.94253e-25,-1.77806e-25,0.023604
C_MW10_004,0.009695,3.12406e-17,0.009695,0.009695,0.009695,0.009695,3.54181e-26,7.7421e-25,0,2.34456e-23,8.09628e-25,-7.38792e-25,0.009695
C_MW10_005,0.0065361,7.81016e-18,0.0065361,0.0065361,0.0065361,0.0065361,1.25559e-25,2.67536e-24,-1.96182e-44,8.05643e-23,2.80092e-24,-2.5498e-24,0.0065361
C_MW10_006,-0.0057683,3.12406e-17,-0.0057683,-0.0057683,-0.0057683,-0.0057683,3.76532e-25,7.86275e-24,-1.48958e-42,2.35666e-22,8.23929e-24,-7.48622e-24,0.0057683
C_MW10_007,-0.014179,3.47118e-17,-0.014179,-0.014179,-0.014179,-0.014179,9.91245e-25,2.03715e-23,-1.29802e-41,6.0821e-22,2.13627e-23,-1.93802e-23,0.014179
C_MW10_008,-0.006731,2.16949e-17,-0.006731,-0.006731,-0.006731,-0.006731,2.3274e-24,4.74398e-23,-7.64086e-41,1.41427e-21,4.97672e-23,-4.51124e-23,0.006731
C_MW10_009,-0.0035662,1.47525e-17,-0.0035662,-0.0035662,-0.0035662,-0.0035662,4.89897e-24,1.00204e-22,-3.63976e-40,2.9949e-21,1.05103e-22,-9.53048e-23,0.0035662
C_MW10_010,-0.0028948,3.47118e-18,-0.0028948,-0.0028948,-0.0028948,-0.0028948,9.24404e-24,1.92946e-22,-2.40383e-39,5.80633e-21,2.0219e-22,-1.83702e-22,0.0028948
C_MW10_011,0.0069204,9.54575e-18,0.0069204,0.0069204,0.0069204,0.0069204,1.53371e-23,3.37338e-22,-1.57512e-37,1.02702e-20,3.52676e-22,-3.22001e-22,0.0069204
C_MW10_012,-0.0031307,8.24406e-18,-0.0031307,-0.0031307,-0.0031307,-0.0031307,2.12873e-23,5.30541e-22,-9.90912e-22,1.6379e-20,5.51828e-22,-5.09254e-22,0.0031307
C_MW10_013,0.0069138,3.21084e-17,0.0069138,0.0069138,0.0069138,0.0069138,2.06822e-23,7.41514e-22,-4.08725e-21,2.28297e-20,7.62196e-22,-7.20831e-22,0.0069138
C_MW10_014,0.0054951,6.94237e-18,0.0054951,0.0054951,0.0054951,0.0054951,-1.18246e-24,9.55767e-22,-1.14223e-20,2.55111e-20,9.54584e-22,-9.56949e-22,0.0054951
C_MW10_015,0.0073858,5.20677e-18,0.0073858,0.0073858,0.0073858,0.0073858,-7.43101e-23,1.5081e-21,-3.3053e-20,1.44173e-20,1.43379e-21,-1.58241e-21,0.0073858
C_MW10_016,-0.0004402,1.41017e-18,-0.0004402,-0.0004402,-0.0004402,-0.0004402,-2.50799e-22,3.51458e-21,-8.34041e-20,1.02393e-22,3.26378e-21,-3.76538e-21,0.0004402
C_MW10_017,0.0083006,2.77695e-17,0.0083006,0.0083006,0.0083006,0.0083006,-6.1888e-22,8.32735e-21,-1.80803e-19,4.04935e-23,7.70847e-21,-8.94623e-21,0.0083006
C_MW10_018,0.0021432,8.67796e-18,0.0021432,0.0021432,0.0021432,0.0021432,-1.31608e-21,1.78075e-20,-3.55968e-19,9.84306e-24,1.64914e-20,-1.91236e-20,0.0021432
C_MW10_019,0.0025491,3.90508e-18,0.0025491,0.0025491,0.0025491,0.0025491,-2.5451e-21,3.46943e-20,-7.45346e-19,8.028e-26,3.21492e-20,-3.72394e-20,0.0025491
C_MW10_020,-0.000945,1.08474e-19,-0.000945,-0.000945,-0.000945,-0.000945,-4.59166e-21,6.28156e-20,-1.41785e-18,2.00698e-31,5.82239e-20,-6.74072e-20,0.000945
C_MW10_021,-0.0005741,2.60339e-18,-0.0005741,-0.0005741,-0.0005741,-0.0005741,-7.87432e-21,1.07753e-19,-2.50518e-18,1.92911e-36,9.98789e-20,-1.15628e-19,0.0005741
C_MW10_022,0.0028715,3.90508e-18,0.0028715,0.0028715,0.0028715,0.0028715,-1.29286e-20,1.7617e-19,-4.1613e-18,2.8026e-45,1.63242e-19,-1.89099e-19,0.0028715
C_MW10_023,0.0073049,3.55796e-17,0.0073049,0.0073049,0.0073049,0.0073049,-2.04166e-20,2.76422e-19,-6.61678e-18,7.00649e-45,2.56005e-19,-2.96838e-19,0.0073049
C_MW10_024,-0.0063109,2.08271e-17,-0.0063109,-0.0063109,-0.0063109,-0.0063109,-3.11624e-20,4.18505e-19,-1.01241e-17,1.68156e-44,3.87343e-19,-4.49668e-19,0.0063109
C_MW10_025,-0.0022766,6.94237e-18,-0.0022766,-0.0022766,-0.0022766,-0.0022766,-4.62364e-20,6.15569e-19,-1.49724e-17,1.74033e-40,5.69333e-19,-6.61805e-19,0.0022766
C_MW10_026,0.0011799,5.85762e-18,0.0011799,0.0011799,0.0011799,0.0011799,-6.71346e-20,8.86069e-19,-2.15395e-17,7.13278e-40,8.18934e-19,-9.53203e-19,0.0011799
C_MW10_027,0.011606,3.47118e-18,0.011606,0.011606,0.011606,0.011606,-9.54637e-20,1.25109e-18,-3.03123e-17,1.98098e-39,1.15563e-18,-1.34655e-18,0.011606
C_MW10_028,0.0007763,3.25423e-18,0.0007763,0.0007763,0.0007763,0.0007763,-1.31104e-19,1.69249e-18,-4.0346e-17,4.7217e-39,1.56138e-18,-1.82359e-18,0.0007763
C_MW10_029,0.0069574,3.73152e-17,0.0069574,0.0069574,0.0069574,0.0069574,-1.78125e-19,2.27547e-18,-5.37008e-17,7.50888e-34,2.09735e-18,-2.4536e-18,0.0069574
C_MW10_030,0.0097149,3.64474e-17,0.0097149,0.0097149,0.0097149,0.0097149,-2.44746e-19,3.13393e-18,-7.48122e-17,3.65578e-33,2.88919e-18,-3.37868e-18,0.0097149
C_MW10_031,0.0009711,2.06101e-18,0.0009711,0.0009711,0.0009711,0.0009711,-3.21664e-19,4.02864e-18,-9.34066e-17,1.03901e-32,3.70698e-18,-4.3503e-18,0.0009711
C_MW10_032,0.016069,2.42983e-17,0.016069,0.016069,0.016069,0.016069,-4.24159e-19,5.30446e-18,-1.23622e-16,2.46578e-32,4.88031e-18,-5.72862e-18,0.016069
C_MW10_033,-0.0088311,1.90915e-17,-0.0088311,-0.0088311,-0.0088311,-0.0088311,-5.64593e-19,7.18525e-18,-1.7012e-16,1.13148e-18,6.62065e-18,-7.74984e-18,0.0088311
C_MW10_034,-0.012624,5.72745e-17,-0.012624,-0.012624,-0.012624,-0.012624,-7.51088e-19,9.5511e-18,-2.27402e-16,3.48942e-18,8.80001e-18,-1.03022e-17,0.012624
C_MW10_035,-0.010541,4.85966e-17,-0.010541,-0.010541,-0.010541,-0.010541,-9.5899e-19,1.1946e-17,-2.75398e-16,4.24699e-18,1.0987e-17,-1.2905e-17,0.010541
C_MW10_036,-0.0075086,1.21491e-17,-0.0075086,-0.0075086,-0.0075086,-0.0075086,-1.16356e-18,1.37055e-17,-2.7058e-16,3.87867e-31,1.2542e-17,-1.48691e-17,0.0075086
C_MW10_037,-0.005132,5.20677e-18,-0.005132,-0.005132,-0.005132,-0.005132,-1.33353e-18,1.51577e-17,-3.30168e-16,7.03483e-31,1.38241e-17,-1.64912e-17,0.005132
C_MW10_038,-0.0021386,6.94237e-18,-0.0021386,-0.0021386,-0.0021386,-0.0021386,-1.45093e-18,1.80323e-17,-4.50977e-16,1.24568e-30,1.65814e-17,-1.94832e-17,0.0021386
C_MW10_039,0.0041102,2.77695e-17,0.0041102,0.0041102,0.0041102,0.0041102,-1.43671e-18,2.48065e-17,-5.82024e-16,3.17177e-16,2.33698e-17,-2.62432e-17,0.0041102
C_MW10_040,-0.004097,1.21491e-17,-0.004097,-0.004097,-0.004097,-0.004097,-9.68539e-19,4.22616e-17,-6.87933e-16,1.0227e-15,4.1293e-17,-4.32301e-17,0.004097
C_MW10_041,-0.0047857,1.12813e-17,-0.0047857,-0.0047857,-0.0047857,-0.0047857,5.02582e-19,8.63626e-17,-7.46678e-16,2.5344e-15,8.68652e-17,-8.586e-17,0.0047857
C_MW10_042,0.006232,1.21491e-17,0.006232,0.006232,0.006232,0.006232,3.81247e-18,1.80187e-16,-7.81175e-16,5.54245e-15,1.83999e-16,-1.76374e-16,0.006232
C_MW10_043,-0.0012281,4.98983e-18,-0.0012281,-0.0012281,-0.0012281,-0.0012281,1.03367e-17,3.55001e-16,-8.03303e-16,1.10428e-14,3.65338e-16,-3.44665e-16,0.0012281
C_MW10_044,0.0026838,4.77288e-18,0.0026838,0.0026838,0.0026838,0.0026838,2.19045e-17,6.56163e-16,-7.49059e-16,2.04542e-14,6.78068e-16,-6.34259e-16,0.0026838
C_MW10_045,-0.0036893,6.07457e-18,-0.0036893,-0.0036893,-0.0036893,-0.0036893,4.37925e-17,1.22415e-15,-5.44502e-16,3.81963e-14,1.26794e-15,-1.18035e-15,0.0036893
C_MW10_046,-0.012237,3.12406e-17,-0.012237,-0.012237,-0.012237,-0.012237,8.19815e-17,2.19364e-15,-1.06038e-16,6.84553e-14,2.27562e-15,-2.11166e-15,0.012237
C_MW10_047,-0.0001207,5.15254e-19,-0.0001207,-0.0001207,-0.0001207,-0.0001207,1.47561e-16,3.83989e-15,-1.1773e-16,1.19789e-13,3.98745e-15,-3.69233e-15,0.0001207
C_MW10_048,-0.000773,2.71186e-18,-0.000773,-0.000773,-0.000773,-0.000773,2.59631e-16,6.61926e-15,-1.23647e-16,2.06385e-13,6.87889e-15,-6.35963e-15,0.000773
C_MW10_049,0.0040371,5.20677e-18,0.0040371,0.0040371,0.0040371,0.0040371,4.47214e-16,1.12903e-14,-1.37469e-16,3.51944e-13,1.17375e-14,-1.08431e-14,0.0040371
C_MW10_050,0.0003916,2.27796e-18,0.0003916,0.0003916,0.0003916,0.0003916,7.61187e-16,1.91253e-14,-1.48336e-16,5.96101e-13,1.98865e-14,-1.83641e-14,0.0003916
C_MW10_051,-0.0077392,2.95051e-17,-0.0077392,-0.0077392,-0.0077392,-0.0077392,1.28132e-15,3.21922e-14,-1.54522e-16,1.00341e-12,3.34735e-14,-3.09108e-14,0.0077392
C_MW10_052,0.014882,3.99186e-17,0.014882,0.014882,0.014882,0.014882,2.14498e-15,5.39918e-14,-1.53573e-16,1.68303e-12,5.61368e-14,-5.18468e-14,0.014882
C_MW10_053,-0.011825,2.25627e-17,-0.011825,-0.011825,-0.011825,-0.011825,3.57698e-15,9.04436e-14,-1.43258e-16,2.81982e-12,9.40206e-14,-8.68666e-14,0.011825
C_MW10_054,-0.01822,1.73559e-17,-0.01822,-0.01822,-0.01822,-0.01822,5.95361e-15,1.51493e-13,-1.27691e-16,4.72443e-12,1.57447e-13,-1.4554e-13,0.01822
C_MW10_055,-0.0062531,3.03729e-17,-0.0062531,-0.0062531,-0.0062531,-0.0062531,9.90163e-15,2.53914e-13,-9.55529e-17,7.92092e-12,2.63816e-13,-2.44013e-13,0.0062531
C_MW10_056,-0.0051199,1.21491e-17,-0.0051199,-0.0051199,-0.0051199,-0.0051199,1.64662e-14,4.25937e-13,-3.51614e-17,1.32916e-11,4.42403e-13,-4.09471e-13,0.0051199
C_MW10_057,0.0050251,1.90915e-17,0.0050251,0.0050251,0.0050251,0.0050251,2.73826e-14,7.14673e-13,-3.12913e-17,2.2309e-11,7.42056e-13,-6.8729e-13,0.0050251
C_MW10_058,-0.0055972,2.86373e-17,-0.0055972,-0.0055972,-0.0055972,-0.0055972,4.5503e-14,1.19839e-12,-2.20543e-17,3.74201e-11,1.2439e-12,-1.15289e-12,0.0055972
C_MW10_059,5.64e-05,1.22034e-19,5.64e-05,5.64e-05,5.64e-05,5.64e-05,7.55145e-14,2.00627e-12,-1.16801e-17,6.26634e-11,2.08179e-12,-1.93076e-12,5.63999e-05
C_MW10_060,0.00238,3.03729e-18,0.00238,0.00238,0.00238,0.00238,1.25022e-13,3.34902e-12,-1.03794e-17,1.04627e-10,3.47404e-12,-3.22399e-12,0.00238
C_MW10_061,0.0068126,3.8183e-17,0.0068126,0.0068126,0.0068126,0.0068126,2.06873e-13,5.58439e-12,-1.10188e-17,1.74499e-10,5.79127e-12,-5.37752e-12,0.0068126
C_MW10_062,-0.016014,8.33084e-17,-0.016014,-0.016014,-0.016014,-0.016014,3.40937e-13,9.26539e-12,-1.14332e-17,2.89571e-10,9.60632e-12,-8.92445e-12,0.016014
C_MW10_063,0.0023587,4.33898e-19,0.0023587,0.0023587,0.0023587,0.0023587,5.57069e-13,1.52182e-11,-1.15125e-17,4.75669e-10,1.57752e-11,-1.46611e-11,0.0023587
C_MW10_064,-0.012147,1.73559e-17,-0.012147,-0.012147,-0.012147,-0.012147,9.03883e-13,2.47941e-11,-1.13068e-17,7.75044e-10,2.5698e-11,-2.38902e-11,0.012147
C_MW10_065,0.010914,5.03322e-17,0.010914,0.010914,0.010914,0.010914,1.45742e-12,4.01078e-11,-1.06238e-17,1.25381e-09,4.15652e-11,-3.86503e-11,0.010914
C_MW10_066,-0.0075782,3.47118e-18,-0.0075782,-0.0075782,-0.0075782,-0.0075782,2.33073e-12,6.43058e-11,-9.22832e-18,2.01034e-09,6.66365e-11,-6.1975e-11,0.0075782
C_MW10_067,-0.0068492,0,-0.0068492,-0.0068492,-0.0068492,-0.0068492,3.70233e-12,1.02315e-10,-6.85859e-18,3.19864e-09,1.06017e-10,-9.86127e-11,0.0068492
C_MW10_068,0.0050369,1.73559e-17,0.0050369,0.0050369,0.0050369,0.0050369,5.83902e-12,1.61552e-10,-3.35896e-18,5.05056e-09,1.67391e-10,-1.55713e-10,0.00503689
C_MW10_069,-0.0003399,1.62712e-19,-0.0003399,-0.0003399,-0.0003399,-0.0003399,9.1404e-12,2.53106e-10,-1.8593e-18,7.91279e-09,2.62246e-10,-2.43966e-10,0.0003399
C_MW10_070,-0.0010286,3.68813e-18,-0.0010286,-0.0010286,-0.0010286,-0.0010286,1.41842e-11,3.92752e-10,-1.98317e-18,1.22782e-08,4.06936e-10,-3.78568e-10,0.0010286
C_MW10_071,0.0068624,7.81016e-18,0.0068624,0.0068624,0.0068624,0.0068624,2.18687e-11,6.05269e-10,-2.18804e-18,1.89213e-08,6.27138e-10,-5.834e-10,0.00686238
C_MW10_072,-0.0049431,1.90915e-17,-0.0049431,-0.0049431,-0.0049431,-0.0049431,3.35379e-11,9.27373e-10,-2.3847e-18,2.89892e-08,9.6091e-10,-8.93835e-10,0.0049431
C_MW10_073,-0.0060965,3.21084e-17,-0.0060965,-0.0060965,-0.0060965,-0.0060965,5.10655e-11,1.4106e-09,-2.56327e-18,4.40927e-08,1.46167e-09,-1.35954e-09,0.0060965
C_MW10_074,0.0099647,1.38847e-17,0.0099647,0.0099647,0.0099647,0.0099647,7.71438e-11,2.12792e-09,-2.71198e-18,6.65107e-08,2.20507e-09,-2.05078e-09,0.00996463
C_MW10_075,-0.0054803,2.08271e-17,-0.0054803,-0.0054803,-0.0054803,-0.0054803,1.15595e-10,3.18266e-09,-2.81767e-18,9.94703e-08,3.29826e-09,-3.06707e-09,0.0054803
C_MW10_076,0.0017775,8.67796e-18,0.0017775,0.0017775,0.0017775,0.0017775,1.71826e-10,4.72003e-09,-2.86481e-18,1.47505e-07,4.89186e-09,-4.5482e-09,0.00177735
C_MW10_077,-0.012138,6.07457e-17,-0.012138,-0.012138,-0.012138,-0.012138,2.53356e-10,6.9421e-09,-2.83562e-18,2.16924e-07,7.19546e-09,-6.68875e-09,0.012138
C_MW10_078,-0.0002708,1.19322e-18,-0.0002708,-0.0002708,-0.0002708,-0.0002708,3.70575e-10,1.01251e-08,-2.70479e-18,3.16346e-07,1.04956e-08,-9.75448e-09,0.0002708
C_MW10_079,-0.0031794,1.95254e-17,-0.0031794,-0.0031794,-0.0031794,-0.0031794,5.37916e-10,1.46505e-08,-2.44222e-18,4.57676e-07,1.51884e-08,-1.41126e-08,0.0031794
C_MW10_080,0.0037497,1.04135e-17,0.0037497,0.0037497,0.0037497,0.0037497,7.74932e-10,2.10327e-08,-2.00282e-18,6.56957e-07,2.18077e-08,-2.02578e-08,0.00374904
C_MW10_081,0.021935,3.8183e-17,0.021935,0.021935,0.021935,0.021935,1.10816e-09,2.99645e-08,-1.35116e-18,9.35787e-07,3.10727e-08,-2.88564e-08,0.0219341
C_MW10_082,-0.01901,3.12406e-17,-0.01901,-0.01901,-0.01901,-0.01901,1.57308e-09,4.23669e-08,-8.21019e-19,1.32287e-06,4.394e-08,-4.07938e-08,0.01901
C_MW10_083,-0.0096559,0,-0.0096559,-0.0096559,-0.0096559,-0.0096559,2.2171e-09,5.94599e-08,-8.62832e-19,1.85622e-06,6.1677e-08,-5.72428e-08,0.0096559
C_MW10_084,-0.0032786,3.47118e-18,-0.0032786,-0.0032786,-0.0032786,-0.0032786,3.10268e-09,8.28386e-08,-8.93733e-19,2.5855e-06,8.59413e-08,-7.97359e-08,0.0032786
C_MW10_085,0.0013468,2.16949e-18,0.0013468,0.0013468,0.0013468,0.0013468,4.31202e-09,1.14586e-07,-9.09503e-19,3.57554e-06,1.18898e-07,-1.10274e-07,0.00134322
C_MW10_086,-0.014426,5.55389e-17,-0.014426,-0.014426,-0.014426,-0.014426,5.95191e-09,1.57384e-07,-9.05212e-19,4.90978e-06,1.63336e-07,-1.51432e-07,0.014426
C_MW10_087,-0.0004943,1.19322e-18,-0.0004943,-0.0004943,-0.0004943,-0.0004943,8.1609e-09,2.14686e-07,-8.75246e-19,6.69555e-06,2.22847e-07,-2.06525e-07,0.0004943
C_MW10_088,-0.0082378,2.25627e-17,-0.0082378,-0.0082378,-0.0082378,-0.0082378,1.11161e-08,2.90858e-07,-8.14077e-19,9.06848e-06,3.01974e-07,-2.79742e-07,0.0082378
C_MW10_089,0.0006483,1.62712e-18,0.0006483,0.0006483,0.0006483,0.0006483,1.50441e-08,3.91437e-07,-7.15728e-19,1.22005e-05,4.06481e-07,-3.76392e-07,0.0006361
C_MW10_090,-0.0093254,1.73559e-18,-0.0093254,-0.0093254,-0.0093254,-0.0093254,2.02313e-08,5.23333e-07,-5.73151e-19,1.63058e-05,5.43564e-07,-5.03101e-07,0.0093254
C_MW10_091,0.027548,1.07607e-16,0.027548,0.027548,0.027548,0.027548,2.70384e-08,6.95172e-07,-3.77433e-19,2.16519e-05,7.22211e-07,-6.68134e-07,0.0275263
C_MW10_092,0.0020726,1.21491e-17,0.0020726,0.0020726,0.0020726,0.0020726,3.59147e-08,9.1755e-07,-1.16929e-19,2.85666e-05,9.53464e-07,-8.81635e-07,0.00204403
C_MW10_093,0.0069819,1.12813e-17,0.0069819,0.0069819,0.0069819,0.0069819,4.7419e-08,1.20351e-06,-5.26069e-20,3.74534e-05,1.25093e-06,-1.15609e-06,0.00694445
C_MW10_094,-0.023049,1.00664e-16,-0.023049,-0.023049,-0.023049,-0.023049,6.22395e-08,1.56887e-06,-4.5421e-20,4.88006e-05,1.63111e-06,-1.50663e-06,0.023049
C_MW10_095,-0.0080449,3.8183e-17,-0.0080449,-0.0080449,-0.0080449,-0.0080449,8.12217e-08,2.03284e-06,-3.48741e-20,6.32009e-05,2.11407e-06,-1.95162e-06,0.0080449
C_MW10_096,-0.0016745,2.60339e-18,-0.0016745,-0.0016745,-0.0016745,-0.0016745,1.0539e-07,2.61835e-06,-2.02239e-20,8.13599e-05,2.72374e-06,-2.51295e-06,0.0016745
C_MW10_097,0.01681,1.73559e-17,0.01681,0.01681,0.01681,0.01681,1.3599e-07,3.35282e-06,-8.06836e-21,0.000104121,3.48881e-06,-3.21683e-06,0.0167059
C_MW10_098,-0.0082853,2.42983e-17,-0.0082853,-0.0082853,-0.0082853,-0.0082853,1.74506e-07,4.26849e-06,-7.82478e-21,0.000132474,4.44299e-06,-4.09398e-06,0.0082853
C_MW10_099,0.0036938,8.24406e-18,0.0036938,0.0036938,0.0036938,0.0036938,2.22727e-07,5.40349e-06,-7.29124e-21,0.000167585,5.62622e-06,-5.18076e-06,0.00352621
C_MW10_100,-0.0089412,1.56203e-17,-0.0089412,-0.0089412,-0.0089412,-0.0089412,2.82766e-07,6.80201e-06,-6.39428e-21,0.000210805,7.08478e-06,-6.51925e-06,0.0089412
