iteration,total_runs,obs_realization,par_realization,conc,pconc
0,982,0,0,2925.21,0
0,982,1,1,10960.4,0
0,982,2,2,3051.82,0
0,982,3,3,14656.1,0
0,982,4,4,14780.7,0
0,982,5,5,23794.2,0
0,982,6,6,38181.6,0
0,982,7,7,51820,0
0,982,8,8,18310.2,0
0,982,9,9,53082,0
0,982,10,10,3116.98,0
0,982,11,11,30404.5,0
0,982,12,12,5326.45,0
0,982,13,13,6395.12,0
0,982,14,14,33717.4,0
0,982,15,15,2943.39,0
0,982,16,16,5979.42,0
0,982,17,17,11342.9,0
0,982,18,18,6751.99,0
0,982,19,19,8749.05,0
0,982,20,20,6230.73,0
0,982,21,21,12644.6,0
0,982,22,22,20736.1,0
0,982,23,23,9739.77,0
0,982,24,24,4505.2,0
0,982,25,25,6648.68,0
0,982,26,26,7874.93,0
0,982,27,27,19906.1,0
0,982,28,28,38161.7,0
0,982,29,29,27846.7,0
0,982,30,30,9382.57,0
0,982,31,31,7015.43,0
0,982,32,32,2883.88,0
0,982,33,33,6424.81,0
0,982,34,34,16386.2,0
0,982,35,35,6655.95,0
0,982,36,36,47448.5,0
0,982,37,37,4908.07,0
0,982,38,38,2053.27,0
0,982,39,39,11756.2,0
0,982,40,40,9213.32,0
0,982,41,41,64573.1,0
0,982,42,42,19832.7,0
0,982,43,43,18718.5,0
0,982,44,44,35252.9,0
0,982,45,45,5341.99,0
0,982,46,46,8705.19,0
0,982,47,47,79790.7,0
0,982,48,48,26588.6,0
0,982,49,49,9109.67,0
0,982,50,50,27788.8,0
0,982,51,51,30434.8,0
0,982,52,52,5260.87,0
0,982,53,53,31078.1,0
0,982,54,54,15697.7,0
0,982,55,55,4410.94,0
0,982,56,56,11160.8,0
0,982,57,57,15793.5,0
0,982,58,58,15004.5,0
0,982,59,59,24007.4,0
0,982,60,60,4748.03,0
0,982,61,61,10950.8,0
0,982,62,62,4271.32,0
0,982,63,63,27083.4,0
0,982,64,64,5620.77,0
0,982,65,65,25680.5,0
0,982,66,66,5848.16,0
0,982,67,67,7705.34,0
0,982,68,68,35666.6,0
0,982,69,69,5340.84,0
0,982,70,70,7336.6,0
0,982,71,71,4442.56,0
0,982,72,72,4936.32,0
0,982,73,73,4529.99,0
0,982,74,74,23004.7,0
0,982,75,75,4798.97,0
0,982,76,76,13346.8,0
0,982,77,77,5312.93,0
0,982,78,78,64417.2,0
0,982,79,79,22497.3,0
0,982,80,80,22288.5,0
0,982,81,81,10112.3,0
0,982,82,82,9051.2,0
0,982,83,83,10387.4,0
0,982,84,84,2318.46,0
0,982,85,85,20328,0
0,982,86,86,5576.34,0
0,982,87,87,8463.72,0
0,982,88,88,22211.3,0
0,982,89,89,4121.06,0
0,982,90,90,13693.6,0
0,982,91,91,52632.7,0
0,982,92,92,9959.6,0
0,982,93,93,14622.3,0
0,982,94,94,8091.77,0
0,982,95,95,9985.98,0
0,982,96,96,2416.25,0
0,982,97,97,3815.71,0
0,982,98,98,72286.4,0
0,982,99,99,7728.4,0
0,982,100,100,18555.6,0
0,982,101,101,6316.11,0
0,982,102,102,12625.9,0
0,982,103,103,8343.21,0
0,982,104,104,2474.41,0
0,982,105,105,4714.82,0
0,982,106,106,9046.49,0
0,982,107,107,12878.8,0
0,982,108,108,14894.3,0
0,982,109,109,14530.7,0
0,982,110,110,39995.2,0
0,982,111,111,18406.5,0
0,982,113,113,4609.8,0
0,982,114,114,13329.2,0
0,982,115,115,11858,0
0,982,116,116,4965.43,0
0,982,117,117,11365.1,0
0,982,118,118,12666.8,0
0,982,119,119,14160,0
0,982,120,120,21032.7,0
0,982,121,121,57982.4,0
0,982,122,122,5270.93,0
0,982,123,123,17662.7,0
0,982,124,124,6861.03,0
0,982,125,125,8890.87,0
0,982,126,126,18346.7,0
0,982,127,127,36380.2,0
0,982,128,128,3382.47,0
0,982,129,129,5674.72,0
0,982,130,130,4626.05,0
0,982,131,131,4214.72,0
0,982,132,132,31205.2,0
0,982,133,133,4792.5,0
0,982,134,134,7442.54,0
0,982,135,135,10968.3,0
0,982,136,136,27422.5,0
0,982,137,137,17563.8,0
0,982,138,138,4463.87,0
0,982,139,139,10566.9,0
0,982,140,140,7641.76,0
0,982,142,142,11880.9,0
0,982,143,143,20106.2,0
0,982,144,144,3518.15,0
0,982,145,145,29488.6,0
0,982,146,146,12502.6,0
0,982,147,147,54117.5,0
0,982,148,148,6759.28,0
0,982,149,149,7413.05,0
0,982,150,150,5201.64,0
0,982,151,151,6993.48,0
0,982,152,152,9692.44,0
0,982,153,153,32008.3,0
0,982,154,154,12102.3,0
0,982,155,155,6169.61,0
0,982,156,156,27976.5,0
0,982,157,157,11581.7,0
0,982,158,158,14811.8,0
0,982,159,159,9662.32,0
0,982,160,160,27704.4,0
0,982,161,161,6561.67,0
0,982,162,162,4770.54,0
0,982,163,163,39847.3,0
0,982,164,164,109086,0
0,982,165,165,28210,0
0,982,166,166,3400.18,0
0,982,167,167,3036.88,0
0,982,168,168,32028.5,0
0,982,169,169,5615.89,0
0,982,170,170,25620.4,0
0,982,171,171,13432.3,0
0,982,172,172,9658.34,0
0,982,173,173,9635.52,0
0,982,174,174,3815.03,0
0,982,175,175,5244.06,0
0,982,176,176,11151.3,0
0,982,177,177,89567.8,0
0,982,178,178,5768.08,0
0,982,179,179,81770.5,0
0,982,180,180,52927.8,0
0,982,181,181,6820.9,0
0,982,182,182,20855.5,0
0,982,183,183,13441.7,0
0,982,184,184,20920.8,0
0,982,185,185,5083.22,0
0,982,186,186,9679.43,0
0,982,187,187,8056.62,0
0,982,188,188,35173.3,0
0,982,189,189,52691.6,0
0,982,190,190,11344,0
0,982,191,191,15236.1,0
0,982,192,192,5867.28,0
0,982,193,193,18802.2,0
0,982,194,194,29174.2,0
0,982,195,195,2240.24,0
0,982,196,196,23071.2,0
0,982,197,197,26398.8,0
0,982,198,198,7976.24,0
0,982,199,199,16319.6,0
0,982,200,200,4030.47,0
0,982,201,201,20544.7,0
0,982,202,202,4230.17,0
0,982,203,203,28624.3,0
0,982,204,204,3640.75,0
0,982,205,205,9021.29,0
0,982,206,206,36685.8,0
0,982,207,207,6933.21,0
0,982,208,208,8093.23,0
0,982,209,209,8273.17,0
0,982,210,210,19877.6,0
0,982,211,211,51572.1,0
0,982,212,212,93075.4,0
0,982,213,213,42316.6,0
0,982,214,214,6219.71,0
0,982,215,215,8065.93,0
0,982,216,216,24639.6,0
0,982,217,217,7283.5,0
0,982,218,218,23568,0
0,982,219,219,4328.75,0
0,982,220,220,34947.9,0
0,982,221,221,8303.41,0
0,982,223,223,30928.4,0
0,982,224,224,6056.88,0
0,982,225,225,3851.03,0
0,982,226,226,5011.17,0
0,982,227,227,13015.9,0
0,982,228,228,17094.8,0
0,982,229,229,2527.24,0
0,982,230,230,7588.2,0
0,982,231,231,11894.7,0
0,982,232,232,22172,0
0,982,233,233,11587.4,0
0,982,234,234,8278.02,0
0,982,235,235,7060.5,0
0,982,236,236,35849.9,0
0,982,237,237,9770.78,0
0,982,238,238,4596.8,0
0,982,239,239,4709.84,0
0,982,240,240,15256.6,0
0,982,241,241,11159.1,0
0,982,242,242,5572.41,0
0,982,243,243,22292,0
0,982,244,244,21999.6,0
0,982,245,245,22962,0
0,982,246,246,8273.31,0
0,982,248,248,5367.46,0
0,982,249,249,25219,0
0,982,250,250,27374.4,0
0,982,251,251,99945.8,0
0,982,252,252,11699,0
0,982,253,253,17257,0
0,982,254,254,23057.2,0
0,982,255,255,37790.1,0
0,982,256,256,10145.5,0
0,982,257,257,10812.5,0
0,982,260,260,2838.29,0
0,982,261,261,33200.6,0
0,982,262,262,5060.11,0
0,982,263,263,10843.2,0
0,982,264,264,12297,0
0,982,265,265,28731.6,0
0,982,266,266,3626.18,0
0,982,267,267,14323.5,0
0,982,268,268,33511,0
0,982,269,269,18477.8,0
0,982,270,270,5230.05,0
0,982,271,271,27978.8,0
0,982,272,272,21521.4,0
0,982,273,273,10775.9,0
0,982,274,274,22412,0
0,982,275,275,4030.78,0
0,982,276,276,9544.02,0
0,982,277,277,11094.2,0
0,982,278,278,17089.9,0
0,982,279,279,12922.3,0
0,982,280,280,24062,0
0,982,281,281,8126.59,0
0,982,282,282,10915,0
0,982,283,283,10348.7,0
0,982,284,284,1869.64,0
0,982,285,285,5043.25,0
0,982,286,286,4401.67,0
0,982,287,287,6448.67,0
0,982,288,288,18667.9,0
0,982,289,289,4220.43,0
0,982,290,290,16978.3,0
0,982,291,291,16152,0
0,982,292,292,2469.18,0
0,982,293,293,13154.5,0
0,982,294,294,9124.88,0
0,982,295,295,7726.48,0
0,982,296,296,49418.6,0
0,982,297,297,18529.2,0
0,982,298,298,37153.8,0
0,982,299,299,38114.9,0
0,982,300,300,7512.44,0
0,982,301,301,11237.4,0
0,982,302,302,22511.7,0
0,982,303,303,16424.6,0
0,982,304,304,33714.7,0
0,982,305,305,4741.13,0
0,982,306,306,22652,0
0,982,307,307,6238.1,0
0,982,308,308,11462.3,0
0,982,309,309,25748.2,0
0,982,310,310,40015.4,0
0,982,311,311,56416.5,0
0,982,312,312,5328.75,0
0,982,313,313,117433,0
0,982,314,314,3998.22,0
0,982,315,315,6238.93,0
0,982,316,316,7868.85,0
0,982,317,317,48679.2,0
0,982,318,318,6602.39,0
0,982,319,319,6675.66,0
0,982,320,320,6936.43,0
0,982,321,321,83322.3,0
0,982,322,322,4317.59,0
0,982,323,323,33202.8,0
0,982,324,324,5066.65,0
0,982,325,325,85886.7,0
0,982,326,326,15368.4,0
0,982,327,327,8570.1,0
0,982,328,328,36053.2,0
0,982,329,329,28124.4,0
0,982,330,330,6335.96,0
0,982,332,332,13558.8,0
0,982,333,333,4826.53,0
0,982,334,334,3398.24,0
0,982,335,335,37821.6,0
0,982,336,336,22155.8,0
0,982,337,337,21396,0
0,982,338,338,8107.23,0
0,982,340,340,19693.6,0
0,982,341,341,5548.79,0
0,982,343,343,37038.9,0
0,982,344,344,5921.73,0
0,982,345,345,9001.66,0
0,982,346,346,2988.16,0
0,982,347,347,19951,0
0,982,348,348,11115,0
0,982,349,349,4270.44,0
0,982,350,350,53284.4,0
0,982,351,351,8962,0
0,982,352,352,19305.8,0
0,982,353,353,6045.83,0
0,982,354,354,11910.8,0
0,982,355,355,6545.46,0
0,982,356,356,3273.5,0
0,982,357,357,23443.6,0
0,982,358,358,9598.34,0
0,982,359,359,5385.87,0
0,982,360,360,5827.58,0
0,982,361,361,16501.4,0
0,982,362,362,9714.74,0
0,982,363,363,33501.9,0
0,982,364,364,3218.63,0
0,982,365,365,18309.8,0
0,982,366,366,49811.9,0
0,982,367,367,38049.3,0
0,982,368,368,17007.2,0
0,982,369,369,72475.1,0
0,982,370,370,8472.52,0
0,982,371,371,22220.9,0
0,982,372,372,19483.2,0
0,982,373,373,13645.6,0
0,982,374,374,19155.4,0
0,982,376,376,35680.6,0
0,982,377,377,23098,0
0,982,378,378,22979.8,0
0,982,379,379,3383.83,0
0,982,380,380,27021.9,0
0,982,381,381,14824.5,0
0,982,382,382,8945.88,0
0,982,383,383,43399.4,0
0,982,384,384,1733.38,0
0,982,385,385,6386.27,0
0,982,386,386,2471.53,0
0,982,387,387,13990.2,0
0,982,388,388,13871.5,0
0,982,389,389,27459,0
0,982,390,390,4929.87,0
0,982,391,391,8507.79,0
0,982,392,392,30502.9,0
0,982,393,393,12079.9,0
0,982,394,394,12288.3,0
0,982,395,395,19322,0
0,982,396,396,22783.6,0
0,982,397,397,12376.3,0
0,982,398,398,35103.4,0
0,982,399,399,6215.08,0
0,982,400,400,16949.5,0
0,982,401,401,55237.8,0
0,982,402,402,6646.54,0
0,982,403,403,10399.9,0
0,982,404,404,10199.3,0
0,982,405,405,2947.03,0
0,982,406,406,6003.93,0
0,982,407,407,5541.69,0
0,982,408,408,16140.5,0
0,982,409,409,12648.1,0
0,982,410,410,15684.7,0
0,982,411,411,9741.73,0
0,982,412,412,7596.11,0
0,982,413,413,19413.5,0
0,982,414,414,4257.22,0
0,982,415,415,4595.15,0
0,982,416,416,7409.31,0
0,982,417,417,39098.9,0
0,982,418,418,17853.6,0
0,982,419,419,9822.5,0
0,982,420,420,18215.1,0
0,982,421,421,14641.9,0
0,982,422,422,5253.43,0
0,982,423,423,16683.7,0
0,982,424,424,39046.3,0
0,982,425,425,10279,0
0,982,426,426,23381.8,0
0,982,427,427,11076.2,0
0,982,429,429,4063.96,0
0,982,430,430,13841.1,0
0,982,431,431,35588,0
0,982,432,432,6348.57,0
0,982,433,433,10353.5,0
0,982,434,434,4149.76,0
0,982,435,435,15552.4,0
0,982,436,436,10993.4,0
0,982,437,437,12136.9,0
0,982,438,438,10389.4,0
0,982,439,439,5785.26,0
0,982,440,440,16697.3,0
0,982,441,441,8236.98,0
0,982,442,442,10036.1,0
0,982,443,443,20422.5,0
0,982,444,444,4658.22,0
0,982,445,445,4774.1,0
0,982,446,446,17752.9,0
0,982,447,447,5955.91,0
0,982,448,448,13112.5,0
0,982,449,449,24751.4,0
0,982,450,450,5584.95,0
0,982,451,451,13525.4,0
0,982,452,452,8307.17,0
0,982,453,453,23226.1,0
0,982,454,454,21359,0
0,982,455,455,8045.85,0
0,982,456,456,41842.3,0
0,982,457,457,4095.6,0
0,982,458,458,26140.3,0
0,982,459,459,36864.8,0
0,982,460,460,38362,0
0,982,461,461,5246.67,0
0,982,462,462,39410.2,0
0,982,463,463,5378.03,0
0,982,464,464,4726.86,0
0,982,465,465,3092.51,0
0,982,466,466,19458.7,0
0,982,467,467,11387.1,0
0,982,468,468,16945.1,0
0,982,469,469,6723.91,0
0,982,470,470,6366.9,0
0,982,471,471,24432.2,0
0,982,472,472,12866,0
0,982,473,473,21309.8,0
0,982,474,474,5719.8,0
0,982,475,475,19382.6,0
0,982,476,476,4676.69,0
0,982,477,477,20575.4,0
0,982,478,478,93177.6,0
0,982,479,479,7317.3,0
0,982,480,480,2640.41,0
0,982,481,481,2629.31,0
0,982,482,482,59155.9,0
0,982,483,483,27032,0
0,982,484,484,13364.4,0
0,982,485,485,7312.58,0
0,982,486,486,9338.82,0
0,982,487,487,16249.4,0
0,982,488,488,13214.3,0
0,982,489,489,39049.1,0
0,982,490,490,10681.7,0
0,982,492,492,3772.79,0
0,982,493,493,19426.7,0
0,982,494,494,40381.9,0
0,982,495,495,1909.89,0
0,982,496,496,2470.88,0
0,982,497,497,3441.67,0
0,982,498,498,8250.14,0
0,982,499,499,26929.2,0
0,982,500,500,5694.11,0
0,982,501,501,4746.75,0
0,982,502,502,2322.17,0
0,982,503,503,41341.7,0
0,982,504,504,7372.08,0
0,982,505,505,23310.5,0
0,982,506,506,53842.1,0
0,982,507,507,8526.11,0
0,982,508,508,8711.85,0
0,982,509,509,2438.37,0
0,982,510,510,25539.9,0
0,982,511,511,5935.72,0
0,982,512,512,20389.7,0
0,982,513,513,4969.76,0
0,982,514,514,8158.88,0
0,982,515,515,9346.5,0
0,982,516,516,5214.14,0
0,982,517,517,11562.1,0
0,982,518,518,8867.42,0
0,982,519,519,16342,0
0,982,520,520,6214.33,0
0,982,521,521,4300.1,0
0,982,522,522,7200.83,0
0,982,523,523,53631.2,0
0,982,524,524,10310.4,0
0,982,525,525,55302.9,0
0,982,526,526,5881.64,0
0,982,527,527,22196.3,0
0,982,528,528,29137,0
0,982,529,529,99524.4,0
0,982,530,530,15283.8,0
0,982,531,531,9570.48,0
0,982,532,532,2445.79,0
0,982,533,533,33738.4,0
0,982,534,534,3088.46,0
0,982,535,535,5346.9,0
0,982,536,536,3341.99,0
0,982,537,537,28692.6,0
0,982,538,538,3818.43,0
0,982,539,539,7953.32,0
0,982,540,540,14921.3,0
0,982,541,541,6950.7,0
0,982,542,542,17711.7,0
0,982,543,543,30393.7,0
0,982,544,544,8625.72,0
0,982,545,545,15379.8,0
0,982,546,546,4201.06,0
0,982,547,547,5260.08,0
0,982,548,548,10774.2,0
0,982,549,549,6454.76,0
0,982,550,550,51667.2,0
0,982,551,551,3420.65,0
0,982,552,552,6101.34,0
0,982,553,553,9924.38,0
0,982,554,554,25391.2,0
0,982,555,555,3798.72,0
0,982,556,556,51456.5,0
0,982,557,557,10009.4,0
0,982,558,558,17521.5,0
0,982,559,559,23903.6,0
0,982,560,560,18663.2,0
0,982,561,561,4259.1,0
0,982,562,562,3564.66,0
0,982,563,563,24426,0
0,982,564,564,13432.8,0
0,982,565,565,10754,0
0,982,566,566,69168.9,0
0,982,567,567,13213.9,0
0,982,568,568,13135.8,0
0,982,569,569,23801,0
0,982,570,570,8443.91,0
0,982,571,571,3809.03,0
0,982,572,572,5250.8,0
0,982,573,573,134699,0
0,982,574,574,4560.17,0
0,982,575,575,8392.71,0
0,982,576,576,37986.4,0
0,982,577,577,4156.19,0
0,982,578,578,2803.54,0
0,982,579,579,8426.64,0
0,982,580,580,10358.7,0
0,982,581,581,6540.57,0
0,982,582,582,4645.6,0
0,982,583,583,5268.04,0
0,982,584,584,10753.8,0
0,982,585,585,5551.14,0
0,982,586,586,13273,0
0,982,587,587,4318.01,0
0,982,588,588,2805.85,0
0,982,589,589,7187.25,0
0,982,590,590,3887.46,0
0,982,591,591,7695.08,0
0,982,592,592,7332.02,0
0,982,593,593,3662.16,0
0,982,594,594,25492.5,0
0,982,595,595,5954.21,0
0,982,596,596,3565.37,0
0,982,597,597,35146.8,0
0,982,598,598,25502.4,0
0,982,599,599,4537.13,0
0,982,600,600,8400.38,0
0,982,601,601,50733.5,0
0,982,602,602,19898.1,0
0,982,603,603,5045.34,0
0,982,604,604,21123.3,0
0,982,605,605,4367.19,0
0,982,606,606,10434.6,0
0,982,607,607,3960.09,0
0,982,608,608,11961.6,0
0,982,609,609,20821,0
0,982,610,610,8548.37,0
0,982,611,611,34873.3,0
0,982,612,612,4855.42,0
0,982,613,613,20422,0
0,982,614,614,8438.19,0
0,982,615,615,18396.1,0
0,982,616,616,7753.85,0
0,982,617,617,9128.94,0
0,982,618,618,26801.5,0
0,982,619,619,35334.5,0
0,982,620,620,57266.5,0
0,982,621,621,6051.77,0
0,982,622,622,54266.6,0
0,982,623,623,8053.97,0
0,982,624,624,4951.66,0
0,982,625,625,4684.34,0
0,982,626,626,24924.7,0
0,982,627,627,8946.13,0
0,982,628,628,14086.2,0
0,982,629,629,2521.7,0
0,982,630,630,24006,0
0,982,631,631,7475.96,0
0,982,632,632,30680.7,0
0,982,633,633,5313.5,0
0,982,634,634,22878.4,0
0,982,635,635,7778.45,0
0,982,636,636,42784.3,0
0,982,637,637,20050.9,0
0,982,638,638,58125.1,0
0,982,639,639,16918.6,0
0,982,640,640,16788.6,0
0,982,641,641,7823.41,0
0,982,642,642,23652.5,0
0,982,643,643,42482.9,0
0,982,644,644,50717,0
0,982,645,645,7234.76,0
0,982,646,646,23737.7,0
0,982,647,647,8310.14,0
0,982,648,648,27819,0
0,982,649,649,5520.47,0
0,982,650,650,9179.05,0
0,982,651,651,24784.3,0
0,982,652,652,3533.2,0
0,982,653,653,18318.9,0
0,982,654,654,74812.9,0
0,982,655,655,6725.08,0
0,982,656,656,4527.6,0
0,982,657,657,40317.7,0
0,982,658,658,14744.2,0
0,982,659,659,27680.9,0
0,982,660,660,23653.8,0
0,982,661,661,28779,0
0,982,662,662,9666.52,0
0,982,663,663,28769.2,0
0,982,664,664,5027.35,0
0,982,665,665,22639.2,0
0,982,666,666,6039.77,0
0,982,667,667,8294.26,0
0,982,668,668,9908.28,0
0,982,669,669,38149.9,0
0,982,670,670,26974.2,0
0,982,671,671,6023.35,0
0,982,672,672,39929.2,0
0,982,673,673,10135.9,0
0,982,674,674,25405.8,0
0,982,675,675,34233.3,0
0,982,676,676,4068.18,0
0,982,677,677,7181.28,0
0,982,679,679,25756.5,0
0,982,680,680,17866.9,0
0,982,681,681,42100.6,0
0,982,682,682,39918.1,0
0,982,683,683,13650.6,0
0,982,684,684,2889.91,0
0,982,685,685,98185.3,0
0,982,686,686,3207.26,0
0,982,687,687,9180.25,0
0,982,688,688,3885.58,0
0,982,689,689,12458.8,0
0,982,690,690,43438.2,0
0,982,691,691,9811.34,0
0,982,692,692,21681.7,0
0,982,693,693,6030.75,0
0,982,694,694,21134.6,0
0,982,695,695,9164.9,0
0,982,696,696,13761.9,0
0,982,697,697,22386.1,0
0,982,698,698,8639.84,0
0,982,699,699,5011.27,0
0,982,700,700,3965.6,0
0,982,703,703,15736.5,0
0,982,704,704,32620.4,0
0,982,705,705,10138.7,0
0,982,706,706,10643.5,0
0,982,707,707,5382.7,0
0,982,708,708,5106.1,0
0,982,709,709,33942,0
0,982,710,710,45443.6,0
0,982,711,711,11966.8,0
0,982,712,712,13333.5,0
0,982,713,713,4552.5,0
0,982,714,714,28220.4,0
0,982,715,715,6084.44,0
0,982,716,716,3840.75,0
0,982,717,717,24857.8,0
0,982,718,718,11995.9,0
0,982,719,719,5567.19,0
0,982,720,720,51159.4,0
0,982,721,721,49102.4,0
0,982,722,722,2557.81,0
0,982,723,723,8766.81,0
0,982,725,725,7770.14,0
0,982,726,726,24738,0
0,982,727,727,7184.92,0
0,982,728,728,34552.1,0
0,982,729,729,20916.3,0
0,982,730,730,8303.11,0
0,982,731,731,18965.3,0
0,982,732,732,4515.07,0
0,982,733,733,5607.8,0
0,982,734,734,21597.5,0
0,982,735,735,9714.58,0
0,982,736,736,27483,0
0,982,737,737,15818,0
0,982,738,738,4127.88,0
0,982,739,739,7258.23,0
0,982,740,740,4851.32,0
0,982,742,742,10040.5,0
0,982,743,743,16942.6,0
0,982,744,744,18746.4,0
0,982,745,745,6085.89,0
0,982,746,746,20883.7,0
0,982,747,747,65557.3,0
0,982,748,748,4378.58,0
0,982,749,749,13702.7,0
0,982,750,750,8268.23,0
0,982,751,751,13409.2,0
0,982,752,752,19521.3,0
0,982,753,753,8588.06,0
0,982,754,754,27429,0
0,982,755,755,47943.9,0
0,982,756,756,11113.3,0
0,982,757,757,2981.15,0
0,982,758,758,6121.92,0
0,982,759,759,6312.63,0
0,982,760,760,5490.37,0
0,982,761,761,3948.36,0
0,982,762,762,6394.57,0
0,982,763,763,4382.32,0
0,982,764,764,5444.44,0
0,982,765,765,7528.9,0
0,982,766,766,9598.64,0
0,982,767,767,31066.9,0
0,982,768,768,33980.5,0
0,982,769,769,5099.47,0
0,982,770,770,14796.2,0
0,982,771,771,21988,0
0,982,772,772,14374.1,0
0,982,773,773,108838,0
0,982,774,774,8922.43,0
0,982,775,775,8251.69,0
0,982,776,776,3824.51,0
0,982,777,777,16801.9,0
0,982,778,778,12529.9,0
0,982,779,779,17937.1,0
0,982,780,780,34493,0
0,982,781,781,4633.59,0
0,982,782,782,2090.72,0
0,982,783,783,34355.2,0
0,982,784,784,12864,0
0,982,785,785,30033,0
0,982,786,786,2650.7,0
0,982,787,787,50697.9,0
0,982,788,788,6274.95,0
0,982,789,789,7360.61,0
0,982,790,790,1663.79,0
0,982,791,791,10804.3,0
0,982,792,792,5652.78,0
0,982,793,793,3993.86,0
0,982,794,794,41271.7,0
0,982,795,795,11009.3,0
0,982,796,796,16750.1,0
0,982,797,797,15860.4,0
0,982,798,798,11951.2,0
0,982,799,799,12764.8,0
0,982,800,800,7005.72,0
0,982,801,801,6763.81,0
0,982,802,802,46273.5,0
0,982,803,803,7433.77,0
0,982,804,804,15685.1,0
0,982,805,805,16849.2,0
0,982,806,806,3639.66,0
0,982,807,807,10938,0
0,982,808,808,31996.7,0
0,982,809,809,6282.37,0
0,982,810,810,8839.45,0
0,982,811,811,2638.55,0
0,982,812,812,15143.8,0
0,982,813,813,5843.09,0
0,982,814,814,179049,0
0,982,815,815,4559.33,0
0,982,816,816,2103.12,0
0,982,817,817,4662.55,0
0,982,818,818,32173.9,0
0,982,819,819,5373.18,0
0,982,820,820,10624.6,0
0,982,821,821,33921.3,0
0,982,822,822,58497.5,0
0,982,823,823,8988.84,0
0,982,824,824,47204,0
0,982,825,825,14492.3,0
0,982,826,826,4037.79,0
0,982,827,827,12561.9,0
0,982,828,828,19086.8,0
0,982,829,829,50743,0
0,982,831,831,3272.06,0
0,982,832,832,4218.62,0
0,982,833,833,6227.45,0
0,982,834,834,10211.1,0
0,982,835,835,5843.82,0
0,982,836,836,2398.22,0
0,982,837,837,6560.43,0
0,982,838,838,8993.71,0
0,982,839,839,14214.1,0
0,982,840,840,5364.48,0
0,982,841,841,18717.5,0
0,982,842,842,14051.4,0
0,982,843,843,4591.52,0
0,982,844,844,6705.36,0
0,982,845,845,8095.26,0
0,982,846,846,12042.3,0
0,982,847,847,13399.2,0
0,982,848,848,7043.35,0
0,982,849,849,6210.99,0
0,982,850,850,7889.46,0
0,982,851,851,4025.29,0
0,982,852,852,25230.9,0
0,982,853,853,7014.61,0
0,982,854,854,16061,0
0,982,855,855,9267.21,0
0,982,856,856,32392.5,0
0,982,857,857,28850.9,0
0,982,858,858,17403.8,0
0,982,859,859,10511.1,0
0,982,860,860,46474.1,0
0,982,861,861,8055.89,0
0,982,862,862,22314.4,0
0,982,863,863,44636.4,0
0,982,864,864,10069.9,0
0,982,865,865,7741.54,0
0,982,866,866,15320.5,0
0,982,867,867,9536.29,0
0,982,868,868,19553.9,0
0,982,869,869,8275.64,0
0,982,870,870,27420.1,0
0,982,871,871,23148.2,0
0,982,872,872,11766,0
0,982,873,873,37999,0
0,982,874,874,6098.58,0
0,982,875,875,16218.9,0
0,982,876,876,31521.8,0
0,982,877,877,11229.8,0
0,982,878,878,5203.02,0
0,982,879,879,10347.9,0
0,982,880,880,33334,0
0,982,881,881,4673.21,0
0,982,882,882,5391.56,0
0,982,883,883,2847.41,0
0,982,884,884,53421.5,0
0,982,885,885,11954.5,0
0,982,886,886,32740.3,0
0,982,887,887,2239.71,0
0,982,888,888,7254.16,0
0,982,889,889,5451.08,0
0,982,890,890,7266.3,0
0,982,891,891,18102.1,0
0,982,892,892,4225.2,0
0,982,893,893,9468.29,0
0,982,894,894,48571.7,0
0,982,895,895,8074.52,0
0,982,896,896,103989,0
0,982,897,897,8940.81,0
0,982,898,898,4050.02,0
0,982,899,899,19316,0
0,982,900,900,3331.51,0
0,982,901,901,9228.36,0
0,982,902,902,16472.4,0
0,982,903,903,4391.52,0
0,982,904,904,36038.8,0
0,982,905,905,18053.8,0
0,982,906,906,32870.6,0
0,982,907,907,4637.28,0
0,982,908,908,8145.84,0
0,982,909,909,12836.6,0
0,982,910,910,19463,0
0,982,911,911,7205.58,0
0,982,912,912,5300.42,0
0,982,913,913,14052.4,0
0,982,914,914,13835.9,0
0,982,915,915,23251.2,0
0,982,916,916,11521.3,0
0,982,917,917,9710.78,0
0,982,918,918,13849.6,0
0,982,919,919,36546,0
0,982,920,920,4328.73,0
0,982,921,921,18504.1,0
0,982,922,922,10831,0
0,982,923,923,23956.2,0
0,982,924,924,3332.67,0
0,982,925,925,18158.6,0
0,982,926,926,7619.21,0
0,982,927,927,10105.8,0
0,982,928,928,3579.26,0
0,982,929,929,4025.23,0
0,982,930,930,26747.6,0
0,982,931,931,11688.4,0
0,982,932,932,46904.6,0
0,982,933,933,4365.07,0
0,982,934,934,61645.2,0
0,982,935,935,23121,0
0,982,936,936,7175.13,0
0,982,937,937,2152.31,0
0,982,938,938,17302.7,0
0,982,939,939,8465.19,0
0,982,940,940,3680.02,0
0,982,941,941,12431.9,0
0,982,942,942,11177.9,0
0,982,943,943,16903.5,0
0,982,944,944,7328.31,0
0,982,945,945,11296,0
0,982,946,946,10691.7,0
0,982,947,947,2953.88,0
0,982,948,948,30017.9,0
0,982,949,949,41850.1,0
0,982,950,950,53114.2,0
0,982,951,951,4525.18,0
0,982,952,952,24075,0
0,982,953,953,9927.97,0
0,982,954,954,5515.21,0
0,982,955,955,13686.6,0
0,982,956,956,4533.66,0
0,982,957,957,4035.7,0
0,982,958,958,17155.2,0
0,982,959,959,18453.2,0
0,982,960,960,31698.4,0
0,982,961,961,7543.99,0
0,982,962,962,5829.75,0
0,982,963,963,3656.58,0
0,982,964,964,12196.3,0
0,982,965,965,11625.3,0
0,982,966,966,9388.74,0
0,982,967,967,8685.39,0
0,982,968,968,8840.36,0
0,982,969,969,7148.33,0
0,982,970,970,13772.4,0
0,982,971,971,15352.3,0
0,982,972,972,7381.44,0
0,982,973,973,3492.1,0
0,982,974,974,12594,0
0,982,975,975,3126.49,0
0,982,976,976,42007.1,0
0,982,977,977,13723.4,0
0,982,978,978,31747.6,0
0,982,979,979,67957.3,0
0,982,980,980,13522.6,0
0,982,981,981,21426.9,0
0,982,982,982,10770.5,0
0,982,983,983,14952.6,0
0,982,984,984,8230.08,0
0,982,985,985,4671.64,0
0,982,986,986,27723.8,0
0,982,987,987,106384,0
0,982,988,988,21458.2,0
0,982,989,989,10158.9,0
0,982,990,990,13654.9,0
0,982,991,991,9750.51,0
0,982,992,992,9041.67,0
0,982,993,993,43729,0
0,982,994,994,20185.3,0
0,982,995,995,22069.8,0
0,982,996,996,34663.5,0
0,982,997,997,10061.7,0
0,982,998,998,43258.3,0
0,982,999,999,3503.77,0
